1990,2005,2010,2015,2020,2025,2030,2035,2040,2045,2050,2055,2060,2065,2070,2075,2080,2085,2090,2095,2100,SSP,Version,GCAM,sector,subsector,technology,output,concentration,input,product,LandLeaf,Units
222.59240590000002,275.95247080000007,359.1564695,458.99091819999995,512.0120338999999,557.9236481,601.1828308000003,632.0248558000001,657.3617537999999,676.4325984999999,689.0212172,682.977386,672.4802258000001,658.7743807000003,642.0614212,624.9163092,607.6761787,590.1987915999999,572.2374733000001,553.4383574,533.6196579000001,SSP1,old_pyrolysis baseline,Global,Beef,Mixed,FeedCrops,missing,missing,FeedCrops,missing,missing,Mt
291.65935999999994,326.3864707000002,358.46552969999993,432.56505549999986,460.8719715,486.2251164,509.80619430000013,529.5060412999999,545.3012583,554.5220261000001,557.1161897,553.3827295,545.6306164999999,536.1505114,525.3256183999999,512.2985990000001,495.87060650000006,477.1091999000001,456.1494315,433.9642121,411.15305270000005,SSP1,old_pyrolysis baseline,Global,Beef,Mixed,FodderHerb_Residue,missing,missing,FodderHerb_Residue,missing,missing,Mt
656.8792020000001,700.2791924,783.0857613000003,916.1109133999998,971.9887709000001,1018.7461625000001,1058.7300002000002,1092.6217390000002,1120.6863045000002,1138.6841130000003,1144.396579,1132.723955,1112.963058,1093.3445519999996,1072.4046142000002,1053.4082612000002,1031.8232130000001,1004.3731819999999,971.5449988999999,935.8065474999997,899.5628174000001,SSP1,old_pyrolysis baseline,Global,Beef,Mixed,Pasture_FodderGrass,missing,missing,Pasture_FodderGrass,missing,missing,Mt
101.952867,125.28804651999995,145.51305327000003,165.50650217999998,163.56172751999998,154.55877906,140.67127616999997,124.91139746999998,103.39638169,86.47745312,76.64583149999999,76.73500126,81.71527317,84.79888351000001,86.93911072999998,84.35598948000002,78.66252864,74.41777684000002,73.38568177,74.64366792999999,74.82262903999998,SSP1,old_pyrolysis baseline,Global,Beef,Mixed,Scavenging_Other,missing,missing,Scavenging_Other,missing,missing,Mt
0.9530252,1.319342,1.9322190000000001,2.2758598,2.7065680000000003,3.1641030000000003,3.610806,4.022953,4.356066,4.6068370000000005,4.78392,4.802239,4.711124,4.528878,4.3005,4.078506,3.878028,3.685476,3.486989,3.2872149999999998,3.042015,SSP1,old_pyrolysis baseline,Global,Beef,Pastoral,FeedCrops,missing,missing,FeedCrops,missing,missing,Mt
6.517068999999999,0.715026,0.915376,1.174927,1.316676,1.453581,1.584587,1.6948649999999998,1.769766,1.79576,1.784386,1.757355,1.713209,1.65051,1.5786479999999998,1.489487,1.3903649999999999,1.296443,1.2087569999999999,1.125368,1.044947,SSP1,old_pyrolysis baseline,Global,Beef,Pastoral,FodderHerb_Residue,missing,missing,FodderHerb_Residue,missing,missing,Mt
916.154609,988.5627330000001,982.3137089999999,1017.9179603000001,1101.2877710999999,1174.4040548000003,1226.2310990999997,1262.1069790000004,1277.590557,1273.2974929999998,1252.6121709999998,1231.0192760000002,1200.64301,1162.0054209999998,1119.172827,1071.489213,1023.6852600000001,975.6280170000005,926.89466,876.9567910000001,825.3331579999999,SSP1,old_pyrolysis baseline,Global,Beef,Pastoral,Pasture_FodderGrass,missing,missing,Pasture_FodderGrass,missing,missing,Mt
161.0230118,162.32005767000007,158.55320606000004,151.65737716000004,154.28876350999994,152.81391875000003,147.72659665,139.62459277000002,126.09674847,113.47870934000001,104.08207879000001,102.30781521,103.24485042,101.7240552,99.15380139000001,93.14412139000001,85.65911326000001,79.57735235999998,75.80988662000001,73.59816647000001,70.81340054999998,SSP1,old_pyrolysis baseline,Global,Beef,Pastoral,Scavenging_Other,missing,missing,Scavenging_Other,missing,missing,Mt
165.15966629999997,197.66807500000002,238.20936800000004,287.1064759999999,313.13175899999993,334.91788999999994,353.2439809999999,363.10665099999994,354.01931300000007,340.285564,333.3418357,331.1489043,336.8151944999999,339.9507336000002,340.3755892,333.4144413,319.2275712000001,303.70781860000005,290.29016580000007,278.3281655,268.4257653,SSP1,old_pyrolysis baseline,Global,Dairy,Mixed,FeedCrops,missing,missing,FeedCrops,missing,missing,Mt
275.46088000000003,311.2844079999999,341.3102029,372.59474149999994,403.37828330000013,425.697679,438.20276299999995,440.50164739999997,430.15100449999994,422.02444940000004,415.03841380000006,412.10887230000003,410.9524688000001,406.42735039999997,399.65587510000006,387.1791757,369.11431120000003,350.15727519999996,332.3118584,315.1601513,297.9102500000001,SSP1,old_pyrolysis baseline,Global,Dairy,Mixed,FodderHerb_Residue,missing,missing,FodderHerb_Residue,missing,missing,Mt
255.11370499999998,267.467835,297.62250299999994,321.2608600000001,339.5565100000001,355.324874,367.7472209999999,377.5499819999999,377.81855700000006,375.378237,372.29830650000014,364.95150900000004,359.56416139999993,357.2095935999999,353.87468599999994,348.9013018999999,337.5829505,321.8287792,305.0074227,289.2274633,275.5655391,SSP1,old_pyrolysis baseline,Global,Dairy,Mixed,Pasture_FodderGrass,missing,missing,Pasture_FodderGrass,missing,missing,Mt
68.40795229999999,97.78534289999999,114.22267989999999,130.6647639,130.1732531,143.12860930000002,167.56129260000003,200.7583088,251.58621839999998,297.1073100999999,326.98186209999994,326.15318577,310.9975018400001,303.69554592000003,299.9292563200001,309.37892719,326.12144188,338.2577140900001,341.69849879000003,339.73535074000006,340.85867341999983,SSP1,old_pyrolysis baseline,Global,Dairy,Mixed,Scavenging_Other,missing,missing,Scavenging_Other,missing,missing,Mt
0.33334385,0.6706766,0.7898278999999999,0.6565201,0.7715174,0.8813875999999999,0.9790443,1.041064,0.9559008000000001,0.7794848,0.6399024999999999,0.6038672,0.5887392,0.5523959,0.5067844,0.4428451,0.36844309999999997,0.3135378,0.280393,0.26599459999999997,0.2176204,SSP1,old_pyrolysis baseline,Global,Dairy,Pastoral,FeedCrops,missing,missing,FeedCrops,missing,missing,Mt
2.305088,0.3081164,0.3387304,0.3232191,0.3613631,0.3952296,0.4259921,0.4418135,0.39988080000000004,0.3223566,0.2623209,0.2472891,0.24299759999999998,0.2308438,0.2152559,0.18988139999999998,0.158721,0.1357466,0.12204029999999999,0.1159333,0.0970413,SSP1,old_pyrolysis baseline,Global,Dairy,Pastoral,FodderHerb_Residue,missing,missing,FodderHerb_Residue,missing,missing,Mt
165.60706120000006,196.00925709999999,202.4345645,199.6058511,219.58176819999997,232.30807969999995,237.0593166,234.4127029,216.23695800000002,190.46065079999997,171.84308960000007,169.46096820000005,173.19088602000005,169.99663298999997,164.38612584,151.63046563,137.76437388999997,127.15181876000003,120.35214515999999,115.25941152999997,108.1134033,SSP1,old_pyrolysis baseline,Global,Dairy,Pastoral,Pasture_FodderGrass,missing,missing,Pasture_FodderGrass,missing,missing,Mt
11.357494299999999,13.7842333,14.2556023,14.144704900000004,17.332652500000002,18.094272,16.371046500000002,13.742171300000003,10.71386054,8.647382279999999,7.37194128,7.138689519999998,7.31462376,7.172783820000001,6.898865509999999,6.239420909999999,5.48130795,4.915609940000002,4.57762477,4.35514211,4.05075863,SSP1,old_pyrolysis baseline,Global,Dairy,Pastoral,Scavenging_Other,missing,missing,Scavenging_Other,missing,missing,Mt
305.70222680999996,317.88925456000004,378.77631349,440.1606326399999,478.36343867999994,508.07516152999995,529.56958874,541.99411059,547.5626984799999,547.92157728,544.8582266200001,537.9873366999999,529.6284021999999,518.36359563,505.47106860999986,491.24506629000007,476.35650804999995,460.60495541,443.99235304,426.23700233000005,407.09551372000004,SSP1,old_pyrolysis baseline,Global,Pork,Mixed,FeedCrops,missing,missing,FeedCrops,missing,missing,Mt
203.98558060000002,254.75335700000005,260.22217246,269.2891042600001,291.04916965999996,306.72783361,314.58628659,316.96225045999995,314.4392786799999,308.1537257399999,298.96492742,288.55371475000004,276.58380625,264.36029285,251.77013844000007,239.09635887999997,225.86344511999997,212.10068691,198.07042782000005,184.0131599,170.06217356,SSP1,old_pyrolysis baseline,Global,Pork,Mixed,FodderHerb_Residue,missing,missing,FodderHerb_Residue,missing,missing,Mt
309.442456,463.6307800000001,593.7521250000001,725.8256139999997,791.922071,845.4942309999999,884.7716489999998,908.488933,918.7350279999999,919.2928859999998,913.1407379999999,900.4299249999999,885.3185200000003,866.2778500000003,844.76888,820.6276899999999,794.3630400000001,765.93465,735.9073999999999,704.3675400000001,671.00425,SSP1,old_pyrolysis baseline,Global,Poultry,Mixed,FeedCrops,missing,missing,FeedCrops,missing,missing,Mt
108.69021659999999,128.04949460000003,134.1663386,154.1811092,165.89810979999996,175.71375059999997,182.97898819999995,188.94995830000002,192.36532960000002,192.47463510000003,190.26752139999996,185.92241009999995,179.88362840000002,173.77872810000005,167.21857470000006,160.62637630000003,153.24960139999996,145.21101490000004,136.7369816,128.0629851,119.46671370000001,SSP1,old_pyrolysis baseline,Global,Poultry,Mixed,FodderHerb_Residue,missing,missing,FodderHerb_Residue,missing,missing,Mt
11.833270444,11.68195011,15.453199729999998,20.416159115000003,22.932085407000002,25.23610059,27.31449929,28.917578419999987,30.126993659999997,30.962765189999995,31.457121289999996,31.394694140000002,31.10557137,30.61284536,29.9588753,29.212110180000003,28.375077159999996,27.438437209999996,26.406734939999996,25.28902522,24.094899670000007,SSP1,old_pyrolysis baseline,Global,SheepGoat,Mixed,FeedCrops,missing,missing,FeedCrops,missing,missing,Mt
11.2948671504,10.524780461,11.838597433999997,13.735982083999998,15.240098482,16.655385619999997,17.928845797000005,19.000849219999996,19.835749349,20.374986609999997,20.630103109000004,20.642116872,20.464759835,20.140030942000003,19.689597517,19.116494974000002,18.430912484,17.659281357000005,16.824579515999996,15.949211659999996,15.038247327,SSP1,old_pyrolysis baseline,Global,SheepGoat,Mixed,FodderHerb_Residue,missing,missing,FodderHerb_Residue,missing,missing,Mt
112.35848904000002,103.2168925,120.67299199999998,134.6326423,146.8802777,157.02045370000002,164.8934809,170.2667068,173.28567670000004,174.02263680000007,172.80104140000003,169.65865840000004,165.44289809999995,160.57513170000001,155.25407180000005,149.65567829999998,143.77845589999998,137.5948507,131.1834463,124.62674809999999,117.94979910000004,SSP1,old_pyrolysis baseline,Global,SheepGoat,Mixed,Pasture_FodderGrass,missing,missing,Pasture_FodderGrass,missing,missing,Mt
15.016649258000001,15.631297875999998,17.78729783,19.067011186,21.559285559000003,23.764810552,25.415198576,26.457784458,26.752247723000004,26.470145224000003,25.829378808,25.144292591000003,24.343595106000002,23.342598491000004,22.231363384999998,20.986695343,19.671340733,18.375838541,17.138077323,15.942429663999999,14.754959913,SSP1,old_pyrolysis baseline,Global,SheepGoat,Mixed,Scavenging_Other,missing,missing,Scavenging_Other,missing,missing,Mt
0.0,0.0,0.0,0.0,0.0,0.0,0.0,0.0,0.0,0.0,0.0,0.0,0.0,0.0,0.0,0.0,0.0,0.0,0.0,0.0,0.0,SSP1,old_pyrolysis baseline,Global,SheepGoat,Pastoral,FeedCrops,missing,missing,FeedCrops,missing,missing,Mt
91.32492571999998,133.17968420000005,126.83193000000003,120.47250980000001,132.00791800000002,140.7338112,146.07593020000002,148.61952259999995,148.72704109999998,146.970544,143.73416779999997,139.53477579999998,134.59581009999997,129.2925655,123.7488826,118.17211449999998,112.4225531,106.49465579999999,100.4907745,94.4417157,88.36448439999998,SSP1,old_pyrolysis baseline,Global,SheepGoat,Pastoral,Pasture_FodderGrass,missing,missing,Pasture_FodderGrass,missing,missing,Mt
8.645149895,11.029894749999997,10.58212829,10.007051749999999,11.180526480000001,12.108929660000001,12.69585021,12.989132550000004,12.925190879999999,12.640954000000002,12.25375987,11.929793250000001,11.602234290000002,11.189088680000003,10.728333790000004,10.19542416,9.61656157,9.048826160000003,8.51744274,8.00439558,7.48070475,SSP1,old_pyrolysis baseline,Global,SheepGoat,Pastoral,Scavenging_Other,missing,missing,Scavenging_Other,missing,missing,Mt
222.59240590000002,275.95247080000007,359.1564695,458.99091819999995,519.0601073,577.5216730000002,643.0206986000001,708.8592146999998,779.450128,853.2945812000002,930.5767490999999,994.1830901999999,1056.8205514,1116.1096701000004,1169.5859650999998,1217.0785979,1258.3932545000002,1294.1791869999995,1325.2651790000004,1350.2803229999997,1371.2432560000004,SSP2,old_pyrolysis baseline,Global,Beef,Mixed,FeedCrops,missing,missing,FeedCrops,missing,missing,Mt
291.65935999999994,326.3864707000002,358.46552969999993,432.56505549999986,470.2953376,508.2358854000001,548.1990924,588.8740455999999,631.6544894999998,674.8328631,716.9226302,756.8072088,795.735928,833.5242838,869.2032918000002,901.9830193999999,930.6122862000001,954.3100432999998,973.4457432,988.4613458000001,999.1135426999997,SSP2,old_pyrolysis baseline,Global,Beef,Mixed,FodderHerb_Residue,missing,missing,FodderHerb_Residue,missing,missing,Mt
656.8792020000001,700.2791924,783.0857613000003,916.1109133999998,995.2478997999999,1068.9045749,1141.4792472,1213.849063,1289.1156125000002,1361.9332279000002,1429.7307149999997,1485.3961379999996,1536.437135,1586.5103920000004,1633.1396869999996,1677.7634630000002,1716.1056230000002,1746.1314519999996,1769.0176099999999,1786.8962540000005,1800.4763660000003,SSP2,old_pyrolysis baseline,Global,Beef,Mixed,Pasture_FodderGrass,missing,missing,Pasture_FodderGrass,missing,missing,Mt
101.952867,125.28804651999995,145.51305327000003,165.50650217999998,159.21252039,143.31058693999998,128.50406377,118.10184699,110.78257813,106.78604778,105.32825044000002,107.41443508,110.24322856,112.03432277999998,113.17590539999996,113.2796888,112.70659749999999,112.13442170000002,111.5592294,110.92828589999999,110.22791920000003,SSP2,old_pyrolysis baseline,Global,Beef,Mixed,Scavenging_Other,missing,missing,Scavenging_Other,missing,missing,Mt
0.9530252,1.319342,1.9322190000000001,2.2758598,2.887661,3.54109,4.2714870000000005,5.06791,5.964488,6.953119,8.035969999999999,9.05688,10.058665,10.973236,11.721705,12.302115,12.754824,13.098825,13.350504,13.510819999999999,13.646316,SSP2,old_pyrolysis baseline,Global,Beef,Pastoral,FeedCrops,missing,missing,FeedCrops,missing,missing,Mt
6.517068999999999,0.715026,0.915376,1.174927,1.401598,1.627387,1.8725,2.128738,2.41532,2.731969,3.077469,3.4521960000000003,3.8328629999999997,4.203110000000001,4.559867000000001,4.887533,5.1921040000000005,5.473408,5.72296,5.935189,6.096566,SSP2,old_pyrolysis baseline,Global,Beef,Pastoral,FodderHerb_Residue,missing,missing,FodderHerb_Residue,missing,missing,Mt
916.154609,988.5627330000001,982.3137089999999,1017.9179603000001,1151.6531576999998,1288.6463360000002,1419.478921,1545.681201,1664.2585970000005,1774.2398159999998,1874.4437159999995,1976.0650620000004,2065.657685,2139.5381129999996,2200.037796,2244.8347150000004,2278.915835999999,2304.230454,2320.9395740000004,2329.209891,2329.0452159999995,SSP2,old_pyrolysis baseline,Global,Beef,Pastoral,Pasture_FodderGrass,missing,missing,Pasture_FodderGrass,missing,missing,Mt
161.0230118,162.32005767000007,158.55320606000004,151.65737716000004,155.37764267999998,156.44008974000002,159.27022478,162.66998472,165.45444598000003,168.97034724000002,173.45359586,182.33435946,191.61798032999997,198.80905439999998,204.58398384999998,207.87250985999998,209.75510217000007,211.6596879,213.3794145,214.56154550000002,215.3149621,SSP2,old_pyrolysis baseline,Global,Beef,Pastoral,Scavenging_Other,missing,missing,Scavenging_Other,missing,missing,Mt
165.15966629999997,197.66807500000002,238.20936800000004,287.1064759999999,318.718783,347.84058199999987,377.00253499999997,403.4253299999999,427.69711400000006,450.43296499999997,474.8648320000001,497.14496899999995,519.9814040000001,539.1709859999999,556.0105990000001,568.560918,578.5656230000001,588.180942,597.244952,604.4018860000002,610.2956369999999,SSP2,old_pyrolysis baseline,Global,Dairy,Mixed,FeedCrops,missing,missing,FeedCrops,missing,missing,Mt
275.46088000000003,311.2844079999999,341.3102029,372.59474149999994,418.82507700000014,462.224019,504.8389209999999,548.4717120000001,594.0411830000002,642.841937,692.208287,743.9526280000001,793.6106070000001,836.8654460000001,874.1583180000001,904.3091759999999,928.040799,946.4567099999997,959.273195,966.5853520000002,969.2966820000003,SSP2,old_pyrolysis baseline,Global,Dairy,Mixed,FodderHerb_Residue,missing,missing,FodderHerb_Residue,missing,missing,Mt
255.11370499999998,267.467835,297.62250299999994,321.2608600000001,347.953199,373.32785600000005,396.71680900000007,419.7596300000001,445.32602600000007,471.1350509999999,492.46317100000005,504.10824499999995,511.499294,520.026745,527.5847560000001,536.8825380000001,544.678946,549.0896670000001,550.590125,550.997275,551.0501390000002,SSP2,old_pyrolysis baseline,Global,Dairy,Mixed,Pasture_FodderGrass,missing,missing,Pasture_FodderGrass,missing,missing,Mt
68.40795229999999,97.78534289999999,114.22267989999999,130.6647639,135.19377960000003,151.16259759999997,170.60762290000002,188.94622420000002,207.09677569999997,219.0931584,223.6419193,211.62936260000004,193.96446949999998,180.5901495,169.26165590000002,164.5701587,163.62969110000003,160.9478657,157.11061689999997,153.41807200000002,150.28612020000003,SSP2,old_pyrolysis baseline,Global,Dairy,Mixed,Scavenging_Other,missing,missing,Scavenging_Other,missing,missing,Mt
0.33334385,0.6706766,0.7898278999999999,0.6565201,0.8259177999999999,1.0024644999999999,1.1964327000000001,1.4028691,1.6146592,1.8246607,2.0606307,2.3481988,2.6625432,2.950275,3.2114700000000003,3.4093581,3.5787033,3.7491904,3.9186278,4.067228,4.1680592,SSP2,old_pyrolysis baseline,Global,Dairy,Pastoral,FeedCrops,missing,missing,FeedCrops,missing,missing,Mt
2.305088,0.3081164,0.3387304,0.3232191,0.3828894,0.4411561,0.5050807,0.5702378,0.6349847,0.6976864,0.7700623,0.8671526,0.9755425,1.0767425,1.1752902,1.2562332,1.3315968,1.4118339,1.4943495,1.5705683,1.6240894,SSP2,old_pyrolysis baseline,Global,Dairy,Pastoral,FodderHerb_Residue,missing,missing,FodderHerb_Residue,missing,missing,Mt
165.60706120000006,196.00925709999999,202.4345645,199.6058511,230.53676240000004,257.336857,281.52452250000005,303.42594010000005,318.681476,330.1083838,346.4326412,375.26590100000004,408.0782655999999,432.8583531,453.6441353,463.35007390000004,469.1454432000001,476.7994933,485.8587346,492.98424300000016,496.5035617999999,SSP2,old_pyrolysis baseline,Global,Dairy,Pastoral,Pasture_FodderGrass,missing,missing,Pasture_FodderGrass,missing,missing,Mt
11.357494299999999,13.7842333,14.2556023,14.144704900000004,19.329987300000003,22.890767700000005,25.159502099999997,27.0428931,28.3610119,30.261967299999995,33.1170056,39.049924400000016,46.514953200000015,53.058659199999994,58.87742470000001,62.03060769999999,63.37148409999999,64.9889791,66.6542548,67.7301044,68.3546123,SSP2,old_pyrolysis baseline,Global,Dairy,Pastoral,Scavenging_Other,missing,missing,Scavenging_Other,missing,missing,Mt
305.70222680999996,317.88925456000004,378.77631349,440.1606326399999,487.01007817999994,525.4257052699999,557.1137183199999,581.60248494,601.3435995399999,617.0751429000001,629.8989599200002,639.1550100299999,646.6395323999998,651.01780413,653.1527367400003,652.6842685700003,650.5106555200001,647.0527012600002,642.6037699300001,637.0018862500001,630.3302972700001,SSP2,old_pyrolysis baseline,Global,Pork,Mixed,FeedCrops,missing,missing,FeedCrops,missing,missing,Mt
203.98558060000002,254.75335700000005,260.22217246,269.2891042600001,301.31359520000007,327.79764784000014,346.56761136000006,359.55887258000007,368.46862020000003,373.9581885000001,375.7350723999999,374.9976833,372.3138775999999,368.78427680000004,364.4206616000001,359.3417754,353.48351040000006,346.78266269999995,339.62947390000005,332.5777878999999,325.7555151999999,SSP2,old_pyrolysis baseline,Global,Pork,Mixed,FodderHerb_Residue,missing,missing,FodderHerb_Residue,missing,missing,Mt
309.442456,463.6307800000001,593.7521250000001,725.8256139999997,812.5992279999998,889.0012479999999,955.276188,1010.4657460000002,1057.7479,1098.5553239999997,1134.7692600000003,1164.5421000000001,1192.2679000000003,1215.60111,1234.8145800000002,1248.17157,1256.14949,1260.0166100000001,1261.0311799999997,1259.5115299999998,1255.89156,SSP2,old_pyrolysis baseline,Global,Poultry,Mixed,FeedCrops,missing,missing,FeedCrops,missing,missing,Mt
108.69021659999999,128.04949460000003,134.1663386,154.1811092,172.14881910000003,189.17008339999998,204.12443770000002,218.1405289,231.0062479,241.83337469999998,250.40496890000006,257.26631530000003,262.25773110000006,266.49215280000004,269.65182470000013,272.186105,273.88474119999995,274.45139340000003,274.05028129999994,273.37005039999997,272.45281650000004,SSP2,old_pyrolysis baseline,Global,Poultry,Mixed,FodderHerb_Residue,missing,missing,FodderHerb_Residue,missing,missing,Mt
11.833270444,11.68195011,15.453199729999998,20.416159115000003,23.48727173,26.550573319999998,29.6651684,32.64323286999999,35.616983450000006,38.55208733,41.456315999999994,44.038194239999996,46.56098171,48.993827120000006,51.29039872000001,53.41096491,55.31300125,56.99138235999999,58.45812254999999,59.695816980000004,60.741659249999984,SSP2,old_pyrolysis baseline,Global,SheepGoat,Mixed,FeedCrops,missing,missing,FeedCrops,missing,missing,Mt
11.2948671504,10.524780461,11.838597433999997,13.735982083999998,15.732325367,17.766778404999997,19.779014228,21.732757536999994,23.679218956000007,25.579766403000004,27.411919884,29.174141097999996,30.883760108000004,32.511247105,34.020557204999996,35.37652301499999,36.58034068400001,37.63085898100001,38.532725043000006,39.29050552699999,39.88618435999999,SSP2,old_pyrolysis baseline,Global,SheepGoat,Mixed,FodderHerb_Residue,missing,missing,FodderHerb_Residue,missing,missing,Mt
112.35848904000002,103.2168925,120.67299199999998,134.6326423,152.58189549999997,169.85394639999996,186.7448076999999,203.06675769999998,219.49538140000004,235.80055679999995,251.9162941,267.04955209999997,281.6128157,295.474229,308.4077376000001,320.2047916,330.6699656999999,339.70075819999994,347.3882579000001,353.85201079999996,359.1179121000001,SSP2,old_pyrolysis baseline,Global,SheepGoat,Mixed,Pasture_FodderGrass,missing,missing,Pasture_FodderGrass,missing,missing,Mt
15.016649258000001,15.631297875999998,17.78729783,19.067011186,22.998734318,27.054031713,31.019268991,34.908902768999994,38.849913997,42.861119286,46.902037246999996,51.11763541999999,55.33134292,59.396324239999984,63.26327314,66.81064839,70.00870839000001,72.87832166999999,75.39520830999997,77.53731350000001,79.29517515,SSP2,old_pyrolysis baseline,Global,SheepGoat,Mixed,Scavenging_Other,missing,missing,Scavenging_Other,missing,missing,Mt
0.0,0.0,0.0,0.0,0.0,0.0,0.0,0.0,0.0,0.0,0.0,0.0,0.0,0.0,0.0,0.0,0.0,0.0,0.0,0.0,0.0,SSP2,old_pyrolysis baseline,Global,SheepGoat,Pastoral,FeedCrops,missing,missing,FeedCrops,missing,missing,Mt
91.32492571999998,133.17968420000005,126.83193000000003,120.47250980000001,137.24337479999997,152.0786945,164.83432569999997,175.95726349999998,186.4315045,196.4124832,205.58054009999998,214.0567058,221.9595543,229.37702379999993,236.18373230000003,242.31562480000002,247.59103499999995,251.8848318,255.30138389999996,258.0039603,260.03292059999995,SSP2,old_pyrolysis baseline,Global,SheepGoat,Pastoral,Pasture_FodderGrass,missing,missing,Pasture_FodderGrass,missing,missing,Mt
8.645149895,11.029894749999997,10.58212829,10.007051749999999,11.740870279999998,13.33404385,14.76319765,16.09485472,17.434832869999997,18.843468469999994,20.292263470000005,21.872045519999997,23.508378959999995,25.138609380000002,26.741327329999997,28.254299330000006,29.656489930000003,30.9446187,32.094837600000005,33.092100620000004,33.92571766,SSP2,old_pyrolysis baseline,Global,SheepGoat,Pastoral,Scavenging_Other,missing,missing,Scavenging_Other,missing,missing,Mt
222.59240590000002,275.95247080000007,359.1564695,458.99091819999995,508.64885669999995,553.3282178,600.4509338999999,644.5030287000002,689.5760089,735.7679372000002,784.4139995000002,827.5902279000003,872.5786754,917.3195171999997,962.0015305000001,1007.3438084000001,1054.8531209000002,1106.437809,1163.474858,1223.7306259999998,1282.7532109999997,SSP3,old_pyrolysis baseline,Global,Beef,Mixed,FeedCrops,missing,missing,FeedCrops,missing,missing,Mt
291.65935999999994,326.3864707000002,358.46552969999993,432.56505549999986,470.6447717,506.86830060000005,542.8449671999999,577.5337185,613.9811673,651.9582518999999,690.8716069999999,729.5076581999999,769.2574667999999,810.9650412999999,854.5758395999999,899.8781438000001,945.9685016000002,992.4535997999997,1039.4975353,1087.2255604000002,1135.9892906,SSP3,old_pyrolysis baseline,Global,Beef,Mixed,FodderHerb_Residue,missing,missing,FodderHerb_Residue,missing,missing,Mt
656.8792020000001,700.2791924,783.0857613000003,916.1109133999998,993.8860681,1059.9309687,1119.4854458,1174.1432215,1229.9098123,1284.8630458999996,1336.5067745,1379.3162859999995,1419.893427,1463.4353330000006,1508.8468890000004,1558.3610430000006,1607.6874889999997,1654.7262489999996,1700.1189980000001,1745.3679510000006,1791.4511120000002,SSP3,old_pyrolysis baseline,Global,Beef,Mixed,Pasture_FodderGrass,missing,missing,Pasture_FodderGrass,missing,missing,Mt
101.952867,125.28804651999995,145.51305327000003,165.50650217999998,158.68517302999996,143.80333595000002,131.78497787999999,124.80951149,119.31223921000002,115.60003311000001,114.06599826000001,115.65797484999997,117.92907554000001,119.40782274999997,120.41813379999998,121.07367080000002,121.57915899999999,121.9896478,122.45494239999998,122.9787773,123.52573269999999,SSP3,old_pyrolysis baseline,Global,Beef,Mixed,Scavenging_Other,missing,missing,Scavenging_Other,missing,missing,Mt
0.9530252,1.319342,1.9322190000000001,2.2758598,2.832122,3.3936830000000002,3.975577,4.531119,5.097749,5.675057000000001,6.259493,6.797701,7.303064,7.737541,8.116078,8.434126000000001,8.700973000000001,8.930007000000002,9.129405,9.300828,9.411143000000001,SSP3,old_pyrolysis baseline,Global,Beef,Pastoral,FeedCrops,missing,missing,FeedCrops,missing,missing,Mt
6.517068999999999,0.715026,0.915376,1.174927,1.408367,1.634361,1.867438,2.0879689999999997,2.314946,2.554939,2.815632,3.09859,3.386996,3.667593,3.939112,4.190206,4.426966,4.650745000000001,4.855102,5.034553,5.179763,SSP3,old_pyrolysis baseline,Global,Beef,Pastoral,FodderHerb_Residue,missing,missing,FodderHerb_Residue,missing,missing,Mt
916.154609,988.5627330000001,982.3137089999999,1017.9179603000001,1159.0163363000001,1295.533416,1417.9322459999999,1523.5702560000004,1619.1987230000002,1703.236291,1776.069109,1846.9853049999997,1909.8358309999994,1963.902911,2011.6556000000003,2052.005056,2088.6656669999998,2123.857039,2157.564565,2189.1361339999994,2216.978451000001,SSP3,old_pyrolysis baseline,Global,Beef,Pastoral,Pasture_FodderGrass,missing,missing,Pasture_FodderGrass,missing,missing,Mt
161.0230118,162.32005767000007,158.55320606000004,151.65737716000004,155.53964779,157.79810472999998,162.83404966999996,168.45887175,172.65113643,176.40852216000002,180.55912793999994,188.00242303999997,195.82681018,201.68787517999996,206.11029090000008,208.74836043000008,210.55449518,212.02282739999998,213.2060415,214.14445650000002,214.87555880000002,SSP3,old_pyrolysis baseline,Global,Beef,Pastoral,Scavenging_Other,missing,missing,Scavenging_Other,missing,missing,Mt
165.15966629999997,197.66807500000002,238.20936800000004,287.1064759999999,315.64099699999997,339.56250200000005,362.473138,381.968073,398.89072300000004,413.284443,428.34492,444.164809,463.54905699999983,481.371233,499.640506,517.00141,535.6556600000001,557.323793,581.954409,607.0621209999999,628.3472800000001,SSP3,old_pyrolysis baseline,Global,Dairy,Mixed,FeedCrops,missing,missing,FeedCrops,missing,missing,Mt
275.46088000000003,311.2844079999999,341.3102029,372.59474149999994,421.054937,465.68709899999993,509.142821,552.1837229999998,596.224719,642.0377149999998,689.8278249999998,741.3503609999999,792.6759720000002,841.7046049999999,889.913861,937.5081210000001,984.556959,1031.210136,1076.540061,1118.652306,1154.9413180000001,SSP3,old_pyrolysis baseline,Global,Dairy,Mixed,FodderHerb_Residue,missing,missing,FodderHerb_Residue,missing,missing,Mt
255.11370499999998,267.467835,297.62250299999994,321.2608600000001,346.98828899999995,369.45260900000005,387.227346,402.8151830000001,419.69351299999994,437.3485859999999,452.0363310000001,458.77439599999997,461.8050370000001,467.10222000000016,473.20651299999986,482.99306599999994,492.85608400000007,500.81765000000007,507.14582799999994,512.912849,519.2775849999998,SSP3,old_pyrolysis baseline,Global,Dairy,Mixed,Pasture_FodderGrass,missing,missing,Pasture_FodderGrass,missing,missing,Mt
68.40795229999999,97.78534289999999,114.22267989999999,130.6647639,135.4682043,148.798897,160.57650819999995,167.99387729999995,178.12994399999997,187.6065226,191.93471639999999,181.62563510000004,166.2898616,155.38104660000005,147.32162860000003,143.6776159,141.76580999999996,139.51173670000003,136.67169540000003,133.5478592,130.92803310000002,SSP3,old_pyrolysis baseline,Global,Dairy,Mixed,Scavenging_Other,missing,missing,Scavenging_Other,missing,missing,Mt
0.33334385,0.6706766,0.7898278999999999,0.6565201,0.8259408,0.9990905,1.1836809,1.3630727999999999,1.5387358,1.7001092,1.8648977,2.0834349,2.3412624,2.5712939,2.7869626,2.946729,3.0887313,3.2447636,3.4149973,3.5833108,3.6950855,SSP3,old_pyrolysis baseline,Global,Dairy,Pastoral,FeedCrops,missing,missing,FeedCrops,missing,missing,Mt
2.305088,0.3081164,0.3387304,0.3232191,0.3866337,0.4482471,0.5149064,0.5782520999999999,0.6391195000000001,0.6942967,0.7536655,0.8406275,0.9465635,1.0448003,1.1399418000000001,1.2134073,1.2813905,1.3564228,1.4365764,1.5131896999999999,1.56442,SSP3,old_pyrolysis baseline,Global,Dairy,Pastoral,FodderHerb_Residue,missing,missing,FodderHerb_Residue,missing,missing,Mt
165.60706120000006,196.00925709999999,202.4345645,199.6058511,232.2622643,258.9120893,283.47203959999996,303.8034387,317.33695190000003,324.0223171,332.5297038000001,353.6551656,380.8526567,401.28790230000004,418.32387049999994,424.97640809999996,429.4226299,436.46882159999996,446.0461761,455.48432600000007,460.71303120000016,SSP3,old_pyrolysis baseline,Global,Dairy,Pastoral,Pasture_FodderGrass,missing,missing,Pasture_FodderGrass,missing,missing,Mt
11.357494299999999,13.7842333,14.2556023,14.144704900000004,19.758993500000006,24.052488600000007,27.842336999999997,31.6576636,34.22285909999999,36.4292036,39.35772809999999,45.5285341,53.630637,60.754835400000005,67.0449453,71.13221130000002,74.17236740000001,77.0428493,79.9328121,82.2252712,82.8747164,SSP3,old_pyrolysis baseline,Global,Dairy,Pastoral,Scavenging_Other,missing,missing,Scavenging_Other,missing,missing,Mt
305.70222680999996,317.88925456000004,378.77631349,440.1606326399999,483.15976212,514.24883015,536.7790823299999,551.19718372,561.0178391700001,566.94887017,570.4150481899999,572.47744131,574.4466343199999,575.28528087,575.7385674300001,575.5018077,575.6027038200001,576.4704319199998,578.3025639100001,580.7008946499999,582.9008316900001,SSP3,old_pyrolysis baseline,Global,Pork,Mixed,FeedCrops,missing,missing,FeedCrops,missing,missing,Mt
203.98558060000002,254.75335700000005,260.22217246,269.2891042600001,302.64019864,328.82887811000006,345.93014043,355.92127622,362.26672159999987,366.1692718,367.4414819,366.57387839999996,364.9321113000001,363.7870461,363.19221760000005,363.19268500000004,363.70056199999993,364.6822111,366.37754939999996,368.8495759000001,372.1961927,SSP3,old_pyrolysis baseline,Global,Pork,Mixed,FodderHerb_Residue,missing,missing,FodderHerb_Residue,missing,missing,Mt
309.442456,463.6307800000001,593.7521250000001,725.8256139999997,809.9347279999997,878.3838360000002,933.9129190000001,976.2724159999998,1011.1068149999999,1040.0038610000001,1065.4524979999999,1087.801823,1111.1000150000002,1133.6729970000001,1155.9937979999997,1176.835238,1197.1254549999999,1217.757802,1239.6411749999997,1262.637568,1285.7432019999999,SSP3,old_pyrolysis baseline,Global,Poultry,Mixed,FeedCrops,missing,missing,FeedCrops,missing,missing,Mt
108.69021659999999,128.04949460000003,134.1663386,154.1811092,173.57019229999997,191.1961268,205.92114950000004,218.6002493,230.17872000000003,240.35113630000004,249.0235172,255.9655251,261.60101,267.39844159999996,273.3525684999999,279.9242413,286.539052,292.9172391,299.17310210000005,305.82323249999996,313.4906716,SSP3,old_pyrolysis baseline,Global,Poultry,Mixed,FodderHerb_Residue,missing,missing,FodderHerb_Residue,missing,missing,Mt
11.833270444,11.68195011,15.453199729999998,20.416159115000003,23.359866089999993,26.161024519999994,28.93840119,31.556971150000003,34.12911957000001,36.62673239000001,39.10540795000001,41.43601175,43.876598769999994,46.4008333,49.021174650000006,51.76273545000001,54.6143824,57.55143059,60.56255384999998,63.626130060000015,66.71339272,SSP3,old_pyrolysis baseline,Global,SheepGoat,Mixed,FeedCrops,missing,missing,FeedCrops,missing,missing,Mt
11.2948671504,10.524780461,11.838597433999997,13.735982083999998,15.810566085999998,17.865331940999997,19.840991619,21.710645974999995,23.566192906999994,25.401382019,27.229000877,29.068480179,30.955311230000007,32.910785385000004,34.95840505,37.10018658400001,39.33718724,41.65980158399999,44.05783096200001,46.51884675699999,49.02999600000001,SSP3,old_pyrolysis baseline,Global,SheepGoat,Mixed,FodderHerb_Residue,missing,missing,FodderHerb_Residue,missing,missing,Mt
112.35848904000002,103.2168925,120.67299199999998,134.6326423,152.69005560000002,168.9255061,183.90305339999995,197.32407560000001,210.43526289999997,223.28725600000007,236.03837390000007,248.46042940000004,261.10981759999993,274.1628407,287.58551500000016,301.3813235999999,315.2888002,329.15602179999996,342.9178909000001,356.6429315,370.43237399999987,SSP3,old_pyrolysis baseline,Global,SheepGoat,Mixed,Pasture_FodderGrass,missing,missing,Pasture_FodderGrass,missing,missing,Mt
15.016649258000001,15.631297875999998,17.78729783,19.067011186,23.167129990999996,27.211279446000002,30.989312642000005,34.498345849,38.01306523899999,41.600345387,45.31602486,49.31038465100001,53.53806674999999,57.95122301999998,62.58434559,67.42953220999999,72.45324901000001,77.65526944999999,82.99358098000002,88.41181593,93.75258987,SSP3,old_pyrolysis baseline,Global,SheepGoat,Mixed,Scavenging_Other,missing,missing,Scavenging_Other,missing,missing,Mt
0.0,0.0,0.0,0.0,0.0,0.0,0.0,0.0,0.0,0.0,0.0,0.0,0.0,0.0,0.0,0.0,0.0,0.0,0.0,0.0,0.0,SSP3,old_pyrolysis baseline,Global,SheepGoat,Pastoral,FeedCrops,missing,missing,FeedCrops,missing,missing,Mt
91.32492571999998,133.17968420000005,126.83193000000003,120.47250980000001,137.45605229999998,151.653476,163.12609100000003,172.2182839,180.4819716,188.2858143,195.58810740000004,202.55147519999994,209.57453769999998,216.96839809999994,224.6942344,232.84308900000002,241.23670680000004,249.7580325,258.4198343,267.3118592,276.466468,SSP3,old_pyrolysis baseline,Global,SheepGoat,Pastoral,Pasture_FodderGrass,missing,missing,Pasture_FodderGrass,missing,missing,Mt
8.645149895,11.029894749999997,10.58212829,10.007051749999999,11.7904902,13.36280221,14.727093340000003,15.923453310000001,17.099843250000003,18.323597930000005,19.624419669999998,21.086792040000002,22.689285420000008,24.417842129999997,26.28092693,28.273408290000006,30.38093398,32.60437183999999,34.91245494000002,37.270178789999996,39.58760601,SSP3,old_pyrolysis baseline,Global,SheepGoat,Pastoral,Scavenging_Other,missing,missing,Scavenging_Other,missing,missing,Mt
222.59240590000002,275.95247080000007,359.1564695,458.99091819999995,517.7494780000001,575.8080419,639.9266649000001,700.2162004,763.7441970000001,829.0629075999999,896.7004426999999,956.0211270000001,1018.8257533999997,1085.4315374999999,1154.5692975000002,1227.1691717999995,1302.5605637000008,1379.9732090000002,1459.6157067999998,1542.3012465,1627.6353471,SSP4,old_pyrolysis baseline,Global,Beef,Mixed,FeedCrops,missing,missing,FeedCrops,missing,missing,Mt
291.65935999999994,326.3864707000002,358.46552969999993,432.56505549999986,468.92613629999994,504.18232770000003,540.8036245000001,576.3616629,612.2861313,646.4161406000003,677.9803744,706.6157879999998,734.6010395,763.9431791999999,794.8126011000002,827.8434240000001,861.9928812999999,896.1323781999998,930.2398898,965.1472118,1000.2352610000002,SSP4,old_pyrolysis baseline,Global,Beef,Mixed,FodderHerb_Residue,missing,missing,FodderHerb_Residue,missing,missing,Mt
656.8792020000001,700.2791924,783.0857613000003,916.1109133999998,991.8970760999999,1059.5114364999997,1123.3635210000002,1184.0104548999998,1243.0170547999999,1296.1191918999996,1340.9350057000001,1370.9764412,1394.5094374,1418.1740697,1439.9024744999997,1462.3495771999999,1480.5026095,1491.6951810000005,1497.0493415000005,1499.1969634,1499.8757775000001,SSP4,old_pyrolysis baseline,Global,Beef,Mixed,Pasture_FodderGrass,missing,missing,Pasture_FodderGrass,missing,missing,Mt
101.952867,125.28804651999995,145.51305327000003,165.50650217999998,159.02347576999995,143.49791797,128.79210426,118.53441860000002,109.82420596999998,105.21635202,103.88529795999997,106.30740519,110.32104939,112.73962666999999,113.9731543,113.75191856999997,112.68715370999996,111.70397706,110.92304587000002,110.37711837999998,109.95216970999995,SSP4,old_pyrolysis baseline,Global,Beef,Mixed,Scavenging_Other,missing,missing,Scavenging_Other,missing,missing,Mt
0.9530252,1.319342,1.9322190000000001,2.2758598,2.93652,3.6894769999999997,4.5641490000000005,5.476796,6.493898000000001,7.649398,8.962455,10.34444,11.849186,13.421612999999999,15.049779000000001,16.658947,18.208493,19.687256,21.095557,22.449782000000003,23.676869,SSP4,old_pyrolysis baseline,Global,Beef,Pastoral,FeedCrops,missing,missing,FeedCrops,missing,missing,Mt
6.517068999999999,0.715026,0.915376,1.174927,1.4577170000000002,1.769574,2.13871,2.5231600000000003,2.969028,3.500032,4.146936,4.9211290000000005,5.82243,6.843585,7.98887,9.221328,10.535967999999999,11.911985000000001,13.310665,14.706908,16.064412,SSP4,old_pyrolysis baseline,Global,Beef,Pastoral,FodderHerb_Residue,missing,missing,FodderHerb_Residue,missing,missing,Mt
916.154609,988.5627330000001,982.3137089999999,1017.9179603000001,1147.1992098,1271.4766561000001,1384.9490580000006,1485.570219,1572.6057649999998,1644.3961679999993,1703.2644430000003,1763.8567270000003,1812.699753,1845.6411519999995,1866.0562150000005,1871.7250739999993,1868.5097000000003,1859.8739409999998,1846.6815739999997,1828.1362540000002,1803.6636159999996,SSP4,old_pyrolysis baseline,Global,Beef,Pastoral,Pasture_FodderGrass,missing,missing,Pasture_FodderGrass,missing,missing,Mt
161.0230118,162.32005767000007,158.55320606000004,151.65737716000004,154.97098076999998,155.73482374000002,158.24402820999998,161.02207778999997,162.16479822000002,164.72313637,169.17181064,178.2914022,189.32055498999995,198.30149927000002,205.68363008999998,210.42640415000002,213.76412104000002,217.18992078000002,220.61104326,223.55688582,225.79749388999997,SSP4,old_pyrolysis baseline,Global,Beef,Pastoral,Scavenging_Other,missing,missing,Scavenging_Other,missing,missing,Mt
165.15966629999997,197.66807500000002,238.20936800000004,287.1064759999999,318.16796999999997,346.406575,373.70863399999996,396.364908,416.1474,434.7120180000002,454.046899,472.91754299999985,494.4902870000001,514.1661720000001,532.8930949999999,549.4509140000001,565.246507,582.033103,600.533796,620.225626,640.7305779999999,SSP4,old_pyrolysis baseline,Global,Dairy,Mixed,FeedCrops,missing,missing,FeedCrops,missing,missing,Mt
275.46088000000003,311.2844079999999,341.3102029,372.59474149999994,418.249876,459.54818400000005,498.07515600000005,534.672722,568.763103,605.8745210000001,645.2302180000001,687.300831,730.7604259999999,769.2971970000002,803.4457820000002,833.7269719999999,860.4991810000001,884.9521470000001,907.4381569999998,928.406164,948.299024,SSP4,old_pyrolysis baseline,Global,Dairy,Mixed,FodderHerb_Residue,missing,missing,FodderHerb_Residue,missing,missing,Mt
255.11370499999998,267.467835,297.62250299999994,321.2608600000001,346.27216699999997,368.49473,387.1737119999999,404.751135,423.0345259999999,441.351608,455.5740990000001,459.5121409999999,458.55362099999996,459.7939889999999,460.881816,465.45559700000007,468.89861299999995,468.87983999999994,465.77606299999997,461.468881,457.71988500000015,SSP4,old_pyrolysis baseline,Global,Dairy,Mixed,Pasture_FodderGrass,missing,missing,Pasture_FodderGrass,missing,missing,Mt
68.40795229999999,97.78534289999999,114.22267989999999,130.6647639,135.77051389999997,151.40379080000002,171.24043569999998,190.27243389999995,213.5177408,227.69550640000003,231.2866186,217.5882767,193.72019639999996,175.2762482,161.0941035,155.1300838,153.6191714,150.77031230000003,146.1296123,140.15230970000005,134.20785749999996,SSP4,old_pyrolysis baseline,Global,Dairy,Mixed,Scavenging_Other,missing,missing,Scavenging_Other,missing,missing,Mt
0.33334385,0.6706766,0.7898278999999999,0.6565201,0.8433577,1.0450173,1.2733688,1.5076858000000002,1.7621086,2.0425508,2.361878,2.7428756,3.1836214999999997,3.6474771,4.136588400000001,4.6169687999999995,5.0998392,5.6019201,6.1232204,6.6563111,7.1402497,SSP4,old_pyrolysis baseline,Global,Dairy,Pastoral,FeedCrops,missing,missing,FeedCrops,missing,missing,Mt
2.305088,0.3081164,0.3387304,0.3232191,0.396106,0.4723732,0.5609472,0.6500793,0.7491483,0.8613898,0.9956862,1.1669005000000001,1.372793,1.5994920000000001,1.8497695,2.1082294999999998,2.3830593,2.6814977,2.9994893,3.3285213,3.6400363000000002,SSP4,old_pyrolysis baseline,Global,Dairy,Pastoral,FodderHerb_Residue,missing,missing,FodderHerb_Residue,missing,missing,Mt
165.60706120000006,196.00925709999999,202.4345645,199.6058511,230.94556440000002,256.6363808,278.3906557,294.9913655999999,304.28304720000006,310.45874430000003,318.92160249999995,338.4038987999999,362.1676952999999,377.2905634,387.0625438,385.68160479999995,380.9924992,378.3001976000001,378.22038790000005,378.73965489999995,376.6573038,SSP4,old_pyrolysis baseline,Global,Dairy,Pastoral,Pasture_FodderGrass,missing,missing,Pasture_FodderGrass,missing,missing,Mt
11.357494299999999,13.7842333,14.2556023,14.144704900000004,19.281653799999997,22.6848423,24.512591500000003,25.747094999999998,25.803642999999997,27.028856800000003,29.641208499999998,34.77935429999999,42.26127820000001,49.16330609999999,55.15327109999999,58.49821070000002,60.03904819999999,61.676593399999994,63.58369099999998,65.4579399,66.84254349999999,SSP4,old_pyrolysis baseline,Global,Dairy,Pastoral,Scavenging_Other,missing,missing,Scavenging_Other,missing,missing,Mt
305.70222680999996,317.88925456000004,378.77631349,440.1606326399999,485.45207614,522.10356837,551.4410552899999,572.5602790099999,587.4099354999998,596.62133989,601.2997956700001,601.6447312099999,599.9346460700001,594.77658616,587.0931615,576.6780886400003,564.7401236500001,551.78041389,538.29345998,524.46549759,510.01644339,SSP4,old_pyrolysis baseline,Global,Pork,Mixed,FeedCrops,missing,missing,FeedCrops,missing,missing,Mt
203.98558060000002,254.75335700000005,260.22217246,269.2891042600001,300.1406277500001,324.42363249000005,340.78630481,350.74994424,355.9483787099999,357.0713752100001,354.06779193,348.23781449,340.1736928000001,331.13315648,321.261504,311.0306596599999,300.42725903,289.50934,278.79296724,268.71520189999995,259.4728056400001,SSP4,old_pyrolysis baseline,Global,Pork,Mixed,FodderHerb_Residue,missing,missing,FodderHerb_Residue,missing,missing,Mt
309.442456,463.6307800000001,593.7521250000001,725.8256139999997,809.873827,882.3968369999999,943.7757259999998,991.7941739999999,1029.1006229999998,1057.315469,1078.5247310000002,1092.81392,1104.6817100000003,1111.8614,1114.7679999999996,1112.39976,1105.9527,1096.7924999999996,1086.4126800000004,1075.498824,1063.6380570000001,SSP4,old_pyrolysis baseline,Global,Poultry,Mixed,FeedCrops,missing,missing,FeedCrops,missing,missing,Mt
108.69021659999999,128.04949460000003,134.1663386,154.1811092,171.95419009999995,187.96906790000003,201.82116760000002,214.2179723,224.72810070000003,232.5232287,237.58082299999995,240.57244390000002,241.23602830000002,240.9644037,239.82961840000007,238.5841221,236.85652349999995,234.52088319999996,231.78529780000002,229.08101840000006,226.76254729999997,SSP4,old_pyrolysis baseline,Global,Poultry,Mixed,FodderHerb_Residue,missing,missing,FodderHerb_Residue,missing,missing,Mt
11.833270444,11.68195011,15.453199729999998,20.416159115000003,23.531508340000002,26.641301440000003,29.794838609999992,32.68949381,35.43408713,38.002123899999994,40.42684957000001,42.49279764999999,44.53083333,46.54462783,48.53302513000001,50.52971896,52.52892079000001,54.53444728999999,56.5538344,58.59099366,60.65870575,SSP4,old_pyrolysis baseline,Global,SheepGoat,Mixed,FeedCrops,missing,missing,FeedCrops,missing,missing,Mt
11.2948671504,10.524780461,11.838597433999997,13.735982083999998,15.717112198000002,17.69539752899999,19.619955255,21.412545198,23.103424716000003,24.662355405999996,26.087293207000005,27.425423536000007,28.708454362999994,29.945988635,31.147811081999997,32.323868395,33.499105531999994,34.680490843,35.875546096,37.091598078,38.31325016800001,SSP4,old_pyrolysis baseline,Global,SheepGoat,Mixed,FodderHerb_Residue,missing,missing,FodderHerb_Residue,missing,missing,Mt
112.35848904000002,103.2168925,120.67299199999998,134.6326423,152.3637115,168.64186370000004,183.79208090000006,197.15236220000003,209.4984764,220.69680029999998,230.80507219999998,239.48591619999993,247.44048469999998,254.75414170000005,261.5109407,267.76611720000005,273.5313057999999,278.88456310000004,283.9151231,288.74961920000004,293.3974992000001,SSP4,old_pyrolysis baseline,Global,SheepGoat,Mixed,Pasture_FodderGrass,missing,missing,Pasture_FodderGrass,missing,missing,Mt
15.016649258000001,15.631297875999998,17.78729783,19.067011186,22.918951023,26.666320747000007,30.117402332,33.181741720000005,36.024642367000006,38.759850332000006,41.447276271,44.262365147999994,47.155885309999995,50.015800309999996,52.866998020000004,55.71908483,58.61014934,61.59637909,64.67574339000001,67.86210565000002,71.10982734,SSP4,old_pyrolysis baseline,Global,SheepGoat,Mixed,Scavenging_Other,missing,missing,Scavenging_Other,missing,missing,Mt
0.0,0.0,0.0,0.0,0.0,0.0,0.0,0.0,0.0,0.0,0.0,0.0,0.0,0.0,0.0,0.0,0.0,0.0,0.0,0.0,0.0,SSP4,old_pyrolysis baseline,Global,SheepGoat,Pastoral,FeedCrops,missing,missing,FeedCrops,missing,missing,Mt
91.32492571999998,133.17968420000005,126.83193000000003,120.47250980000001,136.97771900000004,150.9540394,162.4730131,171.5316513,179.0972967,185.37006360000004,190.31134620000003,194.28261349999997,197.53361719999998,200.31142980000004,202.6929462,204.8380478,206.65211459999998,208.1126845,209.33909060000002,210.54228759999998,211.8011854,SSP4,old_pyrolysis baseline,Global,SheepGoat,Pastoral,Pasture_FodderGrass,missing,missing,Pasture_FodderGrass,missing,missing,Mt
8.645149895,11.029894749999997,10.58212829,10.007051749999999,11.735866440000002,13.250278779999999,14.553970190000003,15.64479278,16.627500559999998,17.610123230000003,18.62202549,19.76555113,21.026400009999996,22.350778100000007,23.76338308,25.265076609999998,26.862391660000004,28.57281668,30.38247001,32.293831049999994,34.281723570000004,SSP4,old_pyrolysis baseline,Global,SheepGoat,Pastoral,Scavenging_Other,missing,missing,Scavenging_Other,missing,missing,Mt
222.59240590000002,275.95247080000007,359.1564695,458.99091819999995,529.9041253,610.4840879,710.6760313999999,818.5280814000001,931.7794511999999,1045.7088243000003,1157.4020818000001,1239.0821717999997,1312.2170269000003,1374.3331661000004,1422.5185422,1458.553328,1484.3118950000003,1500.381733,1508.0112720000002,1507.6755030000004,1501.370482,SSP5,old_pyrolysis baseline,Global,Beef,Mixed,FeedCrops,missing,missing,FeedCrops,missing,missing,Mt
291.65935999999994,326.3864707000002,358.46552969999993,432.56505549999986,470.7828639,514.9897130000002,568.2875651999998,626.1145395000002,683.1059874,736.6404570999999,784.4696644,825.8861478,861.2420845,890.2271495000002,912.3922427999998,927.8596041,936.8119471999997,939.2700855999999,935.6431719,927.0352662,913.9832829999999,SSP5,old_pyrolysis baseline,Global,Beef,Mixed,FodderHerb_Residue,missing,missing,FodderHerb_Residue,missing,missing,Mt
656.8792020000001,700.2791924,783.0857613000003,916.1109133999998,996.3411380999999,1083.4524617,1180.7081085999998,1283.4722531999998,1381.3308346000003,1470.2470749999998,1548.9548000000004,1608.4217850000007,1657.7810960000002,1699.9336919999998,1733.4721400000003,1759.500024,1776.7184320000001,1784.189839,1782.4735730000002,1773.1605,1756.8382289999997,SSP5,old_pyrolysis baseline,Global,Beef,Mixed,Pasture_FodderGrass,missing,missing,Pasture_FodderGrass,missing,missing,Mt
101.952867,125.28804651999995,145.51305327000003,165.50650217999998,159.55474740999998,141.87884594000002,124.34253211,114.40510694000001,110.31229028000001,109.21550407,109.55437453999998,111.17584790000002,112.64219509000002,113.3684581,113.4689854,113.1539978,112.55384339999998,111.88961969999998,111.2637756,110.94592929999997,110.90397950000002,SSP5,old_pyrolysis baseline,Global,Beef,Mixed,Scavenging_Other,missing,missing,Scavenging_Other,missing,missing,Mt
0.9530252,1.319342,1.9322190000000001,2.2758598,2.920868,3.744399,4.825713,6.149306,7.625559,9.182124,10.7362,12.010126999999999,13.112753,13.994542000000001,14.648206,15.087081,15.348601,15.345491,15.231472,15.010534,14.826357999999999,SSP5,old_pyrolysis baseline,Global,Beef,Pastoral,FeedCrops,missing,missing,FeedCrops,missing,missing,Mt
6.517068999999999,0.715026,0.915376,1.174927,1.397396,1.650545,1.9678200000000001,2.335068,2.724953,3.112383,3.47774,3.839129,4.166475,4.451141,4.693303,4.889949,5.049254,5.180517,5.277494,5.341571,5.363767,SSP5,old_pyrolysis baseline,Global,Beef,Pastoral,FodderHerb_Residue,missing,missing,FodderHerb_Residue,missing,missing,Mt
916.154609,988.5627330000001,982.3137089999999,1017.9179603000001,1145.3034801000003,1292.6110620000002,1452.4781679999999,1616.5500799999998,1760.210377,1878.4869480000002,1968.943824,2057.220984,2125.5794580000006,2174.013584,2206.2232169999997,2222.464861,2226.520514,2218.925695,2200.232514,2171.3628140000005,2133.8661340000003,SSP5,old_pyrolysis baseline,Global,Beef,Pastoral,Pasture_FodderGrass,missing,missing,Pasture_FodderGrass,missing,missing,Mt
161.0230118,162.32005767000007,158.55320606000004,151.65737716000004,155.48972669000003,156.57234441,160.36873701999997,167.10654680000002,174.13219295000002,180.72572195,186.12991505,193.62909795000002,199.8235292,203.91675811,206.41686557000003,207.44572662000002,207.58571254,207.26770058,206.49403324999997,205.20479000999995,203.27836814000003,SSP5,old_pyrolysis baseline,Global,Beef,Pastoral,Scavenging_Other,missing,missing,Scavenging_Other,missing,missing,Mt
165.15966629999997,197.66807500000002,238.20936800000004,287.1064759999999,321.71209400000004,358.58456299999983,399.6467830000002,439.735743,478.71356799999995,515.4057850000002,550.507927,576.8729440000002,601.123395,620.0935670000001,634.2308029999998,643.3904470000002,649.2585889999998,652.4283399999999,653.2887070000002,651.669479,647.9202450000003,SSP5,old_pyrolysis baseline,Global,Dairy,Mixed,FeedCrops,missing,missing,FeedCrops,missing,missing,Mt
275.46088000000003,311.2844079999999,341.3102029,372.59474149999994,417.371512,464.4804199999999,517.1593259999999,577.77102,639.791068,698.69728,750.4857259999998,794.2296989999999,828.513667,853.2278939999998,868.2227809999999,874.6072529999998,873.5252260000001,865.801815,852.4724129999998,834.5548939999999,813.1020300000001,SSP5,old_pyrolysis baseline,Global,Dairy,Mixed,FodderHerb_Residue,missing,missing,FodderHerb_Residue,missing,missing,Mt
255.11370499999998,267.467835,297.62250299999994,321.2608600000001,348.01688899999994,377.74955599999987,409.369334,442.52344100000005,473.44155399999994,500.86608,523.00102,534.801979,542.2719409999999,549.6806309999998,555.3412509999999,560.6719559999999,563.962545,564.0572869999999,561.433937,557.022829,551.5197080000002,SSP5,old_pyrolysis baseline,Global,Dairy,Mixed,Pasture_FodderGrass,missing,missing,Pasture_FodderGrass,missing,missing,Mt
68.40795229999999,97.78534289999999,114.22267989999999,130.6647639,134.7026625,152.81282769999999,176.40469769999999,191.96507099999994,198.0512374,197.44060650000003,192.51317059999997,179.891745,166.7610122,157.2193638,150.86880399999998,147.451702,145.7328582,143.8120724,141.60480769999998,138.73464560000002,136.4540458,SSP5,old_pyrolysis baseline,Global,Dairy,Mixed,Scavenging_Other,missing,missing,Scavenging_Other,missing,missing,Mt
0.33334385,0.6706766,0.7898278999999999,0.6565201,0.8237908,1.0211538999999998,1.2671059,1.5534117,1.8509048000000001,2.1397092,2.4194952,2.7194309,3.0147877,3.2596064,3.4537914,3.5853669999999997,3.6778108,3.7420125000000004,3.7907733,3.818115,3.8134447999999996,SSP5,old_pyrolysis baseline,Global,Dairy,Pastoral,FeedCrops,missing,missing,FeedCrops,missing,missing,Mt
2.305088,0.3081164,0.3387304,0.3232191,0.3797902,0.44032889999999997,0.5145616,0.5965664,0.6791044,0.7559821999999999,0.8297529,0.9190303,1.0102046,1.0886265,1.1554079,1.2057561,1.2473523,1.2891917,1.3287666,1.3637203000000002,1.3822899000000002,SSP5,old_pyrolysis baseline,Global,Dairy,Pastoral,FodderHerb_Residue,missing,missing,FodderHerb_Residue,missing,missing,Mt
165.60706120000006,196.00925709999999,202.4345645,199.6058511,229.21128579999996,256.9519083,284.5820019,312.17122720000003,337.0008787,358.2376651,378.3477805,406.0505009000001,433.3578064000001,452.0892292999999,465.06979820000004,470.3943577000001,472.32378410000007,473.62873180000014,473.9365322000001,472.30730900000015,467.4150924000001,SSP5,old_pyrolysis baseline,Global,Dairy,Pastoral,Pasture_FodderGrass,missing,missing,Pasture_FodderGrass,missing,missing,Mt
11.357494299999999,13.7842333,14.2556023,14.144704900000004,19.066398599999992,22.6814513,25.293485599999997,28.907726899999997,33.155482299999996,37.761091699999994,42.39877269999999,48.6807885,54.89897739999999,59.484431699999995,62.3973519,63.497711,63.439836700000015,62.96526359999999,62.079953999999994,60.80421609999999,58.8535746,SSP5,old_pyrolysis baseline,Global,Dairy,Pastoral,Scavenging_Other,missing,missing,Scavenging_Other,missing,missing,Mt
305.70222680999996,317.88925456000004,378.77631349,440.1606326399999,491.67151766999996,542.71153309,591.0016723199998,632.11599113,665.9795825,693.2661492900003,715.1250830300003,729.8307960200001,741.2789699399999,748.5578619700001,752.0585270500003,752.1002689100001,749.4814266899999,744.1705138300002,736.48585651,726.30939982,713.5714199800001,SSP5,old_pyrolysis baseline,Global,Pork,Mixed,FeedCrops,missing,missing,FeedCrops,missing,missing,Mt
203.98558060000002,254.75335700000005,260.22217246,269.2891042600001,301.2062974199999,332.60634569000007,358.38879936999996,377.39190012,388.43600007000003,393.56759961,393.54431495,390.8989607,385.46620849999994,378.21019269999994,369.5812626000001,359.91402489999996,349.38468680000005,337.63061129999994,325.00418766999996,311.78975303000004,298.1489795,SSP5,old_pyrolysis baseline,Global,Pork,Mixed,FodderHerb_Residue,missing,missing,FodderHerb_Residue,missing,missing,Mt
309.442456,463.6307800000001,593.7521250000001,725.8256139999997,816.4161620000001,909.8745759999999,1001.5603609999998,1083.71834,1152.99345,1210.43147,1257.30117,1290.2746700000002,1316.7952599999999,1335.8628800000001,1347.71622,1352.0899900000002,1349.8450800000003,1340.9691800000003,1326.42522,1306.6189200000001,1281.5988100000006,SSP5,old_pyrolysis baseline,Global,Poultry,Mixed,FeedCrops,missing,missing,FeedCrops,missing,missing,Mt
108.69021659999999,128.04949460000003,134.1663386,154.1811092,171.4420901,190.31827710000007,209.0364533,226.7944227,240.70943000000003,250.724037,257.32058070000005,261.6541983000001,263.2790552000001,263.27129599999995,261.865018,259.37914500000005,255.914671,251.17668600000005,245.37038399999994,238.80677899999992,231.69707800000006,SSP5,old_pyrolysis baseline,Global,Poultry,Mixed,FodderHerb_Residue,missing,missing,FodderHerb_Residue,missing,missing,Mt
11.833270444,11.68195011,15.453199729999998,20.416159115000003,23.67674823,27.356346420000012,31.47718449,35.61785814,39.62176147000001,43.347527850000006,46.70463779,49.273461780000005,51.49382385999999,53.33385938,54.75994987999999,55.76409928,56.38544925000001,56.64809693999999,56.602795279999995,56.27033565000001,55.66510740999999,SSP5,old_pyrolysis baseline,Global,SheepGoat,Mixed,FeedCrops,missing,missing,FeedCrops,missing,missing,Mt
11.2948671504,10.524780461,11.838597433999997,13.735982083999998,15.69064919,17.921149724,20.370781693,22.880634194000002,25.236550011000006,27.345856655000002,29.14625922500001,30.654467770000007,31.900486408999996,32.884993963,33.58267720100001,33.99254757800001,34.1503925,34.07494453500001,33.79873189,33.342262690000005,32.692796872,SSP5,old_pyrolysis baseline,Global,SheepGoat,Mixed,FodderHerb_Residue,missing,missing,FodderHerb_Residue,missing,missing,Mt
112.35848904000002,103.2168925,120.67299199999998,134.6326423,152.67316690000004,172.7102344,194.74136910000007,217.39458190000005,238.86803450000002,258.41147520000004,275.66548729999994,289.66551840000005,301.31054880000005,310.6506301999999,317.6320125000001,322.3555597,325.02349440000006,325.7475713,324.69554599999987,322.00156649999997,317.62004560000014,SSP5,old_pyrolysis baseline,Global,SheepGoat,Mixed,Pasture_FodderGrass,missing,missing,Pasture_FodderGrass,missing,missing,Mt
15.016649258000001,15.631297875999998,17.78729783,19.067011186,22.910674285000002,27.438177910000004,32.498083998000006,37.856598581,43.00320432600001,47.73998498,51.895471143,55.61070239,58.714520529999994,61.17943458999999,62.99281918999999,64.17624046,64.79406537999998,64.89860481999999,64.54556962999999,63.79427289000001,62.67544259999999,SSP5,old_pyrolysis baseline,Global,SheepGoat,Mixed,Scavenging_Other,missing,missing,Scavenging_Other,missing,missing,Mt
0.0,0.0,0.0,0.0,0.0,0.0,0.0,0.0,0.0,0.0,0.0,0.0,0.0,0.0,0.0,0.0,0.0,0.0,0.0,0.0,0.0,SSP5,old_pyrolysis baseline,Global,SheepGoat,Pastoral,FeedCrops,missing,missing,FeedCrops,missing,missing,Mt
91.32492571999998,133.17968420000005,126.83193000000003,120.47250980000001,137.47402760000003,155.01086479999998,172.20181360000004,188.26327750000002,202.18487559999997,213.9795245,223.47781279999995,231.0841452,236.81969539999997,240.87231319999998,243.26583799999997,244.18163849999993,243.72119629999992,241.8633552000001,238.81454300000001,234.72867220000006,229.69562910000002,SSP5,old_pyrolysis baseline,Global,SheepGoat,Pastoral,Pasture_FodderGrass,missing,missing,Pasture_FodderGrass,missing,missing,Mt
8.645149895,11.029894749999997,10.58212829,10.007051749999999,11.74479762,13.584662589999997,15.489233620000002,17.437452750000006,19.319607219999998,21.100098459999998,22.706005919999996,24.216553699999995,25.531904779999998,26.62572801,27.481879830000008,28.10295846,28.50242757999999,28.6900522,28.688287410000004,28.51911730000001,28.19571645,SSP5,old_pyrolysis baseline,Global,SheepGoat,Pastoral,Scavenging_Other,missing,missing,Scavenging_Other,missing,missing,Mt
