,1990,2005,2010,2015,2020,2025,2030,2035,2040,2045,2050,2055,2060,2065,2070,2075,2080,2085,2090,2095,2100,SSP,Version,Version,GCAM,sector,subsector,technology,output,concentration,input,product,fuel,LandLeaf,GHG,Units
0,0.0,0.0,0.0,0.0,-0.0055563786884790115,-1.9760567595415606,-2.137501319979916,,-6.346979560280504,-8.329289592321496,-8.525681914468116,-8.538245831604486,-8.572487058717535,-8.478349065141613,-8.33946320364595,-8.174238724698672,-7.990599255659845,-7.7742400703780605,-7.49509081231798,-7.1754287477542364,-6.844561327667248,SSP1,released,% diff between default and released,Africa_Eastern,missing,missing,missing,missing,missing,missing,FeedCrops,missing,missing,missing,%
1,0.0,0.0,0.0,0.0,-0.001652687678788894,0.4628202707189855,0.39567797808626515,,-0.8782005745829256,-1.2551869761353929,-1.369837356274589,-1.427734392764946,-1.4395118413858263,-1.378349609371795,-1.2995229598439122,-1.2126684476364156,-1.3614584514500108,-1.2445584145832798,-1.0810598640869358,-0.8784702284007465,-0.6040333039830077,SSP1,released,% diff between default and released,Africa_Eastern,missing,missing,missing,missing,missing,missing,FodderHerb_Residue,missing,missing,missing,%
2,0.0,0.0,0.0,0.0,-0.0007782464547882792,0.5582671041528883,0.6966799268429692,,0.5731178756219416,0.4737421492196428,0.49221496719359387,0.5672431249443043,0.6521633831357218,0.6645876442902111,0.6460026917491157,0.6156573493381541,0.6178886610357396,0.6547570929078047,0.7436732979153965,0.8502583667699538,0.9181372464934001,SSP1,released,% diff between default and released,Africa_Eastern,missing,missing,missing,missing,missing,missing,Pasture_FodderGrass,missing,missing,missing,%
3,0.0,0.0,0.0,0.0,0.006409147093710055,6.813914989001001,6.032826688086893,,5.245070509152222,5.22141438270602,5.797841458915198,9.340726126965324,16.01748736216498,25.60924521710277,36.60596004043438,48.17359968300738,59.4298289530007,69.83393211981148,80.06015181298874,90.94523622554375,109.4981226507191,SSP1,released,% diff between default and released,Africa_Eastern,missing,missing,missing,missing,missing,missing,Scavenging_Other,missing,missing,missing,%
4,0.0,0.0,0.0,0.0,-0.0011986886322361597,-0.8086888094654053,-0.7374348809012883,,-1.5504504860544202,-1.5503427140665509,-1.1919882738614154,-1.0358111105624834,-0.9453053044171472,-0.8348814261615278,-0.6513655970084279,-0.5116503961557619,-0.45488408991018864,-0.439643027319469,-0.4091599366871307,-0.3720857173829836,-0.3144148802259456,SSP1,released,% diff between default and released,Africa_Northern,missing,missing,missing,missing,missing,missing,FeedCrops,missing,missing,missing,%
5,0.0,0.0,0.0,0.0,-0.00552380269781156,2.3890490699175118,2.5356972403678557,,2.1956462170712707,1.0345546696859445,0.6663188770578173,0.5987711511592272,0.6543537735048472,0.7834494026788856,0.9248697285240518,1.0070142764622882,1.0297232770791214,0.9978394416333247,0.9236513040541773,0.7926888032097049,0.5565650699887387,SSP1,released,% diff between default and released,Africa_Northern,missing,missing,missing,missing,missing,missing,FodderHerb_Residue,missing,missing,missing,%
6,0.0,0.0,0.0,0.0,-0.0018473702598866522,0.3429706053432573,0.30426375359809466,,-0.2725370817327212,-1.2385849139965162,-1.5454213841176285,-1.644049134412194,-1.679613604086651,-1.634605110392663,-1.5797429429281824,-1.5585024409862607,-1.5884255623452719,-1.6702955233187047,-1.7729573706322819,-1.8924465066576228,-2.062262907819768,SSP1,released,% diff between default and released,Africa_Northern,missing,missing,missing,missing,missing,missing,Pasture_FodderGrass,missing,missing,missing,%
7,0.0,0.0,0.0,0.0,-0.0014085300183490186,5.089995420512502,5.1031374612083304,,3.241089185375687,1.254359988203455,0.6554590704677041,0.45509086504494983,0.506312132581566,1.1324538386493679,1.8816536525122045,2.529286080222318,3.01910470312124,3.3461773215626773,3.5912725837400465,3.768922494698472,3.979987819423479,SSP1,released,% diff between default and released,Africa_Northern,missing,missing,missing,missing,missing,missing,Scavenging_Other,missing,missing,missing,%
8,0.0,0.0,0.0,0.0,-0.002807687435104829,-0.13780468966462484,-0.05933148407581887,,-1.980094284441838,-3.4329529712523033,-3.366918829622588,-3.024484521798197,-2.57123908895065,-2.1922247293624118,-1.979187252454856,-1.9193700590723606,-1.9535954284988946,-1.9468760787667678,-1.8219523464664225,-1.5935659982593577,-1.1981704986197448,SSP1,released,% diff between default and released,Africa_Southern,missing,missing,missing,missing,missing,missing,FeedCrops,missing,missing,missing,%
9,0.0,0.0,0.0,0.0,-0.003313667946077178,0.5793151186709987,0.6124886580088065,,3.769819884285708,2.5460913685494297,2.085306241852854,2.7742508016854455,4.582168179290429,6.3688494963827695,7.898075675881702,9.183767619286105,10.084057439890666,11.10050034070429,12.03185714723612,12.767698186425674,13.762693661914442,SSP1,released,% diff between default and released,Africa_Southern,missing,missing,missing,missing,missing,missing,FodderHerb_Residue,missing,missing,missing,%
10,0.0,0.0,0.0,0.0,-0.0026700130806878854,0.5208246801780813,0.5889939130042744,,1.2904026747992414,0.9592637463510104,0.876404493746719,1.1532475913544975,1.7835677351668073,2.4539734669802473,3.065038622006675,3.6312030579877264,4.244895098734138,4.9755301748854155,5.826242630976163,6.672581548310576,8.006464240069292,SSP1,released,% diff between default and released,Africa_Southern,missing,missing,missing,missing,missing,missing,Pasture_FodderGrass,missing,missing,missing,%
11,0.0,0.0,0.0,0.0,0.006959529491975676,-7.420542303096991,-8.083300300923852,,10.445995082364224,8.67342198620506,5.778591563865591,8.475765317893652,18.757191974124854,36.24476947285688,57.017004668637995,81.31524522877865,109.32679502266444,139.62816676875482,169.19247849056111,195.89054961586788,242.11767831215442,SSP1,released,% diff between default and released,Africa_Southern,missing,missing,missing,missing,missing,missing,Scavenging_Other,missing,missing,missing,%
12,0.0,0.0,0.0,0.0,-0.0017114392582905657,-0.1923484151616919,-0.09191030814364104,,-1.9066341058908827,-2.778361894925362,-2.7515656787531975,-2.4973428950077525,-2.1200747836532488,-1.582425353001377,-0.9872596485142099,-0.5143903842333949,-0.8130879484362235,-2.7936894563022663,-7.046082802185079,-11.39151855566987,-12.379357953017776,SSP1,released,% diff between default and released,Africa_Western,missing,missing,missing,missing,missing,missing,FeedCrops,missing,missing,missing,%
13,0.0,0.0,0.0,0.0,-0.0028303915969748535,-0.046930532018593145,-0.19826776485013226,,9.633347817412817,8.930524738775953,8.178442140272761,9.952262899798962,13.551826133972938,17.694787903264324,22.03403027908024,26.3035572306612,29.39625975586116,30.442945172945485,28.27610311057322,24.865357473925876,24.003762566265213,SSP1,released,% diff between default and released,Africa_Western,missing,missing,missing,missing,missing,missing,FodderHerb_Residue,missing,missing,missing,%
14,0.0,0.0,0.0,0.0,-0.001996180639721429,0.6282547856531447,0.8909273019189551,,0.8019097889021924,0.4664788729766333,0.436271547131549,0.5125180616835138,0.5108914992587384,0.14770955094540109,-0.7741721849177742,-2.6503397942131546,-6.00832055615771,-11.141527924071255,-17.31554630336264,-22.43621121579865,-23.853177612996866,SSP1,released,% diff between default and released,Africa_Western,missing,missing,missing,missing,missing,missing,Pasture_FodderGrass,missing,missing,missing,%
15,0.0,0.0,0.0,0.0,0.004221297253449339,-7.4068090690388635,-8.050190066957267,,13.491266181555911,10.134043536574659,6.214511632382664,9.522720790202122,20.067452334721267,40.248323205649086,73.89499259753178,133.74378391652988,242.4960078043556,419.31309547667917,657.2719371313306,932.2601258272632,1210.6047387699555,SSP1,released,% diff between default and released,Africa_Western,missing,missing,missing,missing,missing,missing,Scavenging_Other,missing,missing,missing,%
16,0.0,0.0,0.0,0.0,-0.0030050083372049887,-0.529297054727156,-0.6476168320885161,,1.3794875698301283,3.7116486398875903,5.004101710169763,5.568809676397532,5.741630349153514,5.673907496659264,5.515374110374613,5.323810972907868,5.186903544788405,5.157743040876763,5.217145440285996,5.305036718105756,5.373748894311117,SSP1,released,% diff between default and released,Argentina,missing,missing,missing,missing,missing,missing,FeedCrops,missing,missing,missing,%
17,0.0,0.0,0.0,0.0,-0.011236947036911898,0.31562315893089976,0.35955828576794935,,0.9982306119799571,0.8486822897033696,0.29374434410580597,0.03741467712574305,-0.08429886138130686,-0.3666367010188892,-0.6717209389960863,-0.8952536409940405,-0.9713384045520866,-0.9242070710537671,-0.8136927965855562,-0.7276523944757372,-0.7292300019302157,SSP1,released,% diff between default and released,Argentina,missing,missing,missing,missing,missing,missing,FodderHerb_Residue,missing,missing,missing,%
18,0.0,0.0,0.0,0.0,-0.004866247702532364,0.19227719619391562,0.19178743335590226,,1.374597343905464,1.1757278308144865,0.7541540870788572,0.5501466063090603,0.44510385730047863,0.2009995652850203,-0.04648005330131511,-0.23099145753056402,-0.3037171926192817,-0.27709541103986535,-0.19044520790351727,-0.12121468380500108,-0.12590749103486001,SSP1,released,% diff between default and released,Argentina,missing,missing,missing,missing,missing,missing,Pasture_FodderGrass,missing,missing,missing,%
19,0.0,0.0,0.0,0.0,0.0032132471124993183,-11.75765848770613,-12.45060141947503,,34.40707235162471,38.730717491525375,26.537825894197315,19.30473943809586,15.464642311608717,16.890360379728868,17.77579035386403,19.871091554883026,23.44354261530091,26.986023465076755,29.730942253095872,31.984903912626915,34.3921939692706,SSP1,released,% diff between default and released,Argentina,missing,missing,missing,missing,missing,missing,Scavenging_Other,missing,missing,missing,%
20,0.0,0.0,0.0,0.0,-0.017482100643334563,0.8364153796177056,1.1575590892607241,,-1.189442608337382,-0.4745764437928735,-0.16174210916185824,-0.07440601182717835,-0.12181826771148203,-0.6174071233818675,-1.0666086174425538,-1.4036649917896884,-1.5431683743818825,-1.4929328586263728,-1.2788501755131239,-1.0565754938014718,-0.9494437916137395,SSP1,released,% diff between default and released,Australia_NZ,missing,missing,missing,missing,missing,missing,FeedCrops,missing,missing,missing,%
21,0.0,0.0,0.0,0.0,-0.023634050888645657,0.5261813066882448,0.5366437077844796,,-1.585438779683609,-2.173669301997812,-2.737329354601752,-3.0103735117544645,-3.1540716204960972,-3.786722878528343,-4.349881118197484,-4.76729026529484,-4.92390430819382,-4.873697898545842,-4.671944649446784,-4.480511494884051,-4.4330637157101105,SSP1,released,% diff between default and released,Australia_NZ,missing,missing,missing,missing,missing,missing,FodderHerb_Residue,missing,missing,missing,%
22,0.0,0.0,0.0,0.0,-0.017633677963408628,0.23683731085485835,0.2000548962247877,,-1.0747287063097528,-1.2781150983951854,-1.62349248792598,-1.8792438073962017,-2.1063386636409223,-2.6913884463323607,-3.224319202978601,-3.635028828564784,-3.838460654950848,-3.8878436717578984,-3.8128774832402756,-3.737928355666582,-3.7695974522450753,SSP1,released,% diff between default and released,Australia_NZ,missing,missing,missing,missing,missing,missing,Pasture_FodderGrass,missing,missing,missing,%
23,0.0,0.0,0.0,0.0,-0.008345619708308601,-2.491535326574244,-2.4231858727811204,,-3.1013959454538127,-0.8421603162840324,-0.04926705842808618,-0.6878723875159576,-2.0750894600158394,-2.586392412158869,-3.0317333672744837,-3.365299502689806,-3.7268223766937356,-4.367547874601282,-5.130236290462154,-5.779076960636382,-6.265895091518765,SSP1,released,% diff between default and released,Australia_NZ,missing,missing,missing,missing,missing,missing,Scavenging_Other,missing,missing,missing,%
24,0.0,0.0,0.0,0.0,-0.0037956425986954813,-0.19445164618921673,-0.11549752152303834,,0.9690727762012784,4.416087795936615,6.314510791585554,7.425538525141885,7.986742767087646,8.184360287525385,8.194846468332825,8.151886598698304,8.211748721871524,8.379702980819822,8.670900355639525,8.975168739472757,9.182578518267198,SSP1,released,% diff between default and released,Brazil,missing,missing,missing,missing,missing,missing,FeedCrops,missing,missing,missing,%
25,0.0,0.0,0.0,0.0,-0.010095401539505744,0.22202680829320914,0.2519781460757434,,-0.5748666134295037,0.21622353621801177,0.42977674209787164,0.5575402526006233,0.6095049447143853,0.3926923437269568,0.13233305577124793,-0.07012207162815245,-0.27725299960314187,-0.03484582062719899,0.40971280357635903,0.8774637057546814,1.1776244844709223,SSP1,released,% diff between default and released,Brazil,missing,missing,missing,missing,missing,missing,FodderHerb_Residue,missing,missing,missing,%
26,0.0,0.0,0.0,0.0,-0.005745895600797494,0.5936999197231272,0.6497964667408863,,3.2780014200146717,4.995117499543797,5.36881093271446,5.606856293655473,5.7866152928062204,5.652596690394562,5.453494665111518,5.337999490897742,5.502474767578292,5.843688121077799,6.345539818095675,6.8533157287996636,7.233900314393139,SSP1,released,% diff between default and released,Brazil,missing,missing,missing,missing,missing,missing,Pasture_FodderGrass,missing,missing,missing,%
27,0.0,0.0,0.0,0.0,-0.0008872852004246202,-9.16286058517992,-9.750337645328202,,-7.456142814176642,-4.968575620040598,-6.46743314317463,-7.964117274746283,-9.365611609649092,-8.335846778093206,-7.288181984952802,-6.1229148864691965,-4.758426110339907,-3.665047518917414,-2.695384731958785,-1.5644144875561001,-0.1865319221975654,SSP1,released,% diff between default and released,Brazil,missing,missing,missing,missing,missing,missing,Scavenging_Other,missing,missing,missing,%
28,0.0,0.0,0.0,0.0,-0.008225605295235642,-0.4658815520267788,-0.41568575688916937,,2.138060241038352,5.841473521338815,7.594507677912361,8.197643952710695,8.19427958441714,7.767043198717226,7.308838241680069,7.043211681767611,6.941542732904127,6.904294923616539,6.8900797526937145,6.813111507229405,6.606666880367791,SSP1,released,% diff between default and released,Canada,missing,missing,missing,missing,missing,missing,FeedCrops,missing,missing,missing,%
29,0.0,0.0,0.0,0.0,-0.02030689886893283,0.24846939402317703,0.2544548512692072,,2.940954555523866,6.3450883698033405,7.23601009568026,7.323195274655211,7.015116790658777,6.14614424038469,5.267915150794516,4.722526745566291,4.43649415716275,4.343035157540879,4.273348964602778,4.0662226535555295,3.5905542267665287,SSP1,released,% diff between default and released,Canada,missing,missing,missing,missing,missing,missing,FodderHerb_Residue,missing,missing,missing,%
30,0.0,0.0,0.0,0.0,-0.0187207487684709,0.3855657793310991,0.5356573844198369,,4.197001901624425,7.895628223816793,8.697049150756918,8.693869584965633,8.346352393753026,7.43857346023525,6.5355222828674995,5.9842560782106675,5.777263400172217,5.7339418213958115,5.726424043472457,5.584391909154193,5.184008838969683,SSP1,released,% diff between default and released,Canada,missing,missing,missing,missing,missing,missing,Pasture_FodderGrass,missing,missing,missing,%
31,,,,,,,,,,,,,,,,,,,,,,SSP1,released,% diff between default and released,Canada,missing,missing,missing,missing,missing,missing,Scavenging_Other,missing,missing,missing,%
32,0.0,0.0,0.0,0.0,-0.0024290003088222965,-0.5610969715228658,-0.42118522971868017,,-2.6232834417378847,-4.037876128331812,-4.37054956249854,-4.628315937094525,-4.793177746473177,-4.8774521367685,-4.835108188382057,-4.812841745088466,-4.838939928816829,-4.875153538178837,-4.8808988003154585,-4.82926171205906,-4.775481082045484,SSP1,released,% diff between default and released,Central America and Caribbean,missing,missing,missing,missing,missing,missing,FeedCrops,missing,missing,missing,%
33,0.0,0.0,0.0,0.0,-0.005492744949033122,0.43051901077609833,0.514185308991905,,-1.2584471289413897,-2.440075926407408,-2.7919375362096326,-2.9741068527854746,-3.0887596229379994,-3.14985086667628,-3.1733130925574353,-3.1973840140467753,-3.3738357656938724,-3.373212495802891,-3.3601884563329767,-3.3228508486760964,-3.3243452431230947,SSP1,released,% diff between default and released,Central America and Caribbean,missing,missing,missing,missing,missing,missing,FodderHerb_Residue,missing,missing,missing,%
34,0.0,0.0,0.0,0.0,-0.008074729479399918,0.6307684781982684,0.9639746733074768,,-0.29487743681494527,-0.4270289143158664,-0.2346645906802188,-0.0889992917851583,-0.026285088012018634,-0.11827885564526988,-0.22903946658175847,-0.3458599690963929,-0.404028331615732,-0.40140720088236914,-0.3477876830269476,-0.27534173453323985,-0.30797126631432387,SSP1,released,% diff between default and released,Central America and Caribbean,missing,missing,missing,missing,missing,missing,Pasture_FodderGrass,missing,missing,missing,%
35,0.0,0.0,0.0,0.0,-0.004722193215702149,-4.438909250409058,-4.553770957518439,,-7.283578849907707,-8.735832654953633,-9.418306885345654,-10.043882651543882,-10.80060435056998,-10.214577528260312,-9.516314387416074,-8.810983627581788,-8.176620608772991,-7.821448129217934,-7.702341212396234,-7.445710585690806,-7.034920771466865,SSP1,released,% diff between default and released,Central America and Caribbean,missing,missing,missing,missing,missing,missing,Scavenging_Other,missing,missing,missing,%
36,0.0,0.0,0.0,0.0,-0.00039472022074746874,-0.5856186578688973,-0.6902909839528292,,-0.4958677671288122,0.6024475487237377,1.5058972747724995,1.79004522867192,1.84238989081878,1.8793539168059126,1.9229594318892478,1.924418702927429,1.877999128457351,1.7841097016827963,1.6994671581534937,1.6277204629220448,1.544244305777511,SSP1,released,% diff between default and released,Central Asia,missing,missing,missing,missing,missing,missing,FeedCrops,missing,missing,missing,%
37,0.0,0.0,0.0,0.0,-0.002369303292323247,0.5584569441847178,0.6234045936043838,,0.230199230261265,-0.4121485442272825,-0.8986522582015705,-1.1157322577836652,-1.2372123333537182,-1.3431586100191788,-1.4428366931875483,-1.5343430928783512,-1.6747018430838432,-1.7545779637760819,-1.8403722885420537,-1.925271313487219,-2.027946815423164,SSP1,released,% diff between default and released,Central Asia,missing,missing,missing,missing,missing,missing,FodderHerb_Residue,missing,missing,missing,%
38,0.0,0.0,0.0,0.0,-0.0031519818014583666,0.12151101758340524,0.10606060584916928,,-0.42049001374623063,-1.101064956316485,-1.5706864971603391,-1.7870541757246872,-1.916538868248644,-1.986224630069617,-2.0455638177894775,-2.1048025202060914,-2.1585332893596423,-2.2517613895014112,-2.363018649256948,-2.4849917466986766,-2.6514828476131265,SSP1,released,% diff between default and released,Central Asia,missing,missing,missing,missing,missing,missing,Pasture_FodderGrass,missing,missing,missing,%
39,0.0,0.0,0.0,0.0,-0.0007839939584431599,-1.055862053522795,-1.1120020769453254,,-1.759401720045184,-2.796648116536399,-3.832172052393813,-4.497139800270536,-5.01049668550305,-5.049224412042189,-5.054410031311815,-5.053196293523991,-5.075838394238768,-5.212861763853475,-5.410387652097089,-5.591285046266262,-5.7612569817073,SSP1,released,% diff between default and released,Central Asia,missing,missing,missing,missing,missing,missing,Scavenging_Other,missing,missing,missing,%
40,0.0,0.0,0.0,0.0,0.0,-0.7746765090833146,-0.7539442619706395,,-0.490522746911378,0.4336850280791906,0.7458019814119886,0.6809718645256716,0.5641743285515209,0.5007148542941453,0.4807660084847204,0.4592958252498355,0.43884399110249467,0.37253314459059217,0.30645608512995426,0.24902203384167151,0.19198439566108574,SSP1,released,% diff between default and released,China,missing,missing,missing,missing,missing,missing,FeedCrops,missing,missing,missing,%
41,0.0,0.0,0.0,0.0,-0.0010270349838785865,0.7752849733321262,0.821058804688846,,1.2879680867320729,0.0,-0.7499755793950281,-1.1235955051904691,-1.2744928382619527,-1.3428792729524626,-1.4037988902068508,-1.4718758705923751,-1.6298309074762467,-1.715815240033507,-1.8005367273291235,-1.8818935384792028,-1.9740283353619317,SSP1,released,% diff between default and released,China,missing,missing,missing,missing,missing,missing,FodderHerb_Residue,missing,missing,missing,%
42,0.0,0.0,0.0,0.0,-0.0020424906123680153,0.029502159159449776,0.045444722677402065,,-1.6211120971762842,-2.1542790670652563,-2.2613964353830935,-2.2443581629840454,-2.1694825133767095,-2.089560338636883,-2.0218708840688295,-1.9954012228780904,-1.9939766239654841,-2.0258506201857887,-2.0571307872342026,-2.0912937836669827,-2.162876717787789,SSP1,released,% diff between default and released,China,missing,missing,missing,missing,missing,missing,Pasture_FodderGrass,missing,missing,missing,%
43,0.0,0.0,0.0,0.0,0.0015249171384135963,-2.672484438202193,-2.8094991091148156,,10.769613312221201,8.344837893433176,5.23712716997954,2.867934550509731,1.480436681731454,1.9828481439636265,2.765256847509633,3.4773328657343874,3.888565547168674,3.71338041444062,3.340634735813682,3.21217551765721,3.4247779991700313,SSP1,released,% diff between default and released,China,missing,missing,missing,missing,missing,missing,Scavenging_Other,missing,missing,missing,%
44,0.0,0.0,0.0,0.0,-0.0008525585208724098,-0.6048402723737228,-0.5957162414732522,,-0.18222752828429506,0.8043763785405081,1.481078670355744,1.7235061004815844,1.800578226348382,1.8279158592268556,1.9170891624390778,1.9919907024715096,2.030045660263042,2.0353731922301552,2.0594077810739972,2.1150283352395083,2.1916143544694373,SSP1,released,% diff between default and released,Colombia,missing,missing,missing,missing,missing,missing,FeedCrops,missing,missing,missing,%
45,0.0,0.0,0.0,0.0,-0.0026476038950816075,0.538124081569892,0.5901147837157112,,-0.2669613748011351,-0.5243575887592931,-0.596479742890102,-0.6357574774939359,-0.6559316066565519,-0.7086030157186972,-0.7731204477216731,-0.849605928939743,-1.0965098127984376,-1.160361514111543,-1.220748880500684,-1.2850001927500228,-1.374448257663974,SSP1,released,% diff between default and released,Colombia,missing,missing,missing,missing,missing,missing,FodderHerb_Residue,missing,missing,missing,%
46,0.0,0.0,0.0,0.0,-0.001470001853172785,0.4807667248274585,0.5020574763232105,,0.4439124522223062,0.2861165626726039,0.19493556766383094,0.21921855878118926,0.2815794343391665,0.22890588745804497,0.15966468835898903,0.08638262388593007,0.05465628899445675,0.01782201406102323,-0.01662316346472042,-0.07031592058138571,-0.15905694089808126,SSP1,released,% diff between default and released,Colombia,missing,missing,missing,missing,missing,missing,Pasture_FodderGrass,missing,missing,missing,%
47,0.0,0.0,0.0,0.0,0.005973228911158537,-9.298599961735238,-10.074275197510195,,-14.012492934269961,-16.51663979949814,-19.75332353262865,-21.928916985398182,-23.706444716387814,-23.246993018374827,-22.57793142749529,-21.88530682763094,-21.364280397914605,-21.209969994361842,-21.174512715298437,-20.928268497387034,-20.345047083600168,SSP1,released,% diff between default and released,Colombia,missing,missing,missing,missing,missing,missing,Scavenging_Other,missing,missing,missing,%
48,0.0,0.0,0.0,0.0,-0.005133724667481695,-0.2827241688259925,-0.08796797081831215,,0.8523632373038703,4.0727348785753295,5.610656619849935,6.224889297648182,6.4073872741007865,6.362466275334593,6.325342270675226,6.335185482037659,6.467719221658391,6.69022646302001,7.029473723545383,7.404961830548292,7.754537324837039,SSP1,released,% diff between default and released,EU-12,missing,missing,missing,missing,missing,missing,FeedCrops,missing,missing,missing,%
49,0.0,0.0,0.0,0.0,-0.02073522490468683,0.18074445933792038,0.30012398980102384,,1.5731162809204287,2.888562295535543,2.79717806410146,2.6959955668749496,2.663866419566587,2.1585672173437724,1.6420263990748776,1.2491996443648805,1.1591153283221647,1.3485091523189126,1.7506236294720845,2.1490201663958888,2.3680085800278032,SSP1,released,% diff between default and released,EU-12,missing,missing,missing,missing,missing,missing,FodderHerb_Residue,missing,missing,missing,%
50,0.0,0.0,0.0,0.0,-0.02266666186416519,0.4083463608081593,0.8017708105061272,,3.7624020536017904,5.940672667589056,5.898517899876357,5.777128757943644,5.763364374313755,5.170615003296877,4.568968644656489,4.14243740833903,4.119007510921103,4.476652176274857,5.1230384570358165,5.772669798071333,6.204127053595847,SSP1,released,% diff between default and released,EU-12,missing,missing,missing,missing,missing,missing,Pasture_FodderGrass,missing,missing,missing,%
51,,,,,,,,,,,,,,,,,,,,,,SSP1,released,% diff between default and released,EU-12,missing,missing,missing,missing,missing,missing,Scavenging_Other,missing,missing,missing,%
52,0.0,0.0,0.0,0.0,-0.0046725002103997874,-0.17518784703724855,-0.02834813078396543,,-0.28779027273081564,0.6710865260599518,1.214269661666665,1.3513900621083013,1.2792004903734648,1.1840449932924948,1.1343184945817246,1.0939046333891285,1.0510909583316206,0.9941041067224418,0.9462818160242819,0.8999904096062938,0.8256849685383512,SSP1,released,% diff between default and released,EU-15,missing,missing,missing,missing,missing,missing,FeedCrops,missing,missing,missing,%
53,0.0,0.0,0.0,0.0,-0.02037316851974308,0.0835175631838912,0.06962961785238399,,-0.2719800893644612,-1.186885245036871,-1.8500172281687781,-2.032965468717677,-2.0997616624823956,-2.236243392140136,-2.358125703528944,-2.4547960883276887,-2.523160405299377,-2.5842638486951,-2.6410037005542444,-2.723156177976907,-2.900978534288266,SSP1,released,% diff between default and released,EU-15,missing,missing,missing,missing,missing,missing,FodderHerb_Residue,missing,missing,missing,%
54,0.0,0.0,0.0,0.0,0.14635201923283328,0.6094979643910408,1.0193405358688992,,0.6768955214968378,-0.23592745796894465,-0.9835666349558252,-1.260170445565314,-1.3783221004507897,-1.569190073048403,-1.7125726900272433,-1.8022898496336301,-1.8429309699875733,-1.8578382534921014,-1.8545498248084864,-1.879279509787036,-2.021297724055798,SSP1,released,% diff between default and released,EU-15,missing,missing,missing,missing,missing,missing,Pasture_FodderGrass,missing,missing,missing,%
55,,,,,,,,,,,,,,,,,,,,,,SSP1,released,% diff between default and released,EU-15,missing,missing,missing,missing,missing,missing,Scavenging_Other,missing,missing,missing,%
56,0.0,0.0,0.0,0.0,-0.004428129238422013,-0.3793160088219658,-0.20153935720727328,,1.782952749666442,5.142713068590582,6.839695827824929,7.657408047327724,8.007352881167384,8.099414115266788,8.262417398232879,8.524455139755656,8.979616231278087,9.539771426084117,10.125915869121375,10.66198196250092,11.157960769781793,SSP1,released,% diff between default and released,Europe_Eastern,missing,missing,missing,missing,missing,missing,FeedCrops,missing,missing,missing,%
57,0.0,0.0,0.0,0.0,-0.01440262531877616,0.17602603918778356,0.29574721056468295,,1.5400608077188074,3.0071114605053144,3.37022224788327,3.5672038517322524,3.6629434777047183,3.483025369199564,3.33583225809564,3.295889640075897,3.498305738908482,3.8928722076996736,4.401408423891221,4.900446575154456,5.320784856295861,SSP1,released,% diff between default and released,Europe_Eastern,missing,missing,missing,missing,missing,missing,FodderHerb_Residue,missing,missing,missing,%
58,0.0,0.0,0.0,0.0,-0.008348100585709863,0.2629611478108279,0.9662707255103065,,5.586483386984997,8.989581310379046,9.997968313814573,10.463826394180463,10.728028696709478,10.754964767962647,10.840413265798599,11.098514403659765,11.682698037345268,12.503934944893285,13.445587418188543,14.431535912988936,15.399855836659214,SSP1,released,% diff between default and released,Europe_Eastern,missing,missing,missing,missing,missing,missing,Pasture_FodderGrass,missing,missing,missing,%
59,0.0,,,,,,,,,,,,,,,,,,,,,SSP1,released,% diff between default and released,Europe_Eastern,missing,missing,missing,missing,missing,missing,Scavenging_Other,missing,missing,missing,%
60,0.0,0.0,0.0,0.0,0.00022191105312641297,-0.1447698011756777,-0.24734079108286772,,-0.20685368947076926,1.4378814689525945,2.54105847446814,3.0266181969294768,3.199749691510417,3.358150212394939,3.5942142910604185,3.8470636619252683,4.097122589057222,4.338882710181069,4.609958939741407,4.921048111339167,5.315014314063294,SSP1,released,% diff between default and released,Europe_Non_EU,missing,missing,missing,missing,missing,missing,FeedCrops,missing,missing,missing,%
61,0.0,0.0,0.0,0.0,-0.0036716968791554168,0.0833753934507963,0.19393173295062632,,0.2570663343026095,-0.2067124962568036,-0.6136055383117608,-0.7577882071639577,-0.7866034115676194,-0.8294288129963239,-0.9011981506067439,-0.980191027791699,-1.0308525934395676,-1.059277145193083,-1.091957544150837,-1.1381694936600877,-1.2001016500216364,SSP1,released,% diff between default and released,Europe_Non_EU,missing,missing,missing,missing,missing,missing,FodderHerb_Residue,missing,missing,missing,%
62,0.0,0.0,0.0,0.0,-0.0032001365306174845,0.34447523559918747,0.5012543966995567,,-0.10388531036012653,-0.5396357879610278,-0.7694765075237764,-0.8171110852003222,-0.7799102185156234,-0.7364484666347281,-0.6827127458473382,-0.6391225798573682,-0.5925315096226543,-0.5515575723122392,-0.5185218567639067,-0.5049837473014454,-0.5549951337229796,SSP1,released,% diff between default and released,Europe_Non_EU,missing,missing,missing,missing,missing,missing,Pasture_FodderGrass,missing,missing,missing,%
63,0.0,0.0,0.0,0.0,0.0007570175336160963,11.2620123382504,12.622312230268879,,15.109162192208496,15.053215860326056,14.810406822666181,15.458472268519042,16.717000274838107,19.55625094066616,22.383094073071454,24.824475805117643,27.004839145527882,28.29812103944613,28.868546469950985,29.163277925028158,29.02358464451092,SSP1,released,% diff between default and released,Europe_Non_EU,missing,missing,missing,missing,missing,missing,Scavenging_Other,missing,missing,missing,%
64,0.0,0.0,0.0,0.0,-0.0016507253369670313,-0.20476153866437632,-0.29245412539757326,,-1.5839531552850559,-2.2070814587223846,-2.2748587467608328,-2.3333332932417057,-2.385592797996967,-2.391808275374829,-2.362923082251415,-2.3779838743490025,-2.467451853947633,-2.619208555859114,-2.7890395639322847,-2.9601389516342715,-3.1809393324357846,SSP1,released,% diff between default and released,European Free Trade Association,missing,missing,missing,missing,missing,missing,FeedCrops,missing,missing,missing,%
65,0.0,0.0,0.0,0.0,-0.007603931748858482,-0.05240420703615444,-0.13038193840702758,,-1.259392565464127,-1.8546010363141896,-2.0445648912376764,-2.1255938192289543,-2.1615419233885986,-2.138625715525948,-2.1056970520290887,-2.1112849123524247,-2.2122324819835297,-2.371130917157708,-2.5801089204293586,-2.823375093478842,-3.1823695784084434,SSP1,released,% diff between default and released,European Free Trade Association,missing,missing,missing,missing,missing,missing,FodderHerb_Residue,missing,missing,missing,%
66,0.0,0.0,0.0,0.0,0.00786291895956849,0.17601276236656294,0.2682643636791109,,-1.4154880651585726,-2.0231701788609553,-2.2013918019658627,-2.287566297237945,-2.3054618235795914,-2.278919041967609,-2.2469997483060458,-2.2592713658743397,-2.3476333122341164,-2.5264616783886282,-2.760658492709047,-3.0446372323237343,-3.444686077615634,SSP1,released,% diff between default and released,European Free Trade Association,missing,missing,missing,missing,missing,missing,Pasture_FodderGrass,missing,missing,missing,%
67,,,,,,,,,,,,,,,,,,,,,,SSP1,released,% diff between default and released,European Free Trade Association,missing,missing,missing,missing,missing,missing,Scavenging_Other,missing,missing,missing,%
68,0.0,0.0,0.0,0.0,-0.009382693398753817,-6.859613634284516,-7.054779596558145,,-7.1015024440918015,-6.139393067372313,-4.683754015511396,-3.732064939067374,-3.077996146924843,-2.043495338334497,-1.0198709747830426,-0.35702594878557425,-0.3549492338570046,-1.1047294940797965,-2.458451857160528,-4.286130377344575,-6.429473850641591,SSP1,released,% diff between default and released,India,missing,missing,missing,missing,missing,missing,FeedCrops,missing,missing,missing,%
69,0.0,0.0,0.0,0.0,-0.010547855613545503,-1.8403028928464804,-1.7542120900927785,,-2.250195941001789,-1.8593341709454407,-1.8636343950833043,-1.884248747617341,-1.9762247778219386,-2.005716908751739,-1.8909101337485854,-1.67767752525373,-1.6578074404237966,-1.5875735727794285,-1.5807325736163023,-1.6482008218644226,-1.8342033304790057,SSP1,released,% diff between default and released,India,missing,missing,missing,missing,missing,missing,FodderHerb_Residue,missing,missing,missing,%
70,0.0,0.0,0.0,0.0,-0.012791462604582464,-3.7543129882815798,-4.140754895391938,,-5.220272854084223,-3.5658394791180115,-2.2416418220750214,-1.448063871827868,-0.9179980574577005,0.22377031860967792,1.472301507636519,2.4862874727730935,2.8857452049429733,2.538075092627783,1.682929011252406,0.5633333328638905,-0.6730531356487399,SSP1,released,% diff between default and released,India,missing,missing,missing,missing,missing,missing,Pasture_FodderGrass,missing,missing,missing,%
71,0.0,0.0,0.0,0.0,-0.0025002946766957204,6.075279906200079,7.050912880348145,,2.956771591177119,7.453521939238496,10.967436276049483,12.476453702939791,13.172519485052531,17.309895055558176,21.016119929186875,23.20751848335473,22.767400926803454,19.799026366550585,15.376459718466133,10.704928952244243,6.581930254676934,SSP1,released,% diff between default and released,India,missing,missing,missing,missing,missing,missing,Scavenging_Other,missing,missing,missing,%
72,0.0,0.0,0.0,0.0,0.0005174470185532877,-1.2424480370649553,-1.4042427220066451,,-3.223681466277067,0.338832756586818,1.600403545564495,1.8537002142618748,1.9203265848133229,2.016506147216556,2.190417388621967,2.3087782992595662,2.365275908612019,2.2539754288798632,2.1292453440626016,2.0211618628765406,1.8891268085619517,SSP1,released,% diff between default and released,Indonesia,missing,missing,missing,missing,missing,missing,FeedCrops,missing,missing,missing,%
73,0.0,0.0,0.0,0.0,-0.002065020611054364,0.7382960553872392,0.8281136765159184,,3.194347985232275,-0.07051451395124261,-0.676684283794837,-0.6958544950084585,-0.6531913575728296,-0.5895294064540377,-0.586153680481118,-0.6227148616552527,-0.8423091425033215,-0.9188746732398942,-1.0065107795406272,-1.1112228932972064,-1.2543598334087087,SSP1,released,% diff between default and released,Indonesia,missing,missing,missing,missing,missing,missing,FodderHerb_Residue,missing,missing,missing,%
74,0.0,0.0,0.0,0.0,-0.0014708694278190715,0.34570978169289246,0.1815478054088889,,1.6452844941813463,0.25735307285796183,0.24119092798587213,0.4355929829052964,0.6109133454705,0.7237354386543683,0.7902510279610659,0.8141106577603237,0.8391738852277547,0.8449493378079259,0.8520381915293704,0.8422658276803281,0.762824322604324,SSP1,released,% diff between default and released,Indonesia,missing,missing,missing,missing,missing,missing,Pasture_FodderGrass,missing,missing,missing,%
75,0.0,0.0,0.0,0.0,0.004229343153194105,-7.041059919580737,-7.396830783191793,,11.833759286430835,-5.270702767649615,-8.196324908563593,-9.034249531707081,-9.748566821514743,-8.481841491031243,-7.093935928240209,-5.70276171010894,-4.4947791066163285,-3.7697673311963045,-3.2028937548466745,-2.2986658864930423,-0.8076985221207689,SSP1,released,% diff between default and released,Indonesia,missing,missing,missing,missing,missing,missing,Scavenging_Other,missing,missing,missing,%
76,0.0,0.0,0.0,0.0,-0.0016577424794227656,1.6168026528109185,1.5732455154078304,,-1.0284088356016399,-4.54786548256129,-5.753767300422549,-6.287835728768018,-6.5362540228252755,-6.643916474492569,-6.658498648565038,-6.712566058757095,-6.837275518540748,-7.029072145731569,-7.242565414071099,-7.451647717711252,-7.702369959943724,SSP1,released,% diff between default and released,Japan,missing,missing,missing,missing,missing,missing,FeedCrops,missing,missing,missing,%
77,0.0,0.0,0.0,0.0,-0.00709532964037991,-0.32817259422657796,-0.47732882974493673,,-3.6830175549975874,-5.9599371770513585,-6.314584468453677,-6.437747992613627,-6.479151351581945,-6.305268096035663,-6.115926046455622,-6.070045705121033,-6.290632499695338,-6.72171744384411,-7.264455262980227,-7.871493379214335,-8.735124622766676,SSP1,released,% diff between default and released,Japan,missing,missing,missing,missing,missing,missing,FodderHerb_Residue,missing,missing,missing,%
78,0.0,0.0,0.0,0.0,-0.005195302210863931,1.8990977815057752,1.827138499238888,,-2.465827223158514,-4.368392399880936,-4.53020674493239,-4.6269344415715175,-4.716485203215742,-4.586970090679489,-4.458645188079306,-4.496348995404379,-4.807436602574705,-5.383339619434633,-6.084939608810284,-6.850813766748594,-7.894375451876963,SSP1,released,% diff between default and released,Japan,missing,missing,missing,missing,missing,missing,Pasture_FodderGrass,missing,missing,missing,%
79,,,,,,,,,,,,,,,,,,,,,,SSP1,released,% diff between default and released,Japan,missing,missing,missing,missing,missing,missing,Scavenging_Other,missing,missing,missing,%
80,0.0,0.0,0.0,0.0,-0.009780044392387447,-0.3816844822087732,-0.29520604607310913,,-0.4725701697716316,-1.5284536533480733,-2.012314042578463,-2.189462059693774,-2.249473275501845,-2.2244473467821764,-2.160061398374652,-2.1168874543088028,-2.0912481897167843,-2.061205028218578,-2.025253678286292,-2.0011773030750954,-2.052581874259203,SSP1,released,% diff between default and released,Mexico,missing,missing,missing,missing,missing,missing,FeedCrops,missing,missing,missing,%
81,0.0,0.0,0.0,0.0,-0.00820671250911082,0.5722230824306042,0.5349229469410254,,-1.8782040030858025,-3.8321678215184183,-4.838841171921884,-5.307914927026572,-5.549474430658406,-5.676284353863528,-5.749750881378938,-5.8073816885324065,-5.831470914296414,-5.837738201949481,-5.842486421396819,-5.860898221542117,-5.958078875471368,SSP1,released,% diff between default and released,Mexico,missing,missing,missing,missing,missing,missing,FodderHerb_Residue,missing,missing,missing,%
82,0.0,0.0,0.0,0.0,-0.008838165894619728,0.4692304615737874,0.5002515767114452,,-1.438788778154564,-2.3983604719190934,-2.7332530318417025,-2.851435982367352,-2.9066633859634208,-2.9770206679520395,-3.027099256168469,-3.1069498804523112,-3.211684275711018,-3.330518424770749,-3.4449174224465398,-3.5821194611764824,-3.864785271331551,SSP1,released,% diff between default and released,Mexico,missing,missing,missing,missing,missing,missing,Pasture_FodderGrass,missing,missing,missing,%
83,0.0,0.0,0.0,0.0,-0.014428416356655167,-4.227203821783104,-4.728201623639241,,-9.80384457997323,-14.087830500224616,-16.678385969626042,-18.264911237196802,-19.55437076268879,-19.240151968966497,-18.738502985406463,-18.234878035773097,-17.872270760314468,-17.738737311436193,-17.73177636166211,-17.691315553906097,-17.69967253666205,SSP1,released,% diff between default and released,Mexico,missing,missing,missing,missing,missing,missing,Scavenging_Other,missing,missing,missing,%
84,0.0,0.0,0.0,0.0,-0.0019079335312260303,0.3319629058278257,0.37158107054566103,,-1.878843744495414,-4.688248381502166,-5.412291811399932,-5.793310504211889,-5.961782874652903,-5.982897566935044,-5.8386184489596,-5.75732032929732,-5.772747675245049,-5.87024618201934,-5.988200512076131,-6.105575146944005,-6.311729112993746,SSP1,released,% diff between default and released,Middle East,missing,missing,missing,missing,missing,missing,FeedCrops,missing,missing,missing,%
85,0.0,0.0,0.0,0.0,-0.0059179237452899386,1.444740043313869,1.4648003415051067,,-0.22541284761187502,-3.075459222935567,-3.918550631717846,-4.2692436800871505,-4.354824169875191,-4.27605205982915,-4.068059999816929,-3.8974059889345933,-3.7135649515522844,-3.629296254550925,-3.64470899153083,-3.77647624172868,-4.157563955471897,SSP1,released,% diff between default and released,Middle East,missing,missing,missing,missing,missing,missing,FodderHerb_Residue,missing,missing,missing,%
86,0.0,0.0,0.0,0.0,-0.006248208211437097,0.20003692921074417,0.09069390456334382,,-2.36508088762047,-3.888948556622699,-4.015419376803208,-4.064982826958626,-4.061812307825638,-3.863728498384453,-3.641727352006624,-3.5342504509027135,-3.602232802523617,-3.890091849806408,-4.317781676566331,-4.8579654096685,-5.720216069298774,SSP1,released,% diff between default and released,Middle East,missing,missing,missing,missing,missing,missing,Pasture_FodderGrass,missing,missing,missing,%
87,0.0,0.0,0.0,0.0,-0.0064647598492141006,1.203128102216317,1.0924079174581012,,-0.24785190958369757,-2.0350725731206265,-2.3569963025152516,-2.4795927012317813,-2.446834160471623,-2.130837880660661,-1.734114303295652,-1.4148301186162202,-1.1331087596887781,-1.0671916615998958,-1.1966468753073465,-1.5266189343000875,-2.26564117996152,SSP1,released,% diff between default and released,Middle East,missing,missing,missing,missing,missing,missing,Scavenging_Other,missing,missing,missing,%
88,0.0,0.0,0.0,0.0,-0.00044741327811815136,10.79103717970171,10.596524384479121,,7.722543599763959,7.581216617816892,7.861598526260352,8.429270486254497,8.846938295474075,9.112923919023864,9.236512743504468,9.296414656303739,8.99403551067704,8.488337779005775,7.884001992378714,7.182957780449011,6.417168974594358,SSP1,released,% diff between default and released,Pakistan,missing,missing,missing,missing,missing,missing,FeedCrops,missing,missing,missing,%
89,0.0,0.0,0.0,0.0,-0.0012801146941772482,-5.202441462046805,-5.2398058193925845,,-3.6475314377269745,-3.729570169926086,-3.8568732182235785,-4.113574383059165,-4.3378653670757945,-4.52006316532772,-4.6390654127107975,-4.73281335202863,-4.736537888016298,-4.587502517613834,-4.394898353096117,-4.1551547642153865,-3.8856253599202626,SSP1,released,% diff between default and released,Pakistan,missing,missing,missing,missing,missing,missing,FodderHerb_Residue,missing,missing,missing,%
90,0.0,0.0,0.0,0.0,-0.0007307404213966777,-4.226864693476597,-4.2214585308094525,,-3.240981662691183,-3.5605602826184892,-3.7820353864527227,-4.059035060208767,-4.293417294273187,-4.441545337616479,-4.519332349439707,-4.559872182366926,-4.432799438402032,-4.289110647019599,-4.095066951545378,-3.852641180921153,-3.5840085231295915,SSP1,released,% diff between default and released,Pakistan,missing,missing,missing,missing,missing,missing,Pasture_FodderGrass,missing,missing,missing,%
91,0.0,0.0,0.0,0.0,0.0011597743627954143,-4.93121343316072,-5.287049195750261,,-4.850463076563131,-6.034494532121525,-6.656402449801065,-7.0652077222688225,-7.412543745475359,-7.22521815795733,-7.012207252431384,-6.855589736856107,-6.798780513336848,-6.912667711529852,-7.078038981196108,-7.196113371620588,-7.225434198879917,SSP1,released,% diff between default and released,Pakistan,missing,missing,missing,missing,missing,missing,Scavenging_Other,missing,missing,missing,%
92,0.0,0.0,0.0,0.0,-0.0010656339135393083,-0.4305383978987642,-0.4869693329949159,,-0.4919480519849584,0.023462634067138,0.3770951377103032,0.5172857890901503,0.5603059032282476,0.6364827960148428,0.6968612061188403,0.7276234381382851,0.7212652588782226,0.6610583320598657,0.5706208599191174,0.455713584662351,0.2860910142679519,SSP1,released,% diff between default and released,Russia,missing,missing,missing,missing,missing,missing,FeedCrops,missing,missing,missing,%
93,0.0,0.0,0.0,0.0,-0.0043010567511544695,0.14587280500883537,0.10877551562149042,,-0.9340931974718908,-1.5572056746801646,-1.8403169787543237,-1.9404639624698663,-1.9941723496160533,-1.9538832279435812,-1.937262490577706,-1.9402119143777141,-1.9732066164493347,-2.0682080025799348,-2.212110557949186,-2.392705655970057,-2.663052221245421,SSP1,released,% diff between default and released,Russia,missing,missing,missing,missing,missing,missing,FodderHerb_Residue,missing,missing,missing,%
94,0.0,0.0,0.0,0.0,-0.002760280660258723,0.014206793339338357,-0.015018384242675127,,0.7554782113789678,1.311276314770031,1.4824944310340347,1.5866431947938322,1.6150056348076316,1.7095438079334022,1.7422878328571287,1.7896567710351767,1.8662997343872585,1.9039182075587107,1.8955472018920205,1.8431475590810922,1.746022102079764,SSP1,released,% diff between default and released,Russia,missing,missing,missing,missing,missing,missing,Pasture_FodderGrass,missing,missing,missing,%
95,,,,,,,,,,,,,,,,,,,,,,SSP1,released,% diff between default and released,Russia,missing,missing,missing,missing,missing,missing,Scavenging_Other,missing,missing,missing,%
96,0.0,0.0,0.0,0.0,-0.0029302597877421477,0.19733596274106127,0.21115579420244618,,0.5556774624604305,-0.2652501881495528,-0.7216040856618817,-1.073181351162991,-1.2427453870631817,-1.2977803356294728,-1.2479997905426712,-1.2154724211632797,-1.2330711950607645,-1.2583374729826644,-1.2667140543961455,-1.2485827575922401,-1.220521298388492,SSP1,released,% diff between default and released,South Africa,missing,missing,missing,missing,missing,missing,FeedCrops,missing,missing,missing,%
97,0.0,0.0,0.0,0.0,-0.006528346163679917,0.429520050539675,0.537976445514597,,-1.3562344066040084,-2.888837599355065,-3.4382000816173894,-3.7149458384684997,-3.847354775302571,-3.8918206228885937,-3.8773917617110243,-3.8675349316943564,-3.9002881057512147,-3.957588308538275,-4.039081296562282,-4.139194198216192,-4.2859895174394635,SSP1,released,% diff between default and released,South Africa,missing,missing,missing,missing,missing,missing,FodderHerb_Residue,missing,missing,missing,%
98,0.0,0.0,0.0,0.0,-0.003931466657505388,0.637517812285748,0.7317734800550291,,0.09452981331271251,-0.5539100649071762,-0.7832482184774568,-0.8981232452963448,-0.9588263642949157,-1.0010971678185039,-1.0170522673692268,-1.0215097656990029,-1.0423660753787145,-1.0701242870335326,-1.1215676536792953,-1.2082831077203593,-1.3513095702831779,SSP1,released,% diff between default and released,South Africa,missing,missing,missing,missing,missing,missing,Pasture_FodderGrass,missing,missing,missing,%
99,0.0,0.0,0.0,0.0,0.001009881641373307,0.04416452924913592,0.3854964750448987,,0.5465924278307254,-1.7486940722274962,-3.0293874000907177,-3.9504830213678708,-4.542060700586604,-4.288468044325848,-3.8410439126276255,-3.2677123590613726,-2.7996760595381067,-2.4178371999815975,-2.196896495771903,-2.0743846586586807,-1.927943145541846,SSP1,released,% diff between default and released,South Africa,missing,missing,missing,missing,missing,missing,Scavenging_Other,missing,missing,missing,%
100,0.0,0.0,0.0,0.0,-0.0012418128828899754,0.42432289158593667,0.44146801187336665,,-1.6276627744373906,-3.0433379007355157,-3.4816926491544793,-3.778263432869343,-3.9481776572699117,-3.9611158124565464,-3.8595104571046854,-3.835759206836026,-3.9818085041048135,-4.246815829736369,-4.5413913709757905,-4.8155466762649475,-5.1438078834708,SSP1,released,% diff between default and released,South America_Northern,missing,missing,missing,missing,missing,missing,FeedCrops,missing,missing,missing,%
101,0.0,0.0,0.0,0.0,-0.0047595385006668845,0.025057721804544034,-0.02723200949853055,,-2.1905814823225294,-3.0675811647428417,-3.2587534811235064,-3.4024647963918246,-3.4912344922176195,-3.3865370412197584,-3.2600554019376498,-3.2460518147526343,-3.5632796498358883,-3.9032849495565602,-4.318849191368053,-4.756083494369788,-5.3459794927513204,SSP1,released,% diff between default and released,South America_Northern,missing,missing,missing,missing,missing,missing,FodderHerb_Residue,missing,missing,missing,%
102,0.0,0.0,0.0,0.0,-0.002506472059981485,0.02355551754354395,0.007546996434716015,,-1.8471392601339816,-2.4899994478065515,-2.5966179885134606,-2.6499430742483634,-2.6744516141523635,-2.5524538862041206,-2.4247818405225265,-2.3834630747118126,-2.4880045346011967,-2.7400415845783366,-3.0632214965578446,-3.4171863649062844,-3.9089215372319597,SSP1,released,% diff between default and released,South America_Northern,missing,missing,missing,missing,missing,missing,Pasture_FodderGrass,missing,missing,missing,%
103,0.0,0.0,0.0,0.0,-0.0026954902991786953,-2.5515278742863545,-3.015304163468786,,-5.0828051799508716,-6.138276332484078,-6.903602683832679,-7.5643992157657856,-8.047551651097063,-7.621733302490024,-7.127237200513891,-6.77776539307466,-6.734246340422704,-7.040457610664847,-7.521759457204538,-7.988430797407704,-8.535583780517404,SSP1,released,% diff between default and released,South America_Northern,missing,missing,missing,missing,missing,missing,Scavenging_Other,missing,missing,missing,%
104,0.0,0.0,0.0,0.0,-0.007539555713592582,-2.3071820425977547,-2.607615642728364,,-2.128749347658923,-1.670737636035468,-1.2082411624530454,-1.0583102385415921,-1.0376202428035886,-1.1290265556511196,-1.2262352218574137,-1.3587317758206128,-1.4539345264807082,-1.4440361464635953,-1.3211925874822452,-1.1671424988606471,-1.1061010965711782,SSP1,released,% diff between default and released,South America_Southern,missing,missing,missing,missing,missing,missing,FeedCrops,missing,missing,missing,%
105,0.0,0.0,0.0,0.0,-0.017290204317449452,-0.013368234429808775,-0.07617318834965775,,-1.1024247309400954,-3.0253733758847168,-3.9406990567933162,-4.354646127676108,-4.629956339010287,-5.045239541129917,-5.430554033721251,-5.7743510966809,-6.060693177414044,-6.106942376821369,-6.020931711353351,-5.933931652121972,-6.022142925412202,SSP1,released,% diff between default and released,South America_Southern,missing,missing,missing,missing,missing,missing,FodderHerb_Residue,missing,missing,missing,%
106,0.0,0.0,0.0,0.0,-0.014081598154295799,-0.275423915000993,-0.3429493642467318,,-0.5043714843124788,-2.279121448897785,-3.173287874131282,-3.5740318156382425,-3.8484329175954732,-4.255025152802932,-4.630459308517145,-4.952205846844047,-5.130005172889762,-5.158116778056305,-5.058638520434783,-4.962978397487909,-5.039925058136584,SSP1,released,% diff between default and released,South America_Southern,missing,missing,missing,missing,missing,missing,Pasture_FodderGrass,missing,missing,missing,%
107,0.0,0.0,0.0,0.0,-0.00913443261928696,-11.622125468172255,-12.401574903745908,,-0.06480020735004047,-10.369284192016977,-17.024187119070724,-20.605582122193365,-23.162788299049087,-22.72269912270147,-22.07213292942492,-21.333377054483282,-20.607827415403193,-20.192450723802796,-19.932302743711094,-19.526179961158995,-19.009606952440215,SSP1,released,% diff between default and released,South America_Southern,missing,missing,missing,missing,missing,missing,Scavenging_Other,missing,missing,missing,%
108,0.0,0.0,0.0,0.0,0.0,-4.2400232454749425,-4.040642856571978,,-3.923400864876026,-3.1795833639199556,-2.1378152474810137,-1.7243644679521855,-1.525030849112773,-1.2563201348904616,-1.0013379920331686,-0.8755176658302848,-0.8916183026325725,-1.020097682696461,-1.203163883934521,-1.3878480483260498,-1.577615652646202,SSP1,released,% diff between default and released,South Asia,missing,missing,missing,missing,missing,missing,FeedCrops,missing,missing,missing,%
109,0.0,0.0,0.0,0.0,-0.002776023465898777,2.6965677052646146,2.9704541678734424,,4.1374143734534545,5.121181211955652,5.720667124423299,6.1377078139731225,6.467493194063894,6.733743169184316,6.9137261133787735,7.005802256021631,6.844118244695929,6.78426317295416,6.6868001461095785,6.566400981417836,6.425876315793119,SSP1,released,% diff between default and released,South Asia,missing,missing,missing,missing,missing,missing,FodderHerb_Residue,missing,missing,missing,%
110,0.0,0.0,0.0,0.0,-0.0030708758033089686,0.3741394326134938,0.45747435096353944,,-0.5755286612881769,-1.3652457408202316,-1.6224684422876041,-1.7320073787118448,-1.8339563284928175,-2.357766088580645,-2.915912997334527,-3.4427181191216225,-3.8288691305092737,-4.044520592325895,-4.143231198302026,-4.278878627438572,-4.581579181254034,SSP1,released,% diff between default and released,South Asia,missing,missing,missing,missing,missing,missing,Pasture_FodderGrass,missing,missing,missing,%
111,0.0,0.0,0.0,0.0,0.0013161098396374815,2.3170752903028924,2.615657580799644,,3.433703682390201,4.245908749648837,4.741675195946207,4.989084919591635,5.226549691069738,6.276604823209705,7.243524370834909,7.98475770079481,8.423263751022807,8.491878620010823,8.358065767692045,8.272840803355574,8.411712236136726,SSP1,released,% diff between default and released,South Asia,missing,missing,missing,missing,missing,missing,Scavenging_Other,missing,missing,missing,%
112,0.0,0.0,0.0,0.0,-0.0021385982679930386,0.15246352144393466,0.1210115276663173,,-2.2013254786755954,-4.077154151565641,-4.831516821426675,-5.041404550356688,-5.088197848255768,-5.009107065805061,-4.937911688706138,-4.956927929641725,-5.091256545192276,-5.327362697781287,-5.602982578839034,-5.896449271542415,-6.312944741837391,SSP1,released,% diff between default and released,South Korea,missing,missing,missing,missing,missing,missing,FeedCrops,missing,missing,missing,%
113,0.0,0.0,0.0,0.0,-0.00047564685711446765,0.06843170846094387,-0.1457427119193578,,-1.4903310324010195,-3.3682782924352033,-4.566525544121165,-5.090355348531451,-5.320700515643496,-5.499644076877786,-5.655136631849775,-5.779353468969368,-5.846694326362961,-5.870951553548115,-5.890478413058202,-5.912022885088078,-5.950751437531204,SSP1,released,% diff between default and released,South Korea,missing,missing,missing,missing,missing,missing,FodderHerb_Residue,missing,missing,missing,%
114,0.0,0.0,0.0,0.0,-0.004772135766506731,-0.7582153087169926,-1.0486071124661465,,-4.543143503860341,-5.468791147322485,-5.591821469669483,-5.663112383104153,-5.737501177617654,-5.5532375240284715,-5.314920013824928,-5.19518551182942,-5.302856826134009,-5.645747719358702,-6.097242196227955,-6.582360395782726,-7.322940086611914,SSP1,released,% diff between default and released,South Korea,missing,missing,missing,missing,missing,missing,Pasture_FodderGrass,missing,missing,missing,%
115,0.0,0.0,0.0,0.0,-0.007355090274099084,-0.6765248444172353,-1.065988472516761,,-3.064437417247536,-5.878800174041684,-7.486327172998505,-7.934524606433677,-8.045755769503957,-7.689320820982427,-7.3378985466176,-7.197184421453628,-7.414467145269212,-7.959373558785017,-8.639239385953365,-9.36201173792806,-10.39252996250638,SSP1,released,% diff between default and released,South Korea,missing,missing,missing,missing,missing,missing,Scavenging_Other,missing,missing,missing,%
116,0.0,0.0,0.0,0.0,-0.0018323576012267463,-3.46293794108286,-4.163247938004636,,-2.432001296144476,-2.5534539187162806,-2.1413468878226483,-2.0867062407892507,-2.0969932091193026,-1.8689627572322693,-1.5620097848818584,-1.3171849866111234,-1.2309976658198516,-1.2969549105747984,-1.3910438579068771,-1.4545483869642848,-1.5748969918829907,SSP1,released,% diff between default and released,Southeast Asia,missing,missing,missing,missing,missing,missing,FeedCrops,missing,missing,missing,%
117,0.0,0.0,0.0,0.0,-0.0023000975580711597,0.617835088993243,0.7105038936382492,,1.690006263016892,-0.6456580142964805,-1.3830311513902822,-1.5560929750056296,-1.6170208761416147,-1.5476340057177174,-1.514371659102371,-1.5132542619645277,-1.6699146946004633,-1.774346343533601,-1.8990514458439645,-2.0222371267818895,-2.1921587775529354,SSP1,released,% diff between default and released,Southeast Asia,missing,missing,missing,missing,missing,missing,FodderHerb_Residue,missing,missing,missing,%
118,0.0,0.0,0.0,0.0,-0.004365338533071145,-1.7210183082608619,-2.3229470658311167,,0.45248868709179974,-1.5309852730358597,-1.648698613558286,-1.5805691917507492,-1.537365472385011,-1.2211438017488996,-0.9667975095086395,-0.8039915612461597,-0.7834391819647023,-0.9017345375245506,-1.0640685140958648,-1.2264194137696507,-1.5090683305281702,SSP1,released,% diff between default and released,Southeast Asia,missing,missing,missing,missing,missing,missing,Pasture_FodderGrass,missing,missing,missing,%
119,0.0,0.0,0.0,0.0,-0.0006018549132300471,-7.469113191685878,-7.990162421358313,,8.836225362746843,-3.647205131656818,-7.01798185496281,-8.004939559594167,-8.726350247652942,-6.935889767606724,-5.337124846570519,-3.861497388234952,-2.8483858988329707,-2.6041545088700087,-2.69055248219646,-2.5130765564052036,-2.0442506635879694,SSP1,released,% diff between default and released,Southeast Asia,missing,missing,missing,missing,missing,missing,Scavenging_Other,missing,missing,missing,%
120,0.0,0.0,0.0,0.0,-0.0001422315252964446,0.859590055411435,1.1605471363776927,,-1.6911704750335608,-4.679091447816867,-5.931480078872182,-6.652131364347631,-7.016644947725732,-7.209076859177613,-7.218389764963063,-7.251328575854956,-7.381095282575538,-7.562097139406507,-7.703565081188047,-7.774433946395084,-7.796238512970601,SSP1,released,% diff between default and released,Taiwan,missing,missing,missing,missing,missing,missing,FeedCrops,missing,missing,missing,%
121,0.0,0.0,0.0,0.0,-0.001468921261670791,-0.07652141308267497,-0.20846423437531253,,-2.094445788342865,-4.404516612790895,-5.579385242022863,-6.154593293966393,-6.393974669953207,-6.515326468275361,-6.570533587697877,-6.625608798997824,-6.740921340512364,-6.805267083015016,-6.8460051847311805,-6.85861335554285,-6.854076526081905,SSP1,released,% diff between default and released,Taiwan,missing,missing,missing,missing,missing,missing,FodderHerb_Residue,missing,missing,missing,%
122,0.0,0.0,0.0,0.0,-0.01061410476218061,1.4421296103164747,0.9541441692766316,,-1.2543478470549936,-1.6073511575156536,-1.5584529985060587,-1.5990738723152365,-1.679490825926793,-1.8236062443651282,-1.954063506423912,-2.1029791638591058,-2.2881132907579165,-2.4842518108486,-2.6648943535585343,-2.8478442665684334,-3.2058251944315255,SSP1,released,% diff between default and released,Taiwan,missing,missing,missing,missing,missing,missing,Pasture_FodderGrass,missing,missing,missing,%
123,0.0,0.0,0.0,0.0,-0.012383953812123141,-0.27613928216244293,-0.6843621516557798,,-3.2050365995014203,-3.5877585055386345,-3.418095660718238,-3.445753613650596,-3.5482907004542206,-3.5680357024501252,-3.590872893338319,-3.6469516693386423,-3.78156012919389,-3.9579701972042884,-4.118547346787055,-4.277975218950156,-4.599187249484797,SSP1,released,% diff between default and released,Taiwan,missing,missing,missing,missing,missing,missing,Scavenging_Other,missing,missing,missing,%
124,0.0,0.0,0.0,0.0,-0.0033094318796488766,0.025230705414165562,-0.0253445375855061,,-0.20117011422795858,0.9148393082391104,1.7841014915482114,2.099858599426209,2.1352188546437176,2.011143538866781,1.8273689305606726,1.6393055511169696,1.4753986639175045,1.3366168965240062,1.2156996205646102,1.080748451980156,0.857059377101497,SSP1,released,% diff between default and released,USA,missing,missing,missing,missing,missing,missing,FeedCrops,missing,missing,missing,%
125,0.0,0.0,0.0,0.0,-0.010410455873470587,0.39291505515697667,0.35076153257369774,,0.3517584017597553,-0.06676934978279059,-0.34637311643163965,-0.5347515553502532,-0.6904421839429467,-0.9197419056205012,-1.1890606412610534,-1.409886542338276,-1.552149314724928,-1.6678080521940173,-1.797862339032942,-1.986311506942011,-2.3053679456922356,SSP1,released,% diff between default and released,USA,missing,missing,missing,missing,missing,missing,FodderHerb_Residue,missing,missing,missing,%
126,0.0,0.0,0.0,0.0,-0.008497354635521483,0.17254170457107024,0.13176565978845448,,0.8408069609208296,0.48764898278464464,0.2022923982837758,-0.04284300253997786,-0.250357784607999,-0.5433894276818586,-0.8611258540450968,-1.115925235126661,-1.2844572029073444,-1.414935429021416,-1.5550847606980371,-1.7596483666603657,-2.1048490205472894,SSP1,released,% diff between default and released,USA,missing,missing,missing,missing,missing,missing,Pasture_FodderGrass,missing,missing,missing,%
127,,,,,,,,,,,,,,,,,,,,,,SSP1,released,% diff between default and released,USA,missing,missing,missing,missing,missing,missing,Scavenging_Other,missing,missing,missing,%
