,1990,2005,2020,2025,2030,2035,2040,2045,2050,scenario,baseline,GCAM,sector,subsector,technology,output,concentration,input,product,fuel,LandLeaf,GHG,Units
0,0.0,0.0,0.0,,,0.0,0.185159,0.273436,0.387672,45Q-2040,low,Africa_Eastern,CDR_regional,CDR,BECCS,CDR_regional,missing,missing,missing,missing,missing,missing,Mt
1,0.0,0.0,0.0,,,0.0,0.0287082,0.0506064,0.0856716,45Q-2040,low,Africa_Eastern,CDR_regional,CDR,DAC,CDR_regional,missing,missing,missing,missing,missing,missing,Mt
2,0.0,0.0,0.0,,,0.0,0.0957822,0.135186,0.183543,45Q-2040,low,Africa_Eastern,CDR_regional,CDR,OEW,CDR_regional,missing,missing,missing,missing,missing,missing,Mt
3,0.0,0.0,0.0,,,0.0,0.0422845,0.0784257,0.109084,45Q-2040,low,Africa_Eastern,CDR_regional,CDR,TEW,CDR_regional,missing,missing,missing,missing,missing,missing,Mt
4,0.0,0.0,0.0,,,0.0,0.173397,0.207382,0.244013,45Q-2040,low,Africa_Northern,CDR_regional,CDR,BECCS,CDR_regional,missing,missing,missing,missing,missing,missing,Mt
5,0.0,0.0,0.0,,,0.0,0.0663588,0.0838288,0.103864,45Q-2040,low,Africa_Northern,CDR_regional,CDR,DAC,CDR_regional,missing,missing,missing,missing,missing,missing,Mt
6,0.0,0.0,0.0,,,0.0,0.131144,0.150259,0.168905,45Q-2040,low,Africa_Northern,CDR_regional,CDR,OEW,CDR_regional,missing,missing,missing,missing,missing,missing,Mt
7,0.0,0.0,0.0,,,0.0,0.0511615,0.0710459,0.081646,45Q-2040,low,Africa_Northern,CDR_regional,CDR,TEW,CDR_regional,missing,missing,missing,missing,missing,missing,Mt
8,0.0,0.0,0.0,,,0.0,0.0341788,0.045044,0.0599471,45Q-2040,low,Africa_Southern,CDR_regional,CDR,BECCS,CDR_regional,missing,missing,missing,missing,missing,missing,Mt
9,0.0,0.0,0.0,,,0.0,0.0114426,0.0164812,0.0241227,45Q-2040,low,Africa_Southern,CDR_regional,CDR,DAC,CDR_regional,missing,missing,missing,missing,missing,missing,Mt
10,0.0,0.0,0.0,,,0.0,0.0219752,0.0278921,0.0359333,45Q-2040,low,Africa_Southern,CDR_regional,CDR,OEW,CDR_regional,missing,missing,missing,missing,missing,missing,Mt
11,0.0,0.0,0.0,,,0.0,0.0117774,0.0196639,0.0263289,45Q-2040,low,Africa_Southern,CDR_regional,CDR,TEW,CDR_regional,missing,missing,missing,missing,missing,missing,Mt
12,0.0,0.0,0.0,,,0.0,0.247371,0.337928,0.447077,45Q-2040,low,Africa_Western,CDR_regional,CDR,BECCS,CDR_regional,missing,missing,missing,missing,missing,missing,Mt
13,0.0,0.0,0.0,,,0.0,0.0905462,0.130987,0.185561,45Q-2040,low,Africa_Western,CDR_regional,CDR,DAC,CDR_regional,missing,missing,missing,missing,missing,missing,Mt
14,0.0,0.0,0.0,,,0.0,0.179816,0.232716,0.292525,45Q-2040,low,Africa_Western,CDR_regional,CDR,OEW,CDR_regional,missing,missing,missing,missing,missing,missing,Mt
15,0.0,0.0,0.0,,,0.0,0.0976767,0.164065,0.212799,45Q-2040,low,Africa_Western,CDR_regional,CDR,TEW,CDR_regional,missing,missing,missing,missing,missing,missing,Mt
16,0.0,0.0,0.0,,,0.0,0.383992,0.429609,0.483423,45Q-2040,low,Australia_NZ,CDR_regional,CDR,BECCS,CDR_regional,missing,missing,missing,missing,missing,missing,Mt
17,0.0,0.0,0.0,,,0.0,0.163741,0.191589,0.227623,45Q-2040,low,Australia_NZ,CDR_regional,CDR,DAC,CDR_regional,missing,missing,missing,missing,missing,missing,Mt
18,0.0,0.0,0.0,,,0.0,0.315775,0.334504,0.357552,45Q-2040,low,Australia_NZ,CDR_regional,CDR,OEW,CDR_regional,missing,missing,missing,missing,missing,missing,Mt
19,0.0,0.0,0.0,,,0.0,0.105056,0.134547,0.148244,45Q-2040,low,Australia_NZ,CDR_regional,CDR,TEW,CDR_regional,missing,missing,missing,missing,missing,missing,Mt
20,0.0,0.0,0.0,,,0.0,0.462144,0.524105,0.592655,45Q-2040,low,Brazil,CDR_regional,CDR,BECCS,CDR_regional,missing,missing,missing,missing,missing,missing,Mt
21,0.0,0.0,0.0,,,0.0,0.195795,0.235134,0.28262,45Q-2040,low,Brazil,CDR_regional,CDR,DAC,CDR_regional,missing,missing,missing,missing,missing,missing,Mt
22,0.0,0.0,0.0,,,0.0,0.369499,0.400467,0.43232,45Q-2040,low,Brazil,CDR_regional,CDR,OEW,CDR_regional,missing,missing,missing,missing,missing,missing,Mt
23,0.0,0.0,0.0,,,0.0,0.156528,0.211562,0.237702,45Q-2040,low,Brazil,CDR_regional,CDR,TEW,CDR_regional,missing,missing,missing,missing,missing,missing,Mt
24,0.0,0.0,0.0,,,0.0,0.333849,0.366412,0.418306,45Q-2040,low,Canada,CDR_regional,CDR,BECCS,CDR_regional,missing,missing,missing,missing,missing,missing,Mt
25,0.0,0.0,0.0,,,0.0,0.13741,0.156403,0.192089,45Q-2040,low,Canada,CDR_regional,CDR,DAC,CDR_regional,missing,missing,missing,missing,missing,missing,Mt
26,0.0,0.0,0.0,,,0.0,0.26545,0.277404,0.305041,45Q-2040,low,Canada,CDR_regional,CDR,OEW,CDR_regional,missing,missing,missing,missing,missing,missing,Mt
27,0.0,0.0,0.0,,,0.0,0.0981592,0.128363,0.14495,45Q-2040,low,Canada,CDR_regional,CDR,TEW,CDR_regional,missing,missing,missing,missing,missing,missing,Mt
28,0.0,0.0,0.0,,,0.0,0.0727066,0.0839471,0.104117,45Q-2040,low,Central America and Caribbean,CDR_regional,CDR,BECCS,CDR_regional,missing,missing,missing,missing,missing,missing,Mt
29,0.0,0.0,0.0,,,0.0,0.0297424,0.035771,0.0483352,45Q-2040,low,Central America and Caribbean,CDR_regional,CDR,DAC,CDR_regional,missing,missing,missing,missing,missing,missing,Mt
30,0.0,0.0,0.0,,,0.0,0.0550406,0.0607533,0.0736215,45Q-2040,low,Central America and Caribbean,CDR_regional,CDR,OEW,CDR_regional,missing,missing,missing,missing,missing,missing,Mt
31,0.0,0.0,0.0,,,0.0,0.0237677,0.0330859,0.0401527,45Q-2040,low,Central America and Caribbean,CDR_regional,CDR,TEW,CDR_regional,missing,missing,missing,missing,missing,missing,Mt
32,0.0,0.0,0.0,,,0.0,0.113953,0.129613,0.145359,45Q-2040,low,Central Asia,CDR_regional,CDR,BECCS,CDR_regional,missing,missing,missing,missing,missing,missing,Mt
33,0.0,0.0,0.0,,,0.0,0.0472387,0.055742,0.0660257,45Q-2040,low,Central Asia,CDR_regional,CDR,DAC,CDR_regional,missing,missing,missing,missing,missing,missing,Mt
34,0.0,0.0,0.0,,,0.0,0.0888739,0.095059,0.100726,45Q-2040,low,Central Asia,CDR_regional,CDR,OEW,CDR_regional,missing,missing,missing,missing,missing,missing,Mt
35,0.0,0.0,0.0,,,0.0,0.0431407,0.0605016,0.0685627,45Q-2040,low,Central Asia,CDR_regional,CDR,TEW,CDR_regional,missing,missing,missing,missing,missing,missing,Mt
36,0.0,0.0,0.0,,,0.0,2.77206,3.00894,3.23883,45Q-2040,low,China,CDR_regional,CDR,BECCS,CDR_regional,missing,missing,missing,missing,missing,missing,Mt
37,0.0,0.0,0.0,,,0.0,1.01352,1.15532,1.3356,45Q-2040,low,China,CDR_regional,CDR,DAC,CDR_regional,missing,missing,missing,missing,missing,missing,Mt
38,0.0,0.0,0.0,,,0.0,2.05309,2.09281,2.1336,45Q-2040,low,China,CDR_regional,CDR,OEW,CDR_regional,missing,missing,missing,missing,missing,missing,Mt
39,0.0,0.0,0.0,,,0.0,0.583976,0.715256,0.762683,45Q-2040,low,China,CDR_regional,CDR,TEW,CDR_regional,missing,missing,missing,missing,missing,missing,Mt
40,0.0,0.0,0.0,,,0.0,0.266207,0.292453,0.317268,45Q-2040,low,EU-12,CDR_regional,CDR,BECCS,CDR_regional,missing,missing,missing,missing,missing,missing,Mt
41,0.0,0.0,0.0,,,0.0,0.0976361,0.114483,0.132377,45Q-2040,low,EU-12,CDR_regional,CDR,DAC,CDR_regional,missing,missing,missing,missing,missing,missing,Mt
42,0.0,0.0,0.0,,,0.0,0.196919,0.206718,0.213254,45Q-2040,low,EU-12,CDR_regional,CDR,OEW,CDR_regional,missing,missing,missing,missing,missing,missing,Mt
43,0.0,0.0,0.0,,,0.0,0.0832911,0.11003,0.120285,45Q-2040,low,EU-12,CDR_regional,CDR,TEW,CDR_regional,missing,missing,missing,missing,missing,missing,Mt
44,0.0,0.0,0.0,,,0.0,2.62595,3.04137,3.29443,45Q-2040,low,EU-15,CDR_regional,CDR,BECCS,CDR_regional,missing,missing,missing,missing,missing,missing,Mt
45,0.0,0.0,0.0,,,0.0,1.01418,1.25203,1.42706,45Q-2040,low,EU-15,CDR_regional,CDR,DAC,CDR_regional,missing,missing,missing,missing,missing,missing,Mt
46,0.0,0.0,0.0,,,0.0,2.02636,2.25926,2.32753,45Q-2040,low,EU-15,CDR_regional,CDR,OEW,CDR_regional,missing,missing,missing,missing,missing,missing,Mt
47,0.0,0.0,0.0,,,0.0,0.437274,0.542719,0.576066,45Q-2040,low,EU-15,CDR_regional,CDR,TEW,CDR_regional,missing,missing,missing,missing,missing,missing,Mt
48,0.0,0.0,0.0,,,0.0,0.0407122,0.0515019,0.0626004,45Q-2040,low,Europe_Eastern,CDR_regional,CDR,BECCS,CDR_regional,missing,missing,missing,missing,missing,missing,Mt
49,0.0,0.0,0.0,,,0.0,0.0150481,0.0203646,0.0268471,45Q-2040,low,Europe_Eastern,CDR_regional,CDR,DAC,CDR_regional,missing,missing,missing,missing,missing,missing,Mt
50,0.0,0.0,0.0,,,0.0,0.0299152,0.0362167,0.0423068,45Q-2040,low,Europe_Eastern,CDR_regional,CDR,OEW,CDR_regional,missing,missing,missing,missing,missing,missing,Mt
51,0.0,0.0,0.0,,,0.0,0.0174051,0.0286032,0.0357873,45Q-2040,low,Europe_Eastern,CDR_regional,CDR,TEW,CDR_regional,missing,missing,missing,missing,missing,missing,Mt
52,0.0,0.0,0.0,,,0.0,0.260218,0.282719,0.307051,45Q-2040,low,Europe_Non_EU,CDR_regional,CDR,BECCS,CDR_regional,missing,missing,missing,missing,missing,missing,Mt
53,0.0,0.0,0.0,,,0.0,0.0937406,0.105958,0.121083,45Q-2040,low,Europe_Non_EU,CDR_regional,CDR,DAC,CDR_regional,missing,missing,missing,missing,missing,missing,Mt
54,0.0,0.0,0.0,,,0.0,0.193053,0.196082,0.199656,45Q-2040,low,Europe_Non_EU,CDR_regional,CDR,OEW,CDR_regional,missing,missing,missing,missing,missing,missing,Mt
55,0.0,0.0,0.0,,,0.0,0.0745331,0.0947564,0.10224,45Q-2040,low,Europe_Non_EU,CDR_regional,CDR,TEW,CDR_regional,missing,missing,missing,missing,missing,missing,Mt
56,0.0,0.0,0.0,,,0.0,0.267998,0.356081,0.411125,45Q-2040,low,European Free Trade Association,CDR_regional,CDR,BECCS,CDR_regional,missing,missing,missing,missing,missing,missing,Mt
57,0.0,0.0,0.0,,,0.0,0.110884,0.154744,0.187559,45Q-2040,low,European Free Trade Association,CDR_regional,CDR,DAC,CDR_regional,missing,missing,missing,missing,missing,missing,Mt
58,0.0,0.0,0.0,,,0.0,0.215667,0.273719,0.301394,45Q-2040,low,European Free Trade Association,CDR_regional,CDR,OEW,CDR_regional,missing,missing,missing,missing,missing,missing,Mt
59,0.0,0.0,0.0,,,0.0,0.0128301,0.0151315,0.0159424,45Q-2040,low,European Free Trade Association,CDR_regional,CDR,TEW,CDR_regional,missing,missing,missing,missing,missing,missing,Mt
60,0.0,0.0,0.0,,,0.0,0.845952,1.01544,1.20362,45Q-2040,low,India,CDR_regional,CDR,BECCS,CDR_regional,missing,missing,missing,missing,missing,missing,Mt
61,0.0,0.0,0.0,,,0.0,0.30191,0.378651,0.470896,45Q-2040,low,India,CDR_regional,CDR,DAC,CDR_regional,missing,missing,missing,missing,missing,missing,Mt
62,0.0,0.0,0.0,,,0.0,0.606768,0.689163,0.776152,45Q-2040,low,India,CDR_regional,CDR,OEW,CDR_regional,missing,missing,missing,missing,missing,missing,Mt
63,0.0,0.0,0.0,,,0.0,0.274235,0.396143,0.467739,45Q-2040,low,India,CDR_regional,CDR,TEW,CDR_regional,missing,missing,missing,missing,missing,missing,Mt
64,0.0,0.0,0.0,,,0.0,0.286284,0.334947,0.386783,45Q-2040,low,Indonesia,CDR_regional,CDR,BECCS,CDR_regional,missing,missing,missing,missing,missing,missing,Mt
65,0.0,0.0,0.0,,,0.0,0.0972753,0.119906,0.14674,45Q-2040,low,Indonesia,CDR_regional,CDR,DAC,CDR_regional,missing,missing,missing,missing,missing,missing,Mt
66,0.0,0.0,0.0,,,0.0,0.201454,0.222952,0.244213,45Q-2040,low,Indonesia,CDR_regional,CDR,OEW,CDR_regional,missing,missing,missing,missing,missing,missing,Mt
67,0.0,0.0,0.0,,,0.0,0.0822165,0.11364,0.130835,45Q-2040,low,Indonesia,CDR_regional,CDR,TEW,CDR_regional,missing,missing,missing,missing,missing,missing,Mt
68,0.0,0.0,0.0,,,0.0,1.23979,1.60429,1.83484,45Q-2040,low,Japan,CDR_regional,CDR,BECCS,CDR_regional,missing,missing,missing,missing,missing,missing,Mt
69,0.0,0.0,0.0,,,0.0,0.484043,0.669368,0.82384,45Q-2040,low,Japan,CDR_regional,CDR,DAC,CDR_regional,missing,missing,missing,missing,missing,missing,Mt
70,0.0,0.0,0.0,,,0.0,0.971637,1.21009,1.33546,45Q-2040,low,Japan,CDR_regional,CDR,OEW,CDR_regional,missing,missing,missing,missing,missing,missing,Mt
71,0.0,0.0,0.0,,,0.0,0.0557706,0.0656989,0.0693296,45Q-2040,low,Japan,CDR_regional,CDR,TEW,CDR_regional,missing,missing,missing,missing,missing,missing,Mt
72,0.0,0.0,0.0,,,0.0,0.281443,0.315528,0.353027,45Q-2040,low,Mexico,CDR_regional,CDR,BECCS,CDR_regional,missing,missing,missing,missing,missing,missing,Mt
73,0.0,0.0,0.0,,,0.0,0.118763,0.13724,0.158659,45Q-2040,low,Mexico,CDR_regional,CDR,DAC,CDR_regional,missing,missing,missing,missing,missing,missing,Mt
74,0.0,0.0,0.0,,,0.0,0.225546,0.23921,0.253656,45Q-2040,low,Mexico,CDR_regional,CDR,OEW,CDR_regional,missing,missing,missing,missing,missing,missing,Mt
75,0.0,0.0,0.0,,,0.0,0.068744,0.0874655,0.0957197,45Q-2040,low,Mexico,CDR_regional,CDR,TEW,CDR_regional,missing,missing,missing,missing,missing,missing,Mt
76,0.0,0.0,0.0,,,0.0,0.400243,0.459266,0.543334,45Q-2040,low,Middle East,CDR_regional,CDR,BECCS,CDR_regional,missing,missing,missing,missing,missing,missing,Mt
77,0.0,0.0,0.0,,,0.0,0.154513,0.188621,0.241233,45Q-2040,low,Middle East,CDR_regional,CDR,DAC,CDR_regional,missing,missing,missing,missing,missing,missing,Mt
78,0.0,0.0,0.0,,,0.0,0.293841,0.325043,0.374177,45Q-2040,low,Middle East,CDR_regional,CDR,OEW,CDR_regional,missing,missing,missing,missing,missing,missing,Mt
79,0.0,0.0,0.0,,,0.0,0.0980227,0.129426,0.147978,45Q-2040,low,Middle East,CDR_regional,CDR,TEW,CDR_regional,missing,missing,missing,missing,missing,missing,Mt
80,0.0,0.0,0.0,,,0.0,0.0438645,0.0572598,0.0711251,45Q-2040,low,Pakistan,CDR_regional,CDR,BECCS,CDR_regional,missing,missing,missing,missing,missing,missing,Mt
81,0.0,0.0,0.0,,,0.0,0.0155708,0.0214944,0.0279196,45Q-2040,low,Pakistan,CDR_regional,CDR,DAC,CDR_regional,missing,missing,missing,missing,missing,missing,Mt
82,0.0,0.0,0.0,,,0.0,0.0302796,0.0375867,0.0439888,45Q-2040,low,Pakistan,CDR_regional,CDR,OEW,CDR_regional,missing,missing,missing,missing,missing,missing,Mt
83,0.0,0.0,0.0,,,0.0,0.0169697,0.0280322,0.0354535,45Q-2040,low,Pakistan,CDR_regional,CDR,TEW,CDR_regional,missing,missing,missing,missing,missing,missing,Mt
84,0.0,0.0,0.0,,,0.0,0.337634,0.3621,0.387389,45Q-2040,low,Russia,CDR_regional,CDR,BECCS,CDR_regional,missing,missing,missing,missing,missing,missing,Mt
85,0.0,0.0,0.0,,,0.0,0.142208,0.157607,0.176832,45Q-2040,low,Russia,CDR_regional,CDR,DAC,CDR_regional,missing,missing,missing,missing,missing,missing,Mt
86,0.0,0.0,0.0,,,0.0,0.271253,0.27588,0.280941,45Q-2040,low,Russia,CDR_regional,CDR,OEW,CDR_regional,missing,missing,missing,missing,missing,missing,Mt
87,0.0,0.0,0.0,,,0.0,0.0815264,0.101465,0.109029,45Q-2040,low,Russia,CDR_regional,CDR,TEW,CDR_regional,missing,missing,missing,missing,missing,missing,Mt
88,0.0,0.0,0.0,,,0.0,0.0688748,0.0783207,0.0875703,45Q-2040,low,South Africa,CDR_regional,CDR,BECCS,CDR_regional,missing,missing,missing,missing,missing,missing,Mt
89,0.0,0.0,0.0,,,0.0,0.0238603,0.0292963,0.034992,45Q-2040,low,South Africa,CDR_regional,CDR,DAC,CDR_regional,missing,missing,missing,missing,missing,missing,Mt
90,0.0,0.0,0.0,,,0.0,0.0490953,0.0533988,0.0567411,45Q-2040,low,South Africa,CDR_regional,CDR,OEW,CDR_regional,missing,missing,missing,missing,missing,missing,Mt
91,0.0,0.0,0.0,,,0.0,0.0197604,0.0256859,0.0282444,45Q-2040,low,South Africa,CDR_regional,CDR,TEW,CDR_regional,missing,missing,missing,missing,missing,missing,Mt
92,0.0,0.0,0.0,,,0.0,0.013662,0.0185121,0.0228257,45Q-2040,low,South America_Northern,CDR_regional,CDR,BECCS,CDR_regional,missing,missing,missing,missing,missing,missing,Mt
93,0.0,0.0,0.0,,,0.0,0.00636116,0.00955438,0.0124987,45Q-2040,low,South America_Northern,CDR_regional,CDR,DAC,CDR_regional,missing,missing,missing,missing,missing,missing,Mt
94,0.0,0.0,0.0,,,0.0,0.0106875,0.0146312,0.0177096,45Q-2040,low,South America_Northern,CDR_regional,CDR,OEW,CDR_regional,missing,missing,missing,missing,missing,missing,Mt
95,0.0,0.0,0.0,,,0.0,0.00477606,0.00791855,0.00955803,45Q-2040,low,South America_Northern,CDR_regional,CDR,TEW,CDR_regional,missing,missing,missing,missing,missing,missing,Mt
96,0.0,0.0,0.0,,,0.0,0.157295,0.183872,0.216595,45Q-2040,low,South America_Southern,CDR_regional,CDR,BECCS,CDR_regional,missing,missing,missing,missing,missing,missing,Mt
97,0.0,0.0,0.0,,,0.0,0.0647395,0.0800109,0.100497,45Q-2040,low,South America_Southern,CDR_regional,CDR,DAC,CDR_regional,missing,missing,missing,missing,missing,missing,Mt
98,0.0,0.0,0.0,,,0.0,0.12347,0.137867,0.155567,45Q-2040,low,South America_Southern,CDR_regional,CDR,OEW,CDR_regional,missing,missing,missing,missing,missing,missing,Mt
99,0.0,0.0,0.0,,,0.0,0.0478876,0.0654301,0.0753404,45Q-2040,low,South America_Southern,CDR_regional,CDR,TEW,CDR_regional,missing,missing,missing,missing,missing,missing,Mt
100,0.0,0.0,0.0,,,0.0,0.0912469,0.108869,0.129314,45Q-2040,low,South Asia,CDR_regional,CDR,BECCS,CDR_regional,missing,missing,missing,missing,missing,missing,Mt
101,0.0,0.0,0.0,,,0.0,0.0330191,0.0415002,0.0522817,45Q-2040,low,South Asia,CDR_regional,CDR,DAC,CDR_regional,missing,missing,missing,missing,missing,missing,Mt
102,0.0,0.0,0.0,,,0.0,0.0665233,0.0747313,0.083691,45Q-2040,low,South Asia,CDR_regional,CDR,OEW,CDR_regional,missing,missing,missing,missing,missing,missing,Mt
103,0.0,0.0,0.0,,,0.0,0.0314259,0.043968,0.0510056,45Q-2040,low,South Asia,CDR_regional,CDR,TEW,CDR_regional,missing,missing,missing,missing,missing,missing,Mt
104,0.0,0.0,0.0,,,0.0,0.147799,0.156503,0.15455,45Q-2040,low,South Korea,CDR_regional,CDR,BECCS,CDR_regional,missing,missing,missing,missing,missing,missing,Mt
105,0.0,0.0,0.0,,,0.0,0.0144967,0.0172787,0.0191917,45Q-2040,low,South Korea,CDR_regional,CDR,DAC,CDR_regional,missing,missing,missing,missing,missing,missing,Mt
106,0.0,0.0,0.0,,,0.0,0.0612966,0.0618384,0.0583493,45Q-2040,low,South Korea,CDR_regional,CDR,OEW,CDR_regional,missing,missing,missing,missing,missing,missing,Mt
107,0.0,0.0,0.0,,,0.0,0.017054,0.0196661,0.0200098,45Q-2040,low,South Korea,CDR_regional,CDR,TEW,CDR_regional,missing,missing,missing,missing,missing,missing,Mt
108,0.0,0.0,0.0,,,0.0,0.495285,0.571714,0.658862,45Q-2040,low,Southeast Asia,CDR_regional,CDR,BECCS,CDR_regional,missing,missing,missing,missing,missing,missing,Mt
109,0.0,0.0,0.0,,,0.0,0.181142,0.220171,0.27171,45Q-2040,low,Southeast Asia,CDR_regional,CDR,DAC,CDR_regional,missing,missing,missing,missing,missing,missing,Mt
110,0.0,0.0,0.0,,,0.0,0.374132,0.40534,0.439913,45Q-2040,low,Southeast Asia,CDR_regional,CDR,OEW,CDR_regional,missing,missing,missing,missing,missing,missing,Mt
111,0.0,0.0,0.0,,,0.0,0.164232,0.222681,0.25195,45Q-2040,low,Southeast Asia,CDR_regional,CDR,TEW,CDR_regional,missing,missing,missing,missing,missing,missing,Mt
112,0.0,0.0,0.0,,,0.0,0.151634,0.155523,0.145804,45Q-2040,low,Taiwan,CDR_regional,CDR,BECCS,CDR_regional,missing,missing,missing,missing,missing,missing,Mt
113,0.0,0.0,0.0,,,0.0,0.0432765,0.0345861,0.026014,45Q-2040,low,Taiwan,CDR_regional,CDR,DAC,CDR_regional,missing,missing,missing,missing,missing,missing,Mt
114,0.0,0.0,0.0,,,0.0,0.103394,0.0864755,0.0663654,45Q-2040,low,Taiwan,CDR_regional,CDR,OEW,CDR_regional,missing,missing,missing,missing,missing,missing,Mt
115,0.0,0.0,0.0,,,0.0,0.120388,0.146721,0.17253,45Q-2040,low,Argentina,CDR_regional,CDR,BECCS,CDR_regional,missing,missing,missing,missing,missing,missing,Mt
116,0.0,0.0,0.0,,,0.0,0.0556601,0.0715773,0.0881809,45Q-2040,low,Argentina,CDR_regional,CDR,DAC,CDR_regional,missing,missing,missing,missing,missing,missing,Mt
117,0.0,0.0,0.0,,,0.0,0.101383,0.118961,0.134073,45Q-2040,low,Argentina,CDR_regional,CDR,OEW,CDR_regional,missing,missing,missing,missing,missing,missing,Mt
118,0.0,0.0,0.0,,,0.0,0.0498276,0.0745369,0.0876353,45Q-2040,low,Argentina,CDR_regional,CDR,TEW,CDR_regional,missing,missing,missing,missing,missing,missing,Mt
119,0.0,0.0,0.0,,,0.0,0.0962524,0.11719,0.140471,45Q-2040,low,Colombia,CDR_regional,CDR,BECCS,CDR_regional,missing,missing,missing,missing,missing,missing,Mt
120,0.0,0.0,0.0,,,0.0,0.0399447,0.0511863,0.0648213,45Q-2040,low,Colombia,CDR_regional,CDR,DAC,CDR_regional,missing,missing,missing,missing,missing,missing,Mt
121,0.0,0.0,0.0,,,0.0,0.076623,0.0889737,0.101849,45Q-2040,low,Colombia,CDR_regional,CDR,OEW,CDR_regional,missing,missing,missing,missing,missing,missing,Mt
122,0.0,0.0,0.0,,,0.0,0.0182193,0.0234362,0.0261963,45Q-2040,low,Colombia,CDR_regional,CDR,TEW,CDR_regional,missing,missing,missing,missing,missing,missing,Mt
123,0.0,0.0,0.0,2.56815e-05,0.0446196,0.0758356,0.121999,0.548133,1.21038,45Q-2040,low,AL,CDR_regional,CDR,BECCS,CDR_regional,missing,missing,missing,missing,missing,missing,Mt
124,0.0,0.0,0.0,0.0623629,0.0756833,0.149728,0.28903,0.105573,0.235644,45Q-2040,low,AL,CDR_regional,CDR,DAC,CDR_regional,missing,missing,missing,missing,missing,missing,Mt
125,0.0,0.0,0.0,0.0055358,0.0131056,0.0313178,0.0638093,0.249331,0.477008,45Q-2040,low,AL,CDR_regional,CDR,OEW,CDR_regional,missing,missing,missing,missing,missing,missing,Mt
126,0.0,0.0,0.0,0.00157245,0.00492935,0.0163441,0.0438407,0.263171,0.585867,45Q-2040,low,AL,CDR_regional,CDR,TEW,CDR_regional,missing,missing,missing,missing,missing,missing,Mt
127,0.0,0.0,0.0,7.3525e-06,0.0171418,0.0309319,0.0526358,0.31829,0.385424,45Q-2040,low,AK,CDR_regional,CDR,BECCS,CDR_regional,missing,missing,missing,missing,missing,missing,Mt
128,0.0,0.0,0.0,0.00183871,0.00306263,0.00511643,0.00736636,0.01219,0.0199414,45Q-2040,low,AK,CDR_regional,CDR,DAC,CDR_regional,missing,missing,missing,missing,missing,missing,Mt
129,0.0,0.0,0.0,0.000361897,0.00102813,0.00254326,0.00532212,0.0251054,0.0407416,45Q-2040,low,AK,CDR_regional,CDR,OEW,CDR_regional,missing,missing,missing,missing,missing,missing,Mt
130,0.0,0.0,0.0,2.29718e-05,0.0413123,0.0749797,0.128833,0.546772,1.19652,45Q-2040,low,AZ,CDR_regional,CDR,BECCS,CDR_regional,missing,missing,missing,missing,missing,missing,Mt
131,0.0,0.0,0.0,0.0679845,0.0944415,0.206758,0.474647,0.12537,0.28371,45Q-2040,low,AZ,CDR_regional,CDR,DAC,CDR_regional,missing,missing,missing,missing,missing,missing,Mt
132,0.0,0.0,0.0,0.00161144,0.00566707,0.0210732,0.0635183,0.378261,0.836187,45Q-2040,low,AZ,CDR_regional,CDR,TEW,CDR_regional,missing,missing,missing,missing,missing,missing,Mt
133,0.0,0.0,0.0,2.15917e-05,0.03799,0.0687765,0.11599,0.532057,1.16214,45Q-2040,low,AR,CDR_regional,CDR,BECCS,CDR_regional,missing,missing,missing,missing,missing,missing,Mt
134,0.0,0.0,0.0,0.0529939,0.0651715,0.137531,0.27899,0.103153,0.227983,45Q-2040,low,AR,CDR_regional,CDR,DAC,CDR_regional,missing,missing,missing,missing,missing,missing,Mt
135,0.0,0.0,0.0,0.00116908,0.00368426,0.0129334,0.0364564,0.229593,0.535378,45Q-2040,low,AR,CDR_regional,CDR,TEW,CDR_regional,missing,missing,missing,missing,missing,missing,Mt
136,0.0,0.0,0.0,7.97553e-05,0.138449,0.230397,0.362771,1.69582,1.85069,45Q-2040,low,CA,CDR_regional,CDR,BECCS,CDR_regional,missing,missing,missing,missing,missing,missing,Mt
137,0.0,0.0,0.0,0.149297,0.191925,0.369886,0.677362,0.329197,0.673839,45Q-2040,low,CA,CDR_regional,CDR,DAC,CDR_regional,missing,missing,missing,missing,missing,missing,Mt
138,0.0,0.0,0.0,0.0234099,0.0554669,0.12756,0.249304,1.06976,2.02249,45Q-2040,low,CA,CDR_regional,CDR,OEW,CDR_regional,missing,missing,missing,missing,missing,missing,Mt
139,0.0,0.0,0.0,0.0070785,0.0246107,0.0855432,0.240197,1.68519,3.7079,45Q-2040,low,CA,CDR_regional,CDR,TEW,CDR_regional,missing,missing,missing,missing,missing,missing,Mt
140,0.0,0.0,0.0,2.76513e-05,0.0498118,0.0906907,0.156276,0.656544,1.43652,45Q-2040,low,CO,CDR_regional,CDR,BECCS,CDR_regional,missing,missing,missing,missing,missing,missing,Mt
141,0.0,0.0,0.0,0.0818333,0.113872,0.250082,0.575753,0.15054,0.340618,45Q-2040,low,CO,CDR_regional,CDR,DAC,CDR_regional,missing,missing,missing,missing,missing,missing,Mt
142,0.0,0.0,0.0,0.00182126,0.00627668,0.0231083,0.0694846,0.433981,1.0919,45Q-2040,low,CO,CDR_regional,CDR,TEW,CDR_regional,missing,missing,missing,missing,missing,missing,Mt
143,0.0,0.0,0.0,7.13579e-06,0.0126381,0.0207892,0.0323842,0.173455,0.401672,45Q-2040,low,CT,CDR_regional,CDR,BECCS,CDR_regional,missing,missing,missing,missing,missing,missing,Mt
144,0.0,0.0,0.0,0.00758607,0.00951916,0.0162625,0.0244575,0.0197443,0.0386912,45Q-2040,low,CT,CDR_regional,CDR,DAC,CDR_regional,missing,missing,missing,missing,missing,missing,Mt
145,0.0,0.0,0.0,0.00160721,0.0039123,0.00894864,0.0174418,0.0810673,0.161459,45Q-2040,low,CT,CDR_regional,CDR,OEW,CDR_regional,missing,missing,missing,missing,missing,missing,Mt
146,0.0,0.0,0.0,0.000657124,0.00227208,0.00739023,0.0182684,0.0829587,0.11013,45Q-2040,low,CT,CDR_regional,CDR,TEW,CDR_regional,missing,missing,missing,missing,missing,missing,Mt
147,0.0,0.0,0.0,4.2704e-05,0.00448713,0.00743036,0.0116388,0.0591569,0.129987,45Q-2040,low,DE,CDR_regional,CDR,BECCS,CDR_regional,missing,missing,missing,missing,missing,missing,Mt
148,0.0,0.0,0.0,0.00466482,0.00602532,0.0113465,0.0198715,0.0103324,0.0223491,45Q-2040,low,DE,CDR_regional,CDR,DAC,CDR_regional,missing,missing,missing,missing,missing,missing,Mt
149,0.0,0.0,0.0,0.000769966,0.00198827,0.0045849,0.00900175,0.0410273,0.0794369,45Q-2040,low,DE,CDR_regional,CDR,OEW,CDR_regional,missing,missing,missing,missing,missing,missing,Mt
150,0.0,0.0,0.0,0.000262189,0.000976939,0.00339252,0.00938318,0.0627816,0.127175,45Q-2040,low,DE,CDR_regional,CDR,TEW,CDR_regional,missing,missing,missing,missing,missing,missing,Mt
151,0.0,0.0,0.0,4.84465e-05,0.0849192,0.142171,0.226155,1.07186,1.74123,45Q-2040,low,FL,CDR_regional,CDR,BECCS,CDR_regional,missing,missing,missing,missing,missing,missing,Mt
152,0.0,0.0,0.0,0.142713,0.161472,0.316581,0.627788,0.239448,0.534589,45Q-2040,low,FL,CDR_regional,CDR,DAC,CDR_regional,missing,missing,missing,missing,missing,missing,Mt
153,0.0,0.0,0.0,0.0245952,0.0658812,0.155675,0.315452,1.41607,2.78975,45Q-2040,low,FL,CDR_regional,CDR,OEW,CDR_regional,missing,missing,missing,missing,missing,missing,Mt
154,0.0,0.0,0.0,0.00329922,0.0102816,0.0339492,0.0910522,0.59829,1.38135,45Q-2040,low,FL,CDR_regional,CDR,TEW,CDR_regional,missing,missing,missing,missing,missing,missing,Mt
155,0.0,0.0,0.0,2.77726e-05,0.0482715,0.0816482,0.130762,0.594614,1.31103,45Q-2040,low,GA,CDR_regional,CDR,BECCS,CDR_regional,missing,missing,missing,missing,missing,missing,Mt
156,0.0,0.0,0.0,0.0674407,0.0818776,0.161204,0.309789,0.114525,0.255238,45Q-2040,low,GA,CDR_regional,CDR,DAC,CDR_regional,missing,missing,missing,missing,missing,missing,Mt
157,0.0,0.0,0.0,0.00697617,0.0163825,0.0390182,0.0792615,0.312242,0.595292,45Q-2040,low,GA,CDR_regional,CDR,OEW,CDR_regional,missing,missing,missing,missing,missing,missing,Mt
158,0.0,0.0,0.0,0.00183687,0.00582319,0.0193938,0.0521895,0.320501,0.716,45Q-2040,low,GA,CDR_regional,CDR,TEW,CDR_regional,missing,missing,missing,missing,missing,missing,Mt
159,0.0,0.0,0.0,7.45111e-06,0.0132285,0.0237053,0.0398161,0.188696,0.42334,45Q-2040,low,ID,CDR_regional,CDR,BECCS,CDR_regional,missing,missing,missing,missing,missing,missing,Mt
160,0.0,0.0,0.0,0.0176809,0.0261707,0.057451,0.124656,0.0395797,0.0871455,45Q-2040,low,ID,CDR_regional,CDR,DAC,CDR_regional,missing,missing,missing,missing,missing,missing,Mt
161,0.0,0.0,0.0,0.000720508,0.00264652,0.0100682,0.0308332,0.233038,0.626332,45Q-2040,low,ID,CDR_regional,CDR,TEW,CDR_regional,missing,missing,missing,missing,missing,missing,Mt
162,0.0,0.0,0.0,4.78704e-05,0.0832154,0.139096,0.219311,1.04946,1.74122,45Q-2040,low,IL,CDR_regional,CDR,BECCS,CDR_regional,missing,missing,missing,missing,missing,missing,Mt
163,0.0,0.0,0.0,0.0960536,0.121328,0.231576,0.424574,0.188966,0.398534,45Q-2040,low,IL,CDR_regional,CDR,DAC,CDR_regional,missing,missing,missing,missing,missing,missing,Mt
164,0.0,0.0,0.0,0.0146674,0.0357093,0.0832878,0.164989,0.698548,1.31492,45Q-2040,low,IL,CDR_regional,CDR,OEW,CDR_regional,missing,missing,missing,missing,missing,missing,Mt
165,0.0,0.0,0.0,0.00303172,0.00984746,0.0328235,0.0889037,0.617676,1.47994,45Q-2040,low,IL,CDR_regional,CDR,TEW,CDR_regional,missing,missing,missing,missing,missing,missing,Mt
166,0.0,0.0,0.0,5.14945e-05,0.0901443,0.161231,0.269695,1.26273,1.80036,45Q-2040,low,IN,CDR_regional,CDR,BECCS,CDR_regional,missing,missing,missing,missing,missing,missing,Mt
167,0.0,0.0,0.0,0.124058,0.15241,0.313845,0.637859,0.248751,0.529385,45Q-2040,low,IN,CDR_regional,CDR,DAC,CDR_regional,missing,missing,missing,missing,missing,missing,Mt
168,0.0,0.0,0.0,0.00367793,0.0121698,0.0434901,0.123956,0.793773,1.7042,45Q-2040,low,IN,CDR_regional,CDR,TEW,CDR_regional,missing,missing,missing,missing,missing,missing,Mt
169,0.0,0.0,0.0,3.01215e-05,0.0530739,0.0949118,0.159883,0.733605,1.62243,45Q-2040,low,IA,CDR_regional,CDR,BECCS,CDR_regional,missing,missing,missing,missing,missing,missing,Mt
170,0.0,0.0,0.0,0.0737038,0.0955485,0.192547,0.412868,0.140488,0.299984,45Q-2040,low,IA,CDR_regional,CDR,DAC,CDR_regional,missing,missing,missing,missing,missing,missing,Mt
171,0.0,0.0,0.0,0.00181947,0.00615634,0.0226593,0.0685222,0.511921,1.41158,45Q-2040,low,IA,CDR_regional,CDR,TEW,CDR_regional,missing,missing,missing,missing,missing,missing,Mt
172,0.0,0.0,0.0,2.39225e-05,0.0431812,0.0793734,0.137403,0.572579,1.25197,45Q-2040,low,KS,CDR_regional,CDR,BECCS,CDR_regional,missing,missing,missing,missing,missing,missing,Mt
173,0.0,0.0,0.0,0.0682337,0.0965343,0.218163,0.499133,0.124804,0.269528,45Q-2040,low,KS,CDR_regional,CDR,DAC,CDR_regional,missing,missing,missing,missing,missing,missing,Mt
174,0.0,0.0,0.0,0.0013419,0.0044458,0.0161679,0.0480283,0.293493,0.752615,45Q-2040,low,KS,CDR_regional,CDR,TEW,CDR_regional,missing,missing,missing,missing,missing,missing,Mt
175,0.0,0.0,0.0,3.20861e-05,0.0562116,0.100712,0.168763,0.786632,1.72602,45Q-2040,low,KY,CDR_regional,CDR,BECCS,CDR_regional,missing,missing,missing,missing,missing,missing,Mt
176,0.0,0.0,0.0,0.0773006,0.095039,0.196041,0.399144,0.154963,0.342364,45Q-2040,low,KY,CDR_regional,CDR,DAC,CDR_regional,missing,missing,missing,missing,missing,missing,Mt
177,0.0,0.0,0.0,0.00219432,0.00719157,0.0255549,0.0724477,0.458905,1.01515,45Q-2040,low,KY,CDR_regional,CDR,TEW,CDR_regional,missing,missing,missing,missing,missing,missing,Mt
178,0.0,0.0,0.0,4.55796e-05,0.0796566,0.13553,0.218236,0.981458,1.69011,45Q-2040,low,LA,CDR_regional,CDR,BECCS,CDR_regional,missing,missing,missing,missing,missing,missing,Mt
179,0.0,0.0,0.0,0.110682,0.135113,0.267586,0.517026,0.189033,0.408969,45Q-2040,low,LA,CDR_regional,CDR,DAC,CDR_regional,missing,missing,missing,missing,missing,missing,Mt
180,0.0,0.0,0.0,0.0104396,0.0229411,0.0549427,0.112024,0.41841,0.753652,45Q-2040,low,LA,CDR_regional,CDR,OEW,CDR_regional,missing,missing,missing,missing,missing,missing,Mt
181,0.0,0.0,0.0,0.00277928,0.00843303,0.0279533,0.0750133,0.431194,0.896833,45Q-2040,low,LA,CDR_regional,CDR,TEW,CDR_regional,missing,missing,missing,missing,missing,missing,Mt
182,0.0,0.0,0.0,4.81712e-05,0.00530756,0.00874413,0.0135961,0.0725199,0.163483,45Q-2040,low,ME,CDR_regional,CDR,BECCS,CDR_regional,missing,missing,missing,missing,missing,missing,Mt
183,0.0,0.0,0.0,0.00294714,0.0039977,0.00684019,0.0102682,0.00825488,0.0157476,45Q-2040,low,ME,CDR_regional,CDR,DAC,CDR_regional,missing,missing,missing,missing,missing,missing,Mt
184,0.0,0.0,0.0,0.00051974,0.00133332,0.00303558,0.00586319,0.0267134,0.0511568,45Q-2040,low,ME,CDR_regional,CDR,OEW,CDR_regional,missing,missing,missing,missing,missing,missing,Mt
185,0.0,0.0,0.0,0.000210533,0.000766118,0.00254635,0.00683968,0.0514431,0.119025,45Q-2040,low,ME,CDR_regional,CDR,TEW,CDR_regional,missing,missing,missing,missing,missing,missing,Mt
186,0.0,0.0,0.0,1.22232e-05,0.0211444,0.034962,0.0546919,0.278183,0.609739,45Q-2040,low,MD,CDR_regional,CDR,BECCS,CDR_regional,missing,missing,missing,missing,missing,missing,Mt
187,0.0,0.0,0.0,0.0232013,0.0283927,0.0533884,0.0933785,0.0485876,0.104834,45Q-2040,low,MD,CDR_regional,CDR,DAC,CDR_regional,missing,missing,missing,missing,missing,missing,Mt
188,0.0,0.0,0.0,0.00412813,0.0102616,0.0236389,0.0463871,0.213782,0.415734,45Q-2040,low,MD,CDR_regional,CDR,OEW,CDR_regional,missing,missing,missing,missing,missing,missing,Mt
189,0.0,0.0,0.0,0.00132192,0.004681,0.0162204,0.0445634,0.284328,0.552121,45Q-2040,low,MD,CDR_regional,CDR,TEW,CDR_regional,missing,missing,missing,missing,missing,missing,Mt
190,0.0,0.0,0.0,1.23115e-05,0.0218731,0.0360702,0.0562766,0.302327,0.710798,45Q-2040,low,MA,CDR_regional,CDR,BECCS,CDR_regional,missing,missing,missing,missing,missing,missing,Mt
191,0.0,0.0,0.0,0.0130883,0.016475,0.0282163,0.0425018,0.0344136,0.0684678,45Q-2040,low,MA,CDR_regional,CDR,DAC,CDR_regional,missing,missing,missing,missing,missing,missing,Mt
192,0.0,0.0,0.0,0.00237061,0.00569203,0.0130165,0.0253292,0.116434,0.23297,45Q-2040,low,MA,CDR_regional,CDR,OEW,CDR_regional,missing,missing,missing,missing,missing,missing,Mt
193,0.0,0.0,0.0,0.00109773,0.00377559,0.0121773,0.0296352,0.12899,0.158578,45Q-2040,low,MA,CDR_regional,CDR,TEW,CDR_regional,missing,missing,missing,missing,missing,missing,Mt
194,0.0,0.0,0.0,4.16392e-05,0.0728448,0.130104,0.217325,1.02202,1.78232,45Q-2040,low,MI,CDR_regional,CDR,BECCS,CDR_regional,missing,missing,missing,missing,missing,missing,Mt
195,0.0,0.0,0.0,0.100315,0.123161,0.253254,0.513998,0.201333,0.435254,45Q-2040,low,MI,CDR_regional,CDR,DAC,CDR_regional,missing,missing,missing,missing,missing,missing,Mt
196,0.0,0.0,0.0,0.00308307,0.0102883,0.0369513,0.105756,0.675784,1.44675,45Q-2040,low,MI,CDR_regional,CDR,TEW,CDR_regional,missing,missing,missing,missing,missing,missing,Mt
197,0.0,0.0,0.0,2.81005e-05,0.049519,0.0885848,0.149243,0.683723,1.51097,45Q-2040,low,MN,CDR_regional,CDR,BECCS,CDR_regional,missing,missing,missing,missing,missing,missing,Mt
198,0.0,0.0,0.0,0.0687588,0.0891487,0.179712,0.385391,0.130936,0.279376,45Q-2040,low,MN,CDR_regional,CDR,DAC,CDR_regional,missing,missing,missing,missing,missing,missing,Mt
199,0.0,0.0,0.0,0.00165916,0.00561767,0.0207322,0.062888,0.469919,1.28499,45Q-2040,low,MN,CDR_regional,CDR,TEW,CDR_regional,missing,missing,missing,missing,missing,missing,Mt
200,0.0,0.0,0.0,1.58723e-05,0.0276179,0.0470898,0.0759525,0.338872,0.74845,45Q-2040,low,MS,CDR_regional,CDR,BECCS,CDR_regional,missing,missing,missing,missing,missing,missing,Mt
201,0.0,0.0,0.0,0.038543,0.0468452,0.0929728,0.17994,0.065268,0.145712,45Q-2040,low,MS,CDR_regional,CDR,DAC,CDR_regional,missing,missing,missing,missing,missing,missing,Mt
202,0.0,0.0,0.0,0.00319858,0.00746222,0.0178981,0.0365748,0.140016,0.265495,45Q-2040,low,MS,CDR_regional,CDR,OEW,CDR_regional,missing,missing,missing,missing,missing,missing,Mt
203,0.0,0.0,0.0,0.000915424,0.00283075,0.00936046,0.0251411,0.152455,0.353851,45Q-2040,low,MS,CDR_regional,CDR,TEW,CDR_regional,missing,missing,missing,missing,missing,missing,Mt
204,0.0,0.0,0.0,3.56297e-05,0.062248,0.111419,0.184989,0.887805,1.72867,45Q-2040,low,MO,CDR_regional,CDR,BECCS,CDR_regional,missing,missing,missing,missing,missing,missing,Mt
205,0.0,0.0,0.0,0.0714921,0.0907575,0.185497,0.358129,0.159859,0.338263,45Q-2040,low,MO,CDR_regional,CDR,DAC,CDR_regional,missing,missing,missing,missing,missing,missing,Mt
206,0.0,0.0,0.0,0.00203567,0.00653298,0.0231401,0.0658184,0.460028,1.12583,45Q-2040,low,MO,CDR_regional,CDR,TEW,CDR_regional,missing,missing,missing,missing,missing,missing,Mt
207,0.0,0.0,0.0,1.04866e-05,0.0186718,0.0337117,0.0570521,0.256869,0.56964,45Q-2040,low,MT,CDR_regional,CDR,BECCS,CDR_regional,missing,missing,missing,missing,missing,missing,Mt
208,0.0,0.0,0.0,0.0248839,0.0369396,0.0817019,0.178618,0.0538794,0.117262,45Q-2040,low,MT,CDR_regional,CDR,DAC,CDR_regional,missing,missing,missing,missing,missing,missing,Mt
209,0.0,0.0,0.0,0.000807724,0.00285647,0.0106401,0.0319355,0.219936,0.580067,45Q-2040,low,MT,CDR_regional,CDR,TEW,CDR_regional,missing,missing,missing,missing,missing,missing,Mt
210,0.0,0.0,0.0,2.12429e-05,0.0375346,0.0675173,0.1147,0.521076,1.14313,45Q-2040,low,NE,CDR_regional,CDR,BECCS,CDR_regional,missing,missing,missing,missing,missing,missing,Mt
211,0.0,0.0,0.0,0.051979,0.0675732,0.136972,0.296192,0.099788,0.211363,45Q-2040,low,NE,CDR_regional,CDR,DAC,CDR_regional,missing,missing,missing,missing,missing,missing,Mt
212,0.0,0.0,0.0,0.00121584,0.00393675,0.0139213,0.0401852,0.259525,0.639679,45Q-2040,low,NE,CDR_regional,CDR,TEW,CDR_regional,missing,missing,missing,missing,missing,missing,Mt
213,0.0,0.0,0.0,9.48401e-06,0.0168462,0.0302178,0.050802,0.238695,0.531009,45Q-2040,low,NV,CDR_regional,CDR,BECCS,CDR_regional,missing,missing,missing,missing,missing,missing,Mt
214,0.0,0.0,0.0,0.0225048,0.0333278,0.0732345,0.15905,0.0500673,0.109309,45Q-2040,low,NV,CDR_regional,CDR,DAC,CDR_regional,missing,missing,missing,missing,missing,missing,Mt
215,0.0,0.0,0.0,0.000891201,0.00324697,0.0123093,0.03758,0.27903,0.697738,45Q-2040,low,NV,CDR_regional,CDR,TEW,CDR_regional,missing,missing,missing,missing,missing,missing,Mt
216,0.0,0.0,0.0,4.33187e-05,0.00475221,0.00781469,0.0121533,0.064747,0.14575,45Q-2040,low,NH,CDR_regional,CDR,BECCS,CDR_regional,missing,missing,missing,missing,missing,missing,Mt
217,0.0,0.0,0.0,0.00265026,0.00357941,0.00611312,0.00917851,0.0073701,0.0140394,45Q-2040,low,NH,CDR_regional,CDR,DAC,CDR_regional,missing,missing,missing,missing,missing,missing,Mt
218,0.0,0.0,0.0,0.000536846,0.00139831,0.00319428,0.00620895,0.0285369,0.0550005,45Q-2040,low,NH,CDR_regional,CDR,OEW,CDR_regional,missing,missing,missing,missing,missing,missing,Mt
219,0.0,0.0,0.0,0.000209045,0.000767995,0.00253395,0.00661921,0.0397925,0.0741599,45Q-2040,low,NH,CDR_regional,CDR,TEW,CDR_regional,missing,missing,missing,missing,missing,missing,Mt
220,0.0,0.0,0.0,2.09833e-05,0.0363162,0.0601861,0.0944469,0.475072,1.07844,45Q-2040,low,NJ,CDR_regional,CDR,BECCS,CDR_regional,missing,missing,missing,missing,missing,missing,Mt
221,0.0,0.0,0.0,0.0398292,0.0487655,0.0919067,0.161254,0.0829762,0.18542,45Q-2040,low,NJ,CDR_regional,CDR,DAC,CDR_regional,missing,missing,missing,missing,missing,missing,Mt
222,0.0,0.0,0.0,0.00699496,0.0167784,0.0387004,0.0760388,0.340484,0.678593,45Q-2040,low,NJ,CDR_regional,CDR,OEW,CDR_regional,missing,missing,missing,missing,missing,missing,Mt
223,0.0,0.0,0.0,0.00223307,0.00786227,0.0261736,0.0648263,0.266966,0.328119,45Q-2040,low,NJ,CDR_regional,CDR,TEW,CDR_regional,missing,missing,missing,missing,missing,missing,Mt
224,0.0,0.0,0.0,1.64422e-05,0.0295198,0.0534243,0.0913919,0.392168,0.863019,45Q-2040,low,NM,CDR_regional,CDR,BECCS,CDR_regional,missing,missing,missing,missing,missing,missing,Mt
225,0.0,0.0,0.0,0.0486603,0.0674834,0.147319,0.336706,0.0899208,0.204633,45Q-2040,low,NM,CDR_regional,CDR,DAC,CDR_regional,missing,missing,missing,missing,missing,missing,Mt
226,0.0,0.0,0.0,0.0011565,0.0041879,0.0159359,0.0492708,0.329271,0.840007,45Q-2040,low,NM,CDR_regional,CDR,TEW,CDR_regional,missing,missing,missing,missing,missing,missing,Mt
227,0.0,0.0,0.0,3.52453e-05,0.0614025,0.101327,0.157981,0.823154,1.5687,45Q-2040,low,NY,CDR_regional,CDR,BECCS,CDR_regional,missing,missing,missing,missing,missing,missing,Mt
228,0.0,0.0,0.0,0.0550138,0.0732374,0.133008,0.223188,0.129759,0.271318,45Q-2040,low,NY,CDR_regional,CDR,DAC,CDR_regional,missing,missing,missing,missing,missing,missing,Mt
229,0.0,0.0,0.0,0.0106386,0.0250832,0.0575644,0.11223,0.510913,0.992586,45Q-2040,low,NY,CDR_regional,CDR,OEW,CDR_regional,missing,missing,missing,missing,missing,missing,Mt
230,0.0,0.0,0.0,0.00342904,0.0119561,0.0411705,0.114257,0.916085,2.32487,45Q-2040,low,NY,CDR_regional,CDR,TEW,CDR_regional,missing,missing,missing,missing,missing,missing,Mt
231,0.0,0.0,0.0,2.59969e-05,0.0449093,0.0755497,0.120505,0.560747,1.23624,45Q-2040,low,NC,CDR_regional,CDR,BECCS,CDR_regional,missing,missing,missing,missing,missing,missing,Mt
232,0.0,0.0,0.0,0.0631286,0.0761747,0.149163,0.285489,0.108002,0.240678,45Q-2040,low,NC,CDR_regional,CDR,DAC,CDR_regional,missing,missing,missing,missing,missing,missing,Mt
233,0.0,0.0,0.0,0.00611732,0.0150461,0.0355401,0.0717337,0.303545,0.60129,45Q-2040,low,NC,CDR_regional,CDR,OEW,CDR_regional,missing,missing,missing,missing,missing,missing,Mt
234,0.0,0.0,0.0,0.00221861,0.0074588,0.0255257,0.070387,0.454362,1.00271,45Q-2040,low,NC,CDR_regional,CDR,TEW,CDR_regional,missing,missing,missing,missing,missing,missing,Mt
235,0.0,0.0,0.0,2.08109e-05,0.0367502,0.0660498,0.112116,0.510174,1.12018,45Q-2040,low,ND,CDR_regional,CDR,BECCS,CDR_regional,missing,missing,missing,missing,missing,missing,Mt
236,0.0,0.0,0.0,0.0509219,0.066161,0.133995,0.289519,0.0977002,0.20712,45Q-2040,low,ND,CDR_regional,CDR,DAC,CDR_regional,missing,missing,missing,missing,missing,missing,Mt
237,0.0,0.0,0.0,0.00120568,0.00393902,0.0139793,0.0404178,0.260007,0.631826,45Q-2040,low,ND,CDR_regional,CDR,TEW,CDR_regional,missing,missing,missing,missing,missing,missing,Mt
238,0.0,0.0,0.0,5.40217e-05,0.0943894,0.168079,0.280088,1.33262,1.80696,45Q-2040,low,OH,CDR_regional,CDR,BECCS,CDR_regional,missing,missing,missing,missing,missing,missing,Mt
239,0.0,0.0,0.0,0.130147,0.159588,0.327174,0.662441,0.26252,0.563142,45Q-2040,low,OH,CDR_regional,CDR,DAC,CDR_regional,missing,missing,missing,missing,missing,missing,Mt
240,0.0,0.0,0.0,0.00445334,0.0150826,0.0544417,0.156051,1.00695,2.11661,45Q-2040,low,OH,CDR_regional,CDR,TEW,CDR_regional,missing,missing,missing,missing,missing,missing,Mt
241,0.0,0.0,0.0,3.09505e-05,0.0556941,0.101722,0.174377,0.736012,1.62721,45Q-2040,low,OK,CDR_regional,CDR,BECCS,CDR_regional,missing,missing,missing,missing,missing,missing,Mt
242,0.0,0.0,0.0,0.0882792,0.124508,0.27959,0.633445,0.160428,0.350311,45Q-2040,low,OK,CDR_regional,CDR,DAC,CDR_regional,missing,missing,missing,missing,missing,missing,Mt
243,0.0,0.0,0.0,0.00180367,0.006287,0.0239401,0.0749091,0.528297,1.50051,45Q-2040,low,OK,CDR_regional,CDR,TEW,CDR_regional,missing,missing,missing,missing,missing,missing,Mt
244,0.0,0.0,0.0,9.79873e-06,0.0173332,0.0298126,0.0488973,0.215875,0.487285,45Q-2040,low,OR,CDR_regional,CDR,BECCS,CDR_regional,missing,missing,missing,missing,missing,missing,Mt
245,0.0,0.0,0.0,0.0230136,0.0338945,0.0712911,0.150598,0.0449781,0.0995391,45Q-2040,low,OR,CDR_regional,CDR,DAC,CDR_regional,missing,missing,missing,missing,missing,missing,Mt
246,0.0,0.0,0.0,0.00146427,0.00349933,0.00842533,0.0174163,0.0667899,0.131139,45Q-2040,low,OR,CDR_regional,CDR,OEW,CDR_regional,missing,missing,missing,missing,missing,missing,Mt
247,0.0,0.0,0.0,0.000867319,0.00307115,0.0109706,0.0320882,0.216472,0.564686,45Q-2040,low,OR,CDR_regional,CDR,TEW,CDR_regional,missing,missing,missing,missing,missing,missing,Mt
248,0.0,0.0,0.0,4.67128e-05,0.0807473,0.133897,0.209941,1.05642,1.70384,45Q-2040,low,PA,CDR_regional,CDR,BECCS,CDR_regional,missing,missing,missing,missing,missing,missing,Mt
249,0.0,0.0,0.0,0.0895129,0.10952,0.206749,0.363108,0.18562,0.395084,45Q-2040,low,PA,CDR_regional,CDR,DAC,CDR_regional,missing,missing,missing,missing,missing,missing,Mt
250,0.0,0.0,0.0,0.0138815,0.0338787,0.0782622,0.153883,0.690838,1.31029,45Q-2040,low,PA,CDR_regional,CDR,OEW,CDR_regional,missing,missing,missing,missing,missing,missing,Mt
251,0.0,0.0,0.0,0.00487308,0.0171112,0.0591104,0.161642,1.00422,1.9148,45Q-2040,low,PA,CDR_regional,CDR,TEW,CDR_regional,missing,missing,missing,missing,missing,missing,Mt
252,0.0,0.0,0.0,3.40546e-05,0.00374589,0.00617777,0.00963735,0.0519869,0.123974,45Q-2040,low,RI,CDR_regional,CDR,BECCS,CDR_regional,missing,missing,missing,missing,missing,missing,Mt
253,0.0,0.0,0.0,0.00208348,0.00282144,0.00483262,0.00727841,0.00591762,0.0119418,45Q-2040,low,RI,CDR_regional,CDR,DAC,CDR_regional,missing,missing,missing,missing,missing,missing,Mt
254,0.0,0.0,0.0,0.000378729,0.00098215,0.00224979,0.00438554,0.0202695,0.041184,45Q-2040,low,RI,CDR_regional,CDR,OEW,CDR_regional,missing,missing,missing,missing,missing,missing,Mt
255,0.0,0.0,0.0,0.000174328,0.000639304,0.00203943,0.00486073,0.0200449,0.022365,45Q-2040,low,RI,CDR_regional,CDR,TEW,CDR_regional,missing,missing,missing,missing,missing,missing,Mt
256,0.0,0.0,0.0,1.53658e-05,0.0266572,0.0448571,0.0715511,0.331182,0.730056,45Q-2040,low,SC,CDR_regional,CDR,BECCS,CDR_regional,missing,missing,missing,missing,missing,missing,Mt
257,0.0,0.0,0.0,0.0373131,0.0452156,0.0885648,0.169513,0.0637869,0.142131,45Q-2040,low,SC,CDR_regional,CDR,DAC,CDR_regional,missing,missing,missing,missing,missing,missing,Mt
258,0.0,0.0,0.0,0.00404089,0.00946115,0.0223723,0.0451565,0.183645,0.355249,45Q-2040,low,SC,CDR_regional,CDR,OEW,CDR_regional,missing,missing,missing,missing,missing,missing,Mt
259,0.0,0.0,0.0,0.00123121,0.00404716,0.0137365,0.0375036,0.233996,0.506075,45Q-2040,low,SC,CDR_regional,CDR,TEW,CDR_regional,missing,missing,missing,missing,missing,missing,Mt
260,0.0,0.0,0.0,9.42437e-06,0.0166462,0.0299244,0.050802,0.230968,0.506759,45Q-2040,low,SD,CDR_regional,CDR,BECCS,CDR_regional,missing,missing,missing,missing,missing,missing,Mt
261,0.0,0.0,0.0,0.0230603,0.0299679,0.0607075,0.131187,0.0442313,0.0936986,45Q-2040,low,SD,CDR_regional,CDR,DAC,CDR_regional,missing,missing,missing,missing,missing,missing,Mt
262,0.0,0.0,0.0,0.000545867,0.00177643,0.00629555,0.0182037,0.1184,0.294818,45Q-2040,low,SD,CDR_regional,CDR,TEW,CDR_regional,missing,missing,missing,missing,missing,missing,Mt
263,0.0,0.0,0.0,2.60807e-05,0.0457865,0.0824843,0.138527,0.640514,1.4038,45Q-2040,low,TN,CDR_regional,CDR,BECCS,CDR_regional,missing,missing,missing,missing,missing,missing,Mt
264,0.0,0.0,0.0,0.0640115,0.0785462,0.164943,0.333199,0.12418,0.275388,45Q-2040,low,TN,CDR_regional,CDR,DAC,CDR_regional,missing,missing,missing,missing,missing,missing,Mt
265,0.0,0.0,0.0,0.00163339,0.00526458,0.0186037,0.0524008,0.327994,0.731833,45Q-2040,low,TN,CDR_regional,CDR,TEW,CDR_regional,missing,missing,missing,missing,missing,missing,Mt
266,0.0,0.0,0.0,9.98655e-06,0.316249,0.552232,0.942409,1.96792,2.28641,45Q-2040,low,TX,CDR_regional,CDR,BECCS,CDR_regional,missing,missing,missing,missing,missing,missing,Mt
267,0.0,0.0,0.0,0.722214,1.01915,2.25925,5.56805,0.871647,2.09305,45Q-2040,low,TX,CDR_regional,CDR,DAC,CDR_regional,missing,missing,missing,missing,missing,missing,Mt
268,0.0,0.0,0.0,0.057545,0.140748,0.349363,0.763946,2.38759,4.69626,45Q-2040,low,TX,CDR_regional,CDR,OEW,CDR_regional,missing,missing,missing,missing,missing,missing,Mt
269,0.0,0.0,0.0,0.0117039,0.0411005,0.15031,0.464465,2.63216,6.92984,45Q-2040,low,TX,CDR_regional,CDR,TEW,CDR_regional,missing,missing,missing,missing,missing,missing,Mt
270,0.0,0.0,0.0,1.54209e-05,0.027472,0.049618,0.0841233,0.377562,0.830873,45Q-2040,low,UT,CDR_regional,CDR,BECCS,CDR_regional,missing,missing,missing,missing,missing,missing,Mt
271,0.0,0.0,0.0,0.0365924,0.0543494,0.120252,0.263372,0.0791952,0.171037,45Q-2040,low,UT,CDR_regional,CDR,DAC,CDR_regional,missing,missing,missing,missing,missing,missing,Mt
272,0.0,0.0,0.0,0.00123669,0.00431859,0.0158887,0.0467404,0.282193,0.602094,45Q-2040,low,UT,CDR_regional,CDR,TEW,CDR_regional,missing,missing,missing,missing,missing,missing,Mt
273,0.0,0.0,0.0,2.68775e-05,0.00298161,0.0052007,0.00846117,0.0463261,0.103571,45Q-2040,low,VT,CDR_regional,CDR,BECCS,CDR_regional,missing,missing,missing,missing,missing,missing,Mt
274,0.0,0.0,0.0,0.00166678,0.00227917,0.00413663,0.00651799,0.0053348,0.0101219,45Q-2040,low,VT,CDR_regional,CDR,DAC,CDR_regional,missing,missing,missing,missing,missing,missing,Mt
275,0.0,0.0,0.0,0.000129132,0.000481364,0.00170307,0.00479648,0.0374523,0.0875171,45Q-2040,low,VT,CDR_regional,CDR,TEW,CDR_regional,missing,missing,missing,missing,missing,missing,Mt
276,0.0,0.0,0.0,2.28946e-05,0.039583,0.0663816,0.105673,0.501086,1.10538,45Q-2040,low,VA,CDR_regional,CDR,BECCS,CDR_regional,missing,missing,missing,missing,missing,missing,Mt
277,0.0,0.0,0.0,0.0555953,0.0671403,0.131062,0.25035,0.0965111,0.215201,45Q-2040,low,VA,CDR_regional,CDR,DAC,CDR_regional,missing,missing,missing,missing,missing,missing,Mt
278,0.0,0.0,0.0,0.00595996,0.0143033,0.0335788,0.0673884,0.280975,0.539656,45Q-2040,low,VA,CDR_regional,CDR,OEW,CDR_regional,missing,missing,missing,missing,missing,missing,Mt
279,0.0,0.0,0.0,0.00217799,0.00749793,0.0259727,0.0723334,0.473222,1.01981,45Q-2040,low,VA,CDR_regional,CDR,TEW,CDR_regional,missing,missing,missing,missing,missing,missing,Mt
280,0.0,0.0,0.0,1.75056e-05,0.0310643,0.0528258,0.085849,0.393291,0.886011,45Q-2040,low,WA,CDR_regional,CDR,BECCS,CDR_regional,missing,missing,missing,missing,missing,missing,Mt
281,0.0,0.0,0.0,0.0411141,0.0607452,0.126323,0.264405,0.0819433,0.180988,45Q-2040,low,WA,CDR_regional,CDR,DAC,CDR_regional,missing,missing,missing,missing,missing,missing,Mt
282,0.0,0.0,0.0,0.00446065,0.00966758,0.0229531,0.0467066,0.175843,0.331381,45Q-2040,low,WA,CDR_regional,CDR,OEW,CDR_regional,missing,missing,missing,missing,missing,missing,Mt
283,0.0,0.0,0.0,0.00169243,0.00621151,0.0224946,0.0665423,0.464268,1.14826,45Q-2040,low,WA,CDR_regional,CDR,TEW,CDR_regional,missing,missing,missing,missing,missing,missing,Mt
284,0.0,0.0,0.0,2.49548e-05,0.0435501,0.0773949,0.129198,0.619997,1.37454,45Q-2040,low,WV,CDR_regional,CDR,BECCS,CDR_regional,missing,missing,missing,missing,missing,missing,Mt
285,0.0,0.0,0.0,0.06012,0.0736318,0.150653,0.305567,0.122136,0.272646,45Q-2040,low,WV,CDR_regional,CDR,DAC,CDR_regional,missing,missing,missing,missing,missing,missing,Mt
286,0.0,0.0,0.0,0.0023056,0.0079443,0.028498,0.0784215,0.382332,0.657409,45Q-2040,low,WV,CDR_regional,CDR,TEW,CDR_regional,missing,missing,missing,missing,missing,missing,Mt
287,0.0,0.0,0.0,2.78269e-05,0.0481845,0.0848831,0.138874,0.707167,1.56821,45Q-2040,low,WI,CDR_regional,CDR,BECCS,CDR_regional,missing,missing,missing,missing,missing,missing,Mt
288,0.0,0.0,0.0,0.0558356,0.0702529,0.141319,0.268853,0.127333,0.276521,45Q-2040,low,WI,CDR_regional,CDR,DAC,CDR_regional,missing,missing,missing,missing,missing,missing,Mt
289,0.0,0.0,0.0,0.0020346,0.00755964,0.0296562,0.0933084,0.782202,1.90126,45Q-2040,low,WI,CDR_regional,CDR,TEW,CDR_regional,missing,missing,missing,missing,missing,missing,Mt
290,0.0,0.0,0.0,1.96369e-05,0.0353154,0.064082,0.110104,0.468232,1.02566,45Q-2040,low,WY,CDR_regional,CDR,BECCS,CDR_regional,missing,missing,missing,missing,missing,missing,Mt
291,0.0,0.0,0.0,0.0581148,0.0807324,0.176708,0.405645,0.107362,0.243199,45Q-2040,low,WY,CDR_regional,CDR,DAC,CDR_regional,missing,missing,missing,missing,missing,missing,Mt
292,0.0,0.0,0.0,0.00143431,0.00501244,0.0184865,0.0554064,0.341431,0.82071,45Q-2040,low,WY,CDR_regional,CDR,TEW,CDR_regional,missing,missing,missing,missing,missing,missing,Mt
