,1990,2005,2010,2015,2020,2025,2030,2035,2040,2045,2050,2055,2060,2065,2070,2075,2080,2085,2090,2095,2100,Version,GCAM,input,cat
0,,,,,,0.47700811606184956,0.6268199056522377,,-0.6119078408941259,-1.9653050363487579,-2.5862041713159374,-2.8470650697037865,-2.9355310640675825,-2.9589611910475866,-2.9607096657817644,-2.9494310974552977,-2.9193019905805553,-2.881185699377632,-2.8380454229421828,-2.795692373493401,-2.743956623465904,Lower CI,USA,Non-Staples,USANon-Staples
1,0.0,0.0,0.0,0.0,-0.0005269916479733183,0.47932689539200624,0.6271955186819866,,-0.156992733620001,-0.40321036279598843,-0.5033102801779705,-0.5283770447960023,-0.5326499370619899,-0.5374808724599802,-0.5396814626560058,-0.5320304498640667,-0.5031724670300264,-0.4681591359399988,-0.43161218433201043,-0.3972633344340011,-0.35628957074999335,Median,USA,Non-Staples,USANon-Staples
2,,,,,,0.48071560021192994,0.6283168907637455,,0.08739797082636752,0.0014356422972900962,0.049931205687943514,0.09166353147104389,0.10822951035131112,0.10444624211783227,0.10015952267355477,0.10444600718944996,0.12943838626525106,0.1577665994453601,0.18612707557766872,0.2147075586779139,0.24911485299766278,Upper CI,USA,Non-Staples,USANon-Staples
16,,,,,,0.08394728389378817,0.09939225223920743,,0.04138888109622588,-0.001604171756888064,-0.021474954871453508,-0.02945348433603695,-0.03431084897476789,-0.03990798689865736,-0.04725904582278556,-0.053883654579361326,-0.05797798296092642,-0.05980595438435762,-0.05977656687471195,-0.0586347564513725,-0.056213497124032466,Lower CI,USA,Staples,USAStaples
17,0.0,0.0,0.0,0.0,-3.235731399886532e-05,0.08405399990399953,0.09939432309600083,,0.0429763558399987,0.01921715704000082,0.011559731280000207,0.008746400549999311,0.0057750798799998115,0.000976177459999672,-0.005043523539999928,-0.010562246800000175,-0.01429242817999965,-0.016406108909999162,-0.01675918467000015,-0.015896088900000827,-0.014175953160000088,Median,USA,Staples,USAStaples
18,,,,,,0.0841082901327109,0.09945403935225998,,0.05043300272243845,0.033398359776888625,0.02959889210145455,0.027859860926036595,0.025256430972266826,0.020741997816156692,0.015183253737785899,0.010033729126861221,0.006304269773428059,0.003998740436858182,0.003367912177211836,0.003933288518871196,0.005204217691531357,Upper CI,USA,Staples,USAStaples
32,,,,,,-0.1670833544126231,-0.11928672707097351,,-0.34003137932022487,-0.7902148897117858,-1.0010097422581568,-1.1628619964612543,-1.2869107810763556,-1.3749383818197933,-1.4304837374912305,-1.4522562483252885,-1.4375833738475006,-1.4028885025469258,-1.3462788532239522,-1.2681129891786704,-1.204096817440195,Lower CI,Eastern Africa,Non-Staples,Eastern AfricaNon-Staples
33,0.0,0.0,0.0,-5.454020026718354e-07,-0.00019751317800142942,-0.16105813045299655,-0.1186242435859981,,-0.28569506100198794,-0.3877176609420019,-0.48235086275602157,-0.58300150936401,-0.6898888608300382,-0.7838133451339786,-0.8633992216700221,-0.9198367797460207,-0.941257045381974,-0.9463171893160052,-0.9289454090399829,-0.8773533754259972,-0.8331528842480225,Median,Eastern Africa,Non-Staples,Eastern AfricaNon-Staples
34,,,,,,-0.15786845689162068,-0.11526400914661544,,-0.20653617764400467,-0.23306074298847962,-0.29133722215787144,-0.36094498349948095,-0.4408900137874496,-0.5145222446249371,-0.5772246346257672,-0.6224747019507318,-0.6404520395039679,-0.6447322423465707,-0.6300108168430268,-0.5949858293113387,-0.5708151587350819,Upper CI,Eastern Africa,Non-Staples,Eastern AfricaNon-Staples
48,,,,,,0.3085714706923816,0.3338976954413673,,0.1898320030916378,0.11312313006491032,0.07097645871135658,0.06736246155574499,0.06800858332397446,0.06693997507603341,0.0636773213509444,0.05908494951065847,0.05445682143464799,0.049220617950304565,0.04310392964727885,0.038413370210674855,0.035274213196828094,Lower CI,Eastern Africa,Staples,Eastern AfricaStaples
49,0.0,0.0,0.0,0.0,0.00021158393999876068,0.3105190749600002,0.33403210072,,0.19114964064000084,0.13298264079999988,0.09833196042000303,0.09586863691999703,0.09480152554000298,0.09178424946000163,0.08707892349999824,0.0811755007999988,0.07540617130000005,0.07046317035999916,0.06394107431999974,0.05803801764000127,0.05311742032000133,Median,Eastern Africa,Staples,Eastern AfricaStaples
50,,,,,,0.3115245655051196,0.33490558388129904,,0.20101722190836188,0.14919265244758723,0.11680627083864861,0.11447025341675332,0.11257839709602709,0.10863871825147023,0.10329942108155155,0.09683873413183995,0.09019968764785384,0.08294239933969556,0.07489185863272227,0.06843352917682606,0.06353858802817437,Upper CI,Eastern Africa,Staples,Eastern AfricaStaples
64,,,,,,0.03848860772313231,0.1167017759168819,,-0.21668950116745578,-0.6365670882331534,-0.8119661713887613,-0.8884461345185688,-0.9193164608355395,-0.9278578241876233,-0.9347887220685636,-0.9297167581385626,-0.9135867707286501,-0.8932580405130098,-0.8705576833992144,-0.8395632573284718,-0.8234003477684848,Lower CI,Northern Africa,Non-Staples,Northern AfricaNon-Staples
65,0.0,0.0,0.0,0.0,-0.00013183387230952803,0.03978064977901852,0.11683853593720528,,-0.07992101535641893,-0.15097988408609098,-0.20624814792053314,-0.22689008460804416,-0.2484695960706489,-0.2675215202909129,-0.2919974705438406,-0.30706077474435034,-0.31046853936425833,-0.31001798278441584,-0.30775151561531544,-0.29696316811607915,-0.3011821404745376,Median,Northern Africa,Non-Staples,Northern AfricaNon-Staples
66,,,,,,0.04023772099067904,0.11743401026070237,,0.0005514940627475845,-0.023801762638433144,-0.04720543141068634,-0.054958989894949184,-0.07513173861804862,-0.09806251436922786,-0.12802522796682386,-0.14895136918096874,-0.15796315483234047,-0.16367039183328502,-0.16862548411345024,-0.1633575781318225,-0.17329534656702061,Upper CI,Northern Africa,Non-Staples,Northern AfricaNon-Staples
80,,,,,,0.16984512446940433,0.18325454007424843,,0.12346920066526793,0.08185944927974789,0.05996670065736048,0.046732586854099166,0.035363364113295416,0.024343969671689586,0.01148340067170155,-0.00012202260122863573,-0.009593586078237605,-0.0184901563712947,-0.027468756320668614,-0.034819104744162964,-0.046921939311666994,Lower CI,Northern Africa,Staples,Northern AfricaStaples
81,0.0,0.0,0.0,0.0,-1.8443847999094487e-05,0.17000248069800072,0.1832715131520004,,0.1253873815599995,0.11053025393799931,0.10004390928299944,0.09077752955300156,0.07904728986599974,0.06656399074199859,0.052439621584000395,0.039138706146000235,0.027420634431999158,0.015194099333999844,0.003751247881999653,-0.00541439100800023,-0.019309765105999688,Median,Northern Africa,Staples,Northern AfricaStaples
82,,,,,,0.17007093289084632,0.18333183035721898,,0.13506436522246637,0.12783427980625114,0.12228338627513918,0.11420986146015435,0.10195671995520464,0.088543049152809,0.07363018737479828,0.05932825366372786,0.04635688473523739,0.03363877466154319,0.021092508673166394,0.010637137798161243,-0.004456953090833604,Upper CI,Northern Africa,Staples,Northern AfricaStaples
96,,,,,,0.04551151276350864,0.08387176358235247,,-0.1947281444515583,-0.4964334792813944,-0.6089403262987337,-0.6670012039038844,-0.69796082419339,-0.716609920768819,-0.7288684335763241,-0.7370271879343951,-0.7413444253241926,-0.7417867485151665,-0.7320719302643248,-0.7108877818936401,-0.6868349037660901,Lower CI,Southern Africa,Non-Staples,Southern AfricaNon-Staples
97,0.0,0.0,0.0,0.0,-0.00021308502000039198,0.04660996850000032,0.0839798995679999,,-0.1113464889860083,-0.19197082750399375,-0.2341372938599875,-0.2560193229720156,-0.2763282438239898,-0.29709909034200876,-0.31562546528000013,-0.3323210825879883,-0.34546175239199073,-0.3581521409400139,-0.36409412891601534,-0.3601727331639992,-0.35209970992999473,Median,Southern Africa,Non-Staples,Southern AfricaNon-Staples
98,,,,,,0.04718991878399346,0.08469656851977526,,-0.05909749874365519,-0.11081956494484607,-0.13830271425824994,-0.1519259960211295,-0.16843076351133945,-0.18742636135143137,-0.2048437599954237,-0.2201708722830883,-0.2326739138307995,-0.24603027962461085,-0.2541838804971935,-0.25381668771134436,-0.24879116057815545,Upper CI,Southern Africa,Non-Staples,Southern AfricaNon-Staples
112,,,,,,0.053365032144930616,0.07012996393445411,,0.026596626943313405,0.002449750094537271,-0.005421178982074866,-0.006148342899448166,-0.004698884001291785,-0.003592914385821315,-0.003483222865572049,-0.0033685642580220942,-0.003232502802266503,-0.0031363256388151585,-0.0030683658312808853,-0.002830780936450986,-0.0025751278830980183,Lower CI,Southern Africa,Staples,Southern AfricaStaples
113,0.0,0.0,0.0,0.0,-3.4490959999189386e-06,0.05384152337599879,0.07017566314400092,,0.02776733860800107,0.011542753181998933,0.006679883929999519,0.006686896135999376,0.007605073062000756,0.008031688323999475,0.007709581035999946,0.00745298690400098,0.007146165117999814,0.006723588192000918,0.006235394258000682,0.005975345541999744,0.005721356323999061,Median,Southern Africa,Staples,Southern AfricaStaples
114,,,,,,0.05408628639881939,0.07039686717648164,,0.03139868653428972,0.01727723154846175,0.013335183742825303,0.013548666173447143,0.014197580523293644,0.014352180899070303,0.013808531218321745,0.013337869321522894,0.012785247046266048,0.012062100720065524,0.011270183839531035,0.010747200421701112,0.010227263877594785,Upper CI,Southern Africa,Staples,Southern AfricaStaples
128,,,,,,0.16671803997848655,0.2852792053305434,,-0.5624750836902204,-1.6551606867427506,-1.9620068994077902,-2.2342815929665756,-2.450461011905211,-2.6214586093735255,-2.7726675336772897,-2.9263851976276007,-3.0992975165972645,-3.3192068985441274,-3.557180531829284,-3.7338567423907465,-3.7568274626949307,Lower CI,Western Africa,Non-Staples,Western AfricaNon-Staples
129,0.0,0.0,0.0,0.0,-0.0002994821799973124,0.18047274366998778,0.2867298626000121,,-0.39550833363998095,-0.6118150722799811,-0.6983719151799903,-0.8170273773800147,-0.9452192697399795,-1.0643891176799798,-1.1716076829599729,-1.2676495836199706,-1.3427812161599775,-1.40912780427999,-1.4511523201600198,-1.469558655820009,-1.4659961977199885,Median,Western Africa,Non-Staples,Western AfricaNon-Staples
130,,,,,,0.18749297475899163,0.29374812937346984,,-0.24785845501376785,-0.30783718946973637,-0.35495790505220215,-0.432858173560972,-0.523889893782255,-0.6108379426864667,-0.6858172126476698,-0.7470089051498676,-0.7753651867052154,-0.7746822959583852,-0.739098432975767,-0.6924710979967612,-0.6721814865875315,Upper CI,Western Africa,Non-Staples,Western AfricaNon-Staples
144,,,,,,0.2026132159630572,0.28063736438559395,,0.09997906419678808,-0.023520787886306273,-0.054415857709700394,-0.06091712179296459,-0.055081350965344014,-0.04738489174972178,-0.041398600715598234,-0.03662322718944476,-0.03410851555323115,-0.03490990770977042,-0.03900830755344504,-0.04281429150860856,-0.04188585221097502,Lower CI,Western Africa,Staples,Western AfricaStaples
145,0.0,0.0,0.0,0.0,5.301857999739923e-05,0.21001808327999782,0.28120852224000004,,0.10659115039999989,0.04632239376000058,0.033845284340003445,0.033251717020000626,0.03540628899999376,0.0376573478400033,0.0390045030999886,0.04007855212000777,0.04067467035999783,0.04108297900000224,0.04075569912000532,0.039732511840000484,0.03821088667999817,Median,Western Africa,Staples,Western AfricaStaples
146,,,,,,0.21359999302694138,0.28399964140374145,,0.12707593316321833,0.0818928431538056,0.07501507766719864,0.0762423704954621,0.07715709053034443,0.07759902009222726,0.07738179146058502,0.07717212683945106,0.07697506300823699,0.0774385993822656,0.07812415501845232,0.0779011788461131,0.07532120013097793,Upper CI,Western Africa,Staples,Western AfricaStaples
160,,,,,,0.03794578772833173,0.04481462791079663,,-0.07670998068761964,-0.19633662846946726,-0.26127110907394996,-0.29110083778422163,-0.3057912473047054,-0.32060129007381327,-0.33212825076298813,-0.3401324084921819,-0.3437702389002949,-0.341855207206556,-0.3288764669840077,-0.30890639061917646,-0.28746395456660434,Lower CI,Australia and New Zealand,Non-Staples,Australia and New ZealandNon-Staples
161,0.0,0.0,0.0,0.0,-0.00025814953600189483,0.038447507261998304,0.04485823645400089,,-0.02977376197999959,-0.0609865530739917,-0.07663544492199748,-0.08439520053200411,-0.09022823894400034,-0.10274718720799925,-0.11483014084000231,-0.12567363346800065,-0.1334956100720035,-0.13847416516799527,-0.13135286018000158,-0.11518211884200369,-0.09791599673399531,Median,Australia and New Zealand,Non-Staples,Australia and New ZealandNon-Staples
162,,,,,,0.038663478305415895,0.04506781825347424,,-0.005528269321181965,-0.021272207831021836,-0.02319546917430078,-0.024438522869033863,-0.027834727559295697,-0.0397729394066873,-0.05224311296926579,-0.06403081854431797,-0.0730928852574578,-0.0789109078106855,-0.07232770152749562,-0.05779869306957644,-0.042373859402640046,Upper CI,Australia and New Zealand,Non-Staples,Australia and New ZealandNon-Staples
176,,,,,,0.007962605842786217,0.009597848954611415,,0.0034443191894877015,-0.00253879367829844,-0.005770089020485071,-0.006911705016385639,-0.007572035221901782,-0.008526109889294184,-0.009627741917260884,-0.010688587002911386,-0.0115827931359242,-0.011925915556012922,-0.01164175750144147,-0.011077073878910451,-0.010427996378437608,Lower CI,Australia and New Zealand,Staples,Australia and New ZealandStaples
177,0.0,0.0,0.0,0.0,0.0002534366524000742,0.0086329243797999,0.00964128341800008,,0.003599041921599988,0.0007571950381998205,-0.0005199182715999173,-0.0010645383583997026,-0.0015384449151998325,-0.0024404678596001705,-0.0035263894979999932,-0.004634275876799654,-0.005647700308200054,-0.006186672860599707,-0.006086238978999958,-0.005674873735199926,-0.005214799873199949,Median,Australia and New Zealand,Staples,Australia and New ZealandStaples
178,,,,,,0.008916201668238515,0.009763395168455242,,0.004437641761445655,0.002339164544398348,0.0014645750687351734,0.0010149352627608832,0.0005805026966019698,-0.00028738374128094244,-0.0013472574802890387,-0.0024553663874882304,-0.003503922443176013,-0.004083561892586841,-0.004033060379408485,-0.0036954776382143043,-0.0033114622583122083,Upper CI,Australia and New Zealand,Staples,Australia and New ZealandStaples
192,,,,,,0.09003218959839265,0.09598921819438314,,-0.5039242735971354,-0.9527304332111728,-1.09414248651866,-1.1288735392423546,-1.107142840605808,-1.0947299049118961,-1.0707787350352085,-1.034594610294639,-0.9862064534689117,-0.9371254637022446,-0.863706677125976,-0.7765944441753766,-0.6895350462414526,Lower CI,Brazil,Non-Staples,BrazilNon-Staples
193,0.0,0.0,0.0,0.0,-0.00027145812399709257,0.0904307999580034,0.0960537680340039,,-0.2662142403480061,-0.37454161117999973,-0.41252856416799943,-0.41882025157800484,-0.4136714318820012,-0.4357501457539996,-0.45242867883799676,-0.4606271919719944,-0.4544656175520103,-0.452044338887994,-0.42139067903600136,-0.3701034313840026,-0.317817644662,Median,Brazil,Non-Staples,BrazilNon-Staples
194,,,,,,0.09064933364936434,0.09629938442296126,,-0.1428244961890131,-0.20524726654982633,-0.21633786720408726,-0.21650366918739633,-0.21734418705894748,-0.24969183388785204,-0.2784293052670376,-0.2993436827818545,-0.3047436519645987,-0.3122131087430011,-0.28982052777727346,-0.2497043220536349,-0.2083131969430455,Upper CI,Brazil,Non-Staples,BrazilNon-Staples
208,,,,,,0.08206428442370885,0.08319466087019947,,0.06042254656325314,0.04482146267269306,0.037222200430936006,0.03385276273411556,0.0314671329825043,0.028379925960905238,0.02495736402120818,0.021959323738118163,0.019673755727135634,0.01765836898093856,0.01605793317278306,0.014666268475402098,0.013207209092583053,Lower CI,Brazil,Staples,BrazilStaples
209,0.0,0.0,0.0,0.0,-2.153291999995588e-05,0.08212256439399956,0.0832116753640002,,0.062323429575999345,0.04979520209599997,0.043941201276999964,0.04060044349099967,0.03787530378799997,0.034340619867999855,0.030526501945999707,0.026989391412000296,0.024036496629000537,0.021300889793000044,0.019133698714000502,0.01732026319600033,0.015528701257999988,Median,Brazil,Staples,BrazilStaples
210,,,,,,0.08215121876504027,0.08322724289593428,,0.06884405498527983,0.06057683713155669,0.05301375402956392,0.04874499332113371,0.0452995198104958,0.041107619269344454,0.03670056885629142,0.03261676330288192,0.029045816843115534,0.025820139690061666,0.02312693965246757,0.02078764622484851,0.01854875959216692,Upper CI,Brazil,Staples,BrazilStaples
224,,,,,,0.02242004496231276,0.02920747681094589,,-0.11409324126101582,-0.2526485243508779,-0.3182959790277513,-0.34979253107314334,-0.36371330807813124,-0.3700135441475838,-0.3714170582192591,-0.3699315895366473,-0.3665771671796352,-0.36065194427775904,-0.35151607707798616,-0.34068981157280254,-0.32949342844362195,Lower CI,Canada,Non-Staples,CanadaNon-Staples
225,0.0,0.0,0.0,0.0,-0.00010816773932198487,0.02286287485240024,0.029251797680839076,,-0.06712193830526303,-0.09049233426804548,-0.1022568878154182,-0.10856278431995392,-0.11205048225257741,-0.11468018263225588,-0.11524317946603801,-0.11427701372256394,-0.11167945104736177,-0.10845436848980228,-0.1032059462081989,-0.09634733441260224,-0.08880438316239747,Median,Canada,Non-Staples,CanadaNon-Staples
226,,,,,,0.02309559244729142,0.029445380726551375,,-0.0412946439685576,-0.04657803622263276,-0.04447053214054894,-0.044183800802525736,-0.0452478878143347,-0.04726918241503575,-0.04790265851254083,-0.0474701623933762,-0.04529130244532298,-0.04307939670754368,-0.03909216707298599,-0.03350864007945198,-0.027384079892148777,Upper CI,Canada,Non-Staples,CanadaNon-Staples
240,,,,,,0.011610228515027151,0.01461346942224404,,0.008440633381029938,0.0018650794221453282,-0.001490785536170229,-0.002632712041540864,-0.003099780085456803,-0.0036137404245110832,-0.004196441271437194,-0.00464327741062716,-0.004902872746447465,-0.005040983270533605,-0.005034429514150585,-0.004966623268285371,-0.0048620870608745165,Lower CI,Canada,Staples,CanadaStaples
241,0.0,0.0,0.0,0.0,-1.1833240001202228e-06,0.01164323747400009,0.014616585527999826,,0.008692838905999922,0.004522619292000041,0.0027880785600000735,0.0023752285559999198,0.002156043895999993,0.0017264096619999947,0.001201699098000164,0.0007347338759999822,0.0003864512859999003,9.466246000022771e-05,-5.675652199998993e-05,-0.00011424712999974496,-0.00015950103000017535,Median,Canada,Staples,CanadaStaples
242,,,,,,0.01165709308922302,0.014623581846822465,,0.0091971627709701,0.005750567700854869,0.004400910700670434,0.004156969116040604,0.003990342767706904,0.0035787007862611714,0.003065114988187283,0.002580029453377252,0.0021882858271973266,0.0018437338232836884,0.0016405587024003695,0.0015215385732856045,0.001411259600374333,Upper CI,Canada,Staples,CanadaStaples
256,,,,,,0.05479657783702977,0.06777749184986055,,-0.1032456331294668,-0.26741514104568875,-0.3265669173776244,-0.35084890506131994,-0.3518679957296661,-0.3460906526374531,-0.33649011887448,-0.32566688754555506,-0.31290604418053947,-0.29956637711303935,-0.2814583953182458,-0.2604984790012646,-0.23850997224068693,Lower CI,Central America and Caribbean,Non-Staples,Central America and CaribbeanNon-Staples
257,0.0,0.0,0.0,0.0,-0.000175438617802115,0.05576814145219977,0.06787997242219745,,-0.039971800140598646,-0.07535343306420117,-0.08964360993960341,-0.09615322444620489,-0.09886584392219788,-0.10304070421919675,-0.10650578929520194,-0.10957178691879932,-0.1101160650422024,-0.11129313145219655,-0.10694555068259959,-0.09863579603080552,-0.08935883703420089,Median,Central America and Caribbean,Non-Staples,Central America and CaribbeanNon-Staples
258,,,,,,0.05621344302501948,0.06833662555549565,,-0.004894349641888583,-0.022412574202485963,-0.024948768929403287,-0.027312951957982695,-0.031104868644059064,-0.03854475339981858,-0.045823088000348705,-0.05271681022517008,-0.05698296974366471,-0.06155412577108045,-0.06032359201254697,-0.05555747386739311,-0.049628425760389186,Upper CI,Central America and Caribbean,Non-Staples,Central America and CaribbeanNon-Staples
272,,,,,,0.057475890612174126,0.07394607181338375,,0.05050768349911267,0.03256597865096193,0.027702592950998646,0.0252133310787543,0.023242271214249807,0.02100796555939262,0.018531130529556773,0.016183663736920262,0.014110889150994094,0.012218122665012262,0.010755155308133688,0.00948889124502118,0.008303301478548011,Lower CI,Central America and Caribbean,Staples,Central America and CaribbeanStaples
273,0.0,0.0,0.0,0.0,9.843056000491401e-06,0.05773161698999951,0.07396746263400056,,0.051367059180000396,0.0442768114860006,0.041025949648000104,0.03856322146000002,0.03607756280599972,0.033201459340000294,0.030098268559999752,0.02707339420999988,0.02426010067399953,0.021586654008000083,0.019384133935999692,0.017433172412000042,0.015567692771999875,Median,Central America and Caribbean,Staples,Central America and CaribbeanStaples
274,,,,,,0.05785206935982478,0.07405591775088347,,0.05390310022622128,0.04999539684178873,0.047334593708001686,0.044806217877245355,0.04207129267050026,0.03891111871360718,0.03552018659094349,0.03218204219408011,0.029017869843005306,0.025999488418737813,0.023465247100615858,0.021185088811479003,0.019005874241701755,Upper CI,Central America and Caribbean,Staples,Central America and CaribbeanStaples
288,,,,,,-0.015552999082236986,-0.021353067078754815,,-0.2855098826272906,-0.5143184072899534,-0.621733633974147,-0.6586839672188578,-0.6593972484431131,-0.6462740464043075,-0.6250981185306528,-0.5974639796385973,-0.5647132412839648,-0.5295067290527501,-0.48952762903800684,-0.44956614607399237,-0.40958524280481373,Lower CI,Central Asia,Non-Staples,Central AsiaNon-Staples
289,-5.510239997619237e-07,0.0,0.0,0.0,9.617720859722567e-05,-0.015223150728601809,-0.02128088451279808,,-0.195212723673599,-0.2686977959124093,-0.30411576413559516,-0.31480944991079696,-0.31490128261199857,-0.3113057430256063,-0.30305050312280457,-0.2904345851568024,-0.271680795669603,-0.25134415160880863,-0.22569083582760285,-0.19886787463919475,-0.17121933429839586,Median,Central Asia,Non-Staples,Central AsiaNon-Staples
290,,,,,,-0.015062218019040029,-0.02111536477233315,,-0.15010292556023114,-0.19766390164338238,-0.21188444112252453,-0.21500583573064086,-0.21541481771158325,-0.2154137086080046,-0.21178991830045524,-0.2041113107663793,-0.18995127514065643,-0.174452804126883,-0.15342463274897436,-0.13067444370064954,-0.10682066554045616,Upper CI,Central Asia,Non-Staples,Central AsiaNon-Staples
304,,,,,,0.01979504027630187,0.023548647380695755,,0.002246306209458732,-0.013042042410518649,-0.019358183484725268,-0.02116555977961873,-0.021634156928547914,-0.02198371517082866,-0.022222475107850144,-0.02206624826945256,-0.0214780680210711,-0.02054566905756961,-0.01925242389506242,-0.017785335472971314,-0.01624907357370542,Lower CI,Central Asia,Staples,Central AsiaStaples
305,0.0,0.0,0.0,0.0,-9.779611999949367e-05,0.01986386199000023,0.023556945451999933,,0.003234761170000322,-0.004162246475999609,-0.005805533831999998,-0.006739444679999984,-0.007606471372000101,-0.00847207908400005,-0.009167751584999828,-0.00955234103800029,-0.009583614682000086,-0.009332563383999792,-0.008694953000999872,-0.007831374098999921,-0.00685778933000003,Median,Central Asia,Staples,Central AsiaStaples
306,,,,,,0.01988968789894878,0.023578358316370524,,0.005640038914007963,0.0005373759790190929,0.00053226817197536,-0.00021262098713089976,-0.0013551962609523825,-0.0025175916171715877,-0.0034878262648999,-0.004186466510548293,-0.004570597079929078,-0.004666758233430317,-0.004346925270437269,-0.0037650323332783795,-0.003052931592294526,Upper CI,Central Asia,Staples,Central AsiaStaples
320,,,,,,2.4058925868520045,3.4249897855807556,,-2.69209408087219,-8.299928903513893,-9.804824007206763,-9.604396286753124,-8.93516496544249,-8.23175199004245,-7.576261060716823,-6.958824019562745,-6.324834686810943,-5.761347110906598,-5.2155898997264805,-4.686034294211874,-4.160481016856689,Lower CI,China,Non-Staples,ChinaNon-Staples
321,0.0,0.0,0.0,0.0,-0.0022460856200723356,2.411638416089943,3.4261382197200874,,-1.074744786900169,-1.8172132024600387,-1.8512112732797732,-1.48580416511993,-1.1563119236400325,-0.9552652812000133,-0.8412013779599192,-0.7729833024800428,-0.6410183636799047,-0.6042627078400074,-0.5643111373999545,-0.5118908373599425,-0.4498314532200425,Median,China,Non-Staples,ChinaNon-Staples
322,,,,,,2.4150822028679504,3.429397291379304,,-0.07818763899478398,-0.20809340280852417,0.08814771182962211,0.4924734130259001,0.7341278765825283,0.8060827830599608,0.7858243787819026,0.7169702994126697,0.7251807928061269,0.6323081850317469,0.5506748842591085,0.48597288684202944,0.4325601101016865,Upper CI,China,Non-Staples,ChinaNon-Staples
336,,,,,,3.2595543101090265,3.486264184594179,,1.820237788055885,0.7962582807897257,0.7806024058301707,0.8150604996010608,0.7914871299171098,0.722562745424794,0.6354489046201606,0.5449276217738376,0.46043846452481774,0.3829946923594821,0.3146243454426011,0.2543952856023335,0.20088612851122495,Lower CI,China,Staples,ChinaStaples
337,0.0,0.0,0.0,0.0,1.1426679989767763e-05,3.2604622092400035,3.486400022880005,,1.8697285035999869,1.6120713908999988,1.5863027259799907,1.55616809375001,1.4649042869000013,1.3326793921799975,1.1861708149799988,1.0398552839900042,0.9033735629800077,0.7769367686899962,0.6631899904100074,0.5612380711999947,0.4687081988000017,Median,China,Staples,ChinaStaples
338,,,,,,3.2609992090034754,3.486904969080497,,1.9926158346321006,1.95309927861277,1.905756604362312,1.8452394397814542,1.7295043365403873,1.5753363689476918,1.4076098194398374,1.240836583138678,1.0848609585101903,0.9399709190605081,0.8089150723024082,0.6906715909751577,0.5826244265212828,Upper CI,China,Staples,ChinaStaples
352,,,,,,0.03680194695590325,0.04912853266804634,,-0.1169391489797734,-0.2885452173577117,-0.3729601461405067,-0.40018240712960507,-0.4031382052487117,-0.3984607725106202,-0.38923021244991046,-0.3761458588728891,-0.36115493437606017,-0.34444083077527476,-0.3239361942856074,-0.30216771433912737,-0.281250315461702,Lower CI,Northeastern EU,Non-Staples,Northeastern EUNon-Staples
353,0.0,0.0,0.0,0.0,8.638103910385553e-06,0.03719215381512342,0.049155772237927664,,-0.063146274711265,-0.1170319032144782,-0.14129468353105779,-0.1466615208183768,-0.14654248514617407,-0.14741218584615723,-0.14676816976465545,-0.14440297045178951,-0.14021672900889826,-0.1358295081514065,-0.1267828575189931,-0.11483449056390782,-0.10347895948278563,Median,Northeastern EU,Non-Staples,Northeastern EUNon-Staples
354,,,,,,0.03739619490492871,0.049339425319972055,,-0.03454568979512973,-0.06769372829758753,-0.07350219773492134,-0.07161209577997121,-0.07069443343733528,-0.07344593107522066,-0.07572217083090088,-0.0770093966321371,-0.07629244744488325,-0.075261475013679,-0.06941580021921023,-0.06083295742605031,-0.05259063717902378,Upper CI,Northeastern EU,Non-Staples,Northeastern EUNon-Staples
368,,,,,,0.01630906717247946,0.020800875826264484,,0.0026613829292879403,-0.009610625817581087,-0.015625997823639784,-0.016257033068567774,-0.016090854979982673,-0.01649425464701033,-0.016973719189368436,-0.017124886943029206,-0.016829942811895884,-0.016301348236724182,-0.015321882419181795,-0.01411694542427571,-0.013023039466226492,Lower CI,Northeastern EU,Staples,Northeastern EUStaples
369,0.0,0.0,0.0,0.0,-2.0437593599709203e-05,0.01635447861980044,0.020803620696400404,,0.003085539301799667,-0.004515850023400603,-0.006615648565699628,-0.006576400112299874,-0.006783048667200253,-0.007650129952600171,-0.008513287657499924,-0.009098210311399901,-0.009336315154500063,-0.00942496953590033,-0.009013748951799738,-0.008176095152099716,-0.0074316723542000585,Median,Northeastern EU,Staples,Northeastern EUStaples
370,,,,,,0.016373118839045988,0.020823166812776038,,0.005622861155085191,0.0005452685833803204,0.00020287971484024558,0.00020591967766817564,-0.0003503762359180155,-0.0015767931985153525,-0.0027356606462315674,-0.00363582594262064,-0.004243444495853803,-0.004652193243976236,-0.004525146881842536,-0.004020868636773985,-0.0035626608535484746,Upper CI,Northeastern EU,Staples,Northeastern EUStaples
384,,,,,,0.34346617060243956,0.4343180149603589,,-0.6480990320023898,-1.7817186473300408,-2.3362465375939725,-2.5354245664298554,-2.5845843524064676,-2.572601082171087,-2.530832282721746,-2.472182960962467,-2.4062588986215347,-2.3361580871983727,-2.2564145599453975,-2.1760026198928757,-2.096861244442384,Lower CI,Western EU,Non-Staples,Western EUNon-Staples
385,0.0,0.0,0.0,0.0,-0.016722981775984636,0.3478392415039764,0.4344936512959805,,-0.2772203679960228,-0.5978375594820164,-0.7299641477800378,-0.7671875797919654,-0.7754168146239806,-0.7736769927619775,-0.7599692380819931,-0.7358628245959835,-0.702659588945977,-0.6705430937840333,-0.6320684431380243,-0.5911848214799988,-0.5507459619199722,Median,Western EU,Non-Staples,Western EUNon-Staples
386,,,,,,0.34945747799327664,0.4361968850227857,,-0.08006742625440805,-0.2562739789569911,-0.26657310830231706,-0.2537120588583561,-0.25053161187602635,-0.2550262764186715,-0.25356083648099004,-0.24362601112127868,-0.22353642036869803,-0.20564406176818428,-0.1830486697984104,-0.15706843074135568,-0.13110621713231918,Upper CI,Western EU,Non-Staples,Western EUNon-Staples
400,,,,,,0.09818163957734477,0.12553186419193305,,0.02895591739751333,-0.03989480027712654,-0.08524484265045765,-0.09141062544952949,-0.09235971299580867,-0.09567043796222893,-0.09955770467298372,-0.10146522795068627,-0.10195653206621849,-0.10100586186990085,-0.09799690638128611,-0.09371609048875344,-0.08934701899702702,Lower CI,Western EU,Staples,Western EUStaples
401,0.0,0.0,0.0,0.0,-7.700427599743875e-05,0.09852453881200063,0.12556126558800074,,0.0325459195319997,-0.001812026808000411,-0.010648947335999637,-0.0125963897420025,-0.015487814123998689,-0.02026281623000159,-0.025049047098001154,-0.028248964670002152,-0.030527349842000007,-0.032034147210000086,-0.031640919943999535,-0.029641833083999813,-0.027539281598000898,Median,Western EU,Staples,Western EUStaples
402,,,,,,0.0986647848226549,0.12567655983686618,,0.044306171902485134,0.021500724826125295,0.026198236134457625,0.025451903997526053,0.021445256931059226,0.015838281702478557,0.010358024850983222,0.006250366030683664,0.0028033924457183876,2.2390401650369818e-05,-0.0009802822874641556,-0.0003709621379959921,0.0003510298045254004,Upper CI,Western EU,Staples,Western EUStaples
416,,,,,,0.01849639392130531,0.024231092122392012,,-0.07572114754740333,-0.16481778291799748,-0.20204807614482428,-0.21128125720765015,-0.20888171111826453,-0.20363229543816389,-0.19584990640170563,-0.18620638113911428,-0.17696412033187195,-0.16729912932322588,-0.1558726074632856,-0.14357700858166245,-0.13112533088412878,Lower CI,Eastern Europe,Non-Staples,Eastern EuropeNon-Staples
417,0.0,0.0,0.0,0.0,-5.73626969995189e-05,0.018674352533719407,0.024250057243280665,,-0.042736699880743245,-0.06429385519082231,-0.07389520305251907,-0.07529784270163908,-0.07386924715524046,-0.07346629180127806,-0.07249311258325797,-0.07047902185465738,-0.06892116838425899,-0.06732484263709537,-0.06327676781628178,-0.057373305115199,-0.05127229416223855,Median,Eastern Europe,Non-Staples,Eastern EuropeNon-Staples
418,,,,,,0.018757321380288405,0.024339226691208946,,-0.024659772133937826,-0.03715773725291911,-0.03918245098259372,-0.03832826143524046,-0.037314620864090056,-0.03846644163871957,-0.03946652988424561,-0.03967307771177983,-0.04036588670167271,-0.04074985011298936,-0.03842301885558993,-0.034307592795473345,-0.030012798221796727,Upper CI,Eastern Europe,Non-Staples,Eastern EuropeNon-Staples
432,,,,,,0.008328363692905126,0.00917818245376091,,0.0022279304943897947,-0.0020958795688075862,-0.004020513918797292,-0.004259701688929285,-0.004242831496313713,-0.004332931135099083,-0.004421033103298066,-0.004415142896937443,-0.004295597617098736,-0.004105628353424422,-0.0038152792918072845,-0.0034783315769147264,-0.0031497035456255927,Lower CI,Eastern Europe,Staples,Eastern EuropeStaples
433,0.0,0.0,0.0,0.0,-2.6504356001044727e-06,0.008347577153100194,0.00918013548940011,,0.0023617886351999795,-0.0008397273046000242,-0.001783478312000042,-0.0019083294150999408,-0.0019793746767001186,-0.002187250940599905,-0.0023913165527000846,-0.002522211760799975,-0.0025700735994000357,-0.002559467558699957,-0.0024205267197000557,-0.0021888845072999263,-0.0019609445886999977,Median,Eastern Europe,Staples,Eastern EuropeStaples
434,,,,,,0.008359626641595315,0.009187716185305932,,0.00331256604995682,0.0008773465102576217,0.00021533402707230075,9.220428437944125e-05,-9.95845990614543e-05,-0.00046758213400080483,-0.0008112211328521776,-0.0010855449292623226,-0.0012831138009513588,-0.0014024341584504625,-0.001378511097967723,-0.0012549763349101177,-0.0011200835278994514,Upper CI,Eastern Europe,Staples,Eastern EuropeStaples
448,,,,,,0.05541652028426849,0.06562584356486997,,-0.31812258159936513,-0.7048811703335577,-0.8731021189553199,-0.9376129034075292,-0.9614240438859036,-0.969275073139371,-0.9618998093446275,-0.9391676751181762,-0.9095557310043528,-0.8697831448837388,-0.8176767502562661,-0.7591546337412785,-0.6916984559368898,Lower CI,Other Europe,Non-Staples,Other EuropeNon-Staples
449,0.0,0.0,0.0,0.0,2.6551499992422123e-05,0.0562004304579915,0.06569583908200372,,-0.2275752905419992,-0.35599712918100224,-0.42843473881601213,-0.4620686423800038,-0.48381832664799873,-0.5032350022539944,-0.5120305151460052,-0.5068220190150043,-0.494477865496993,-0.4726233400160105,-0.4368303140979961,-0.39096591252800295,-0.33609943295999756,Median,Other Europe,Non-Staples,Other EuropeNon-Staples
450,,,,,,0.05650033629796323,0.06609486712259904,,-0.17358329360063232,-0.265551159599951,-0.3106968201762015,-0.3355599956679779,-0.35785022399334854,-0.381268020853368,-0.39508346796687566,-0.39503019594032696,-0.38738118212512995,-0.3698253635877773,-0.33727251241047673,-0.29536785188048076,-0.2442615088351027,Upper CI,Other Europe,Non-Staples,Other EuropeNon-Staples
464,,,,,,0.058798071546689826,0.06723043457399255,,0.029207854214591496,0.0027005739548806376,-0.011581997469714889,-0.016613498420143,-0.01922883363424109,-0.021783809514981545,-0.02402966711675851,-0.025151480561566915,-0.025393051888351396,-0.02464132092407917,-0.02309470162850827,-0.021038081011428227,-0.018498469871800084,Lower CI,Other Europe,Staples,Other EuropeStaples
465,0.0,0.0,0.0,0.0,-1.2006959999588673e-06,0.05889151341400023,0.06724208932799991,,0.030062112352000625,0.013968224584000044,0.0067981190279997605,0.003459729466000372,0.0003716616239999304,-0.003114482161999277,-0.006232660835999937,-0.008354151123999731,-0.009787819527999897,-0.010352873121999728,-0.010052368551999091,-0.009080281813999669,-0.007635091703999564,Median,Other Europe,Staples,Other EuropeStaples
466,,,,,,0.05893575226856056,0.0672678872452076,,0.033877872197142174,0.0210933885908692,0.016422764704464743,0.013520948960893307,0.010122112846740956,0.0062190971259824,0.0026990749797586155,0.00010045221481703136,-0.00189650151864856,-0.0030375219481703648,-0.003286892234740685,-0.0028234597685712973,-0.0018615089874495332,Upper CI,Other Europe,Staples,Other EuropeStaples
480,,,,,,0.00889378340454278,0.012210517396589102,,-0.04329715939860015,-0.10745378834429786,-0.14066688648337902,-0.15629191489553282,-0.16251313182897253,-0.1624595375114439,-0.16029895499002803,-0.15706563920541666,-0.15343051572160593,-0.15007834645778514,-0.14875335506805032,-0.14929121148378502,-0.1505534547537214,Lower CI,European Free Trade Association,Non-Staples,European Free Trade AssociationNon-Staples
481,0.0,0.0,0.0,0.0,-0.00012012642704917198,0.009061603615579727,0.012222395143151488,,-0.014827037359692596,-0.025713606695914493,-0.029698840687903072,-0.03093126287337178,-0.030699431349470174,-0.027903826662941,-0.024256556469262947,-0.01993837769142992,-0.014861264218458459,-0.010226176998786585,-0.008085454993457475,-0.008189459502338181,-0.008648112121184326,Median,European Free Trade Association,Non-Staples,European Free Trade AssociationNon-Staples
482,,,,,,0.009122428745359342,0.012288141349628589,,-0.0015121246934540825,-0.0008824418010262569,0.003864577658553886,0.0068594914212729285,0.008711174779382644,0.011941868838964503,0.01573012164364143,0.020018625901512557,0.025064600200074852,0.029287339203209,0.030825251567870318,0.03060963123981056,0.030081122810764804,Upper CI,European Free Trade Association,Non-Staples,European Free Trade AssociationNon-Staples
496,,,,,,0.003053613457196206,0.004114307067174107,,0.001477276947378946,-0.00040174816401046694,-0.001457718322102534,-0.0017178849651051167,-0.0018738415769846786,-0.002061334889452522,-0.00227752224007032,-0.002434280239434197,-0.0025145293899235333,-0.0025450697283043635,-0.002518560782829177,-0.002466740067385744,-0.002420410744748671,Lower CI,European Free Trade Association,Staples,European Free Trade AssociationStaples
497,0.0,0.0,0.0,0.0,-2.881204740012855e-06,0.0030607915443200406,0.004114661555299992,,0.0015472790145200088,0.00046405803872998086,0.00019093213105994544,0.00010825603648001447,-9.033650859996412e-06,-0.00022303689427993767,-0.0004177831374000407,-0.0005813099591600035,-0.0007082818761600107,-0.0008138455532399891,-0.0008542237901200123,-0.0008479217776199977,-0.0008531657487000355,Median,European Free Trade Association,Staples,European Free Trade AssociationStaples
498,,,,,,0.0030639492654214126,0.004116967893985833,,0.0019417135316476904,0.0010727417087104483,0.0011046737723824415,0.0010859892043976818,0.0010120528885147356,0.0008327787070451216,0.0006376170807177158,0.0004578069149866939,0.0002961256013934855,0.00015155323377694639,7.085807620928631e-05,3.638245185573377e-05,-4.659512848870966e-06,Upper CI,European Free Trade Association,Staples,European Free Trade AssociationStaples
512,,,,,,-0.07225796499069707,0.5260328359677937,,-0.33958704208413565,-1.1838174241502375,-1.8885933391281204,-2.134480873176611,-2.2162559903602017,-2.3693045799011245,-2.415568006012801,-2.316111907904913,-2.07026827541511,-1.7946814905648654,-1.4305061483888082,-1.0410831085479213,-0.7005345677645749,Lower CI,India,Non-Staples,IndiaNon-Staples
513,0.0,0.0,0.0,0.0,-0.0012202948399817615,-0.06989869554001871,0.5271302298799583,,-0.27149933677998206,-0.8889597970800196,-1.4582536257499896,-1.680988530651021,-1.773988423932991,-1.9464410643479937,-2.019765117704992,-1.9656783829460096,-1.753526411372036,-1.5236654087137822,-1.1825033547475527,-0.7942981140286065,-0.4540107831683713,Median,India,Non-Staples,IndiaNon-Staples
514,,,,,,-0.06910823541935025,0.5290398229121143,,-0.1905661703798705,-0.7078056374347743,-1.202101017481863,-1.4149157081909347,-1.5175452290140377,-1.7073288490816245,-1.7992657403489223,-1.7543608502343653,-1.5694846263209212,-1.3524542718195645,-1.0195713780111362,-0.6493078044658045,-0.32174067027076636,Upper CI,India,Non-Staples,IndiaNon-Staples
528,,,,,,4.465568306542247,4.914296550253467,,4.186683713294261,3.77347364590107,3.341567274984096,3.105254838678185,2.90657339525985,2.6841445335890852,2.450567338910249,2.2373251512464463,2.058726922465777,1.8894121543316427,1.7165275048732198,1.546536707282414,1.385158851558652,Lower CI,India,Staples,IndiaStaples
529,0.0,0.0,0.0,0.0,-0.0004186739999951783,4.467017721159998,4.915037602660007,,4.200924818599994,3.8446789299799917,3.4496925237600067,3.2153895736000067,3.017721552480012,2.7981498767400055,2.5676050109399995,2.357432808040002,2.1821596022600005,2.015384859659992,1.838996416399997,1.6594312330399994,1.4876761786799975,Median,India,Staples,IndiaStaples
530,,,,,,4.467641617125251,4.915921737965207,,4.220799935273739,3.886060776558915,3.50699336765592,3.2711689718718118,3.0697715595901687,2.84735870750842,2.614819214862258,2.4030012090935515,2.2262682357142185,2.055951468115854,1.874336093536777,1.691415293215086,1.516488056936346,Upper CI,India,Staples,IndiaStaples
544,,,,,,0.311576564650407,0.4279614088886913,,-0.07856302333289147,-0.6574403350693487,-0.9072696583525148,-1.0269180433427292,-1.0449583122913826,-1.032883588492434,-1.0118081455589287,-0.9857217700251639,-0.9427532259263012,-0.8954377584546598,-0.8374018538373152,-0.7761688323968583,-0.7136301274992025,Lower CI,Indonesia,Non-Staples,IndonesiaNon-Staples
545,0.0,0.0,-6.02607997279847e-07,0.0,-0.0001891847880060027,0.31287011012199173,0.4280776867440039,,0.044593478377990436,-0.10322799625200219,-0.1798243462890099,-0.20906035719399796,-0.20501756257799997,-0.20390084128299435,-0.20191863987499659,-0.2004195882900106,-0.18422415578000795,-0.17618553990399732,-0.16086381547199835,-0.14286390457799314,-0.12470130444500072,Median,Indonesia,Non-Staples,IndonesiaNon-Staples
546,,,,,,0.31337018135333666,0.4288272849654441,,0.1294297647558071,0.04320131931234461,0.007039649555259819,0.000707903170723001,0.010469788849629014,0.008513733989197636,0.005437599096186574,0.0008526446328933068,0.00996781247853712,0.008234066879919733,0.012346022457821237,0.018339934972873506,0.024530353705952967,Upper CI,Indonesia,Non-Staples,IndonesiaNon-Staples
560,,,,,,0.733581569293112,0.9534160316373224,,0.6786626679238813,0.45063185379046117,0.4149440946007592,0.397893446802585,0.37687838008136915,0.35004882893627465,0.319259486230708,0.2878668195418646,0.2590335150435732,0.23152530318770642,0.2059065156606681,0.1820895258949413,0.1602680148867841,Lower CI,Indonesia,Staples,IndonesiaStaples
561,0.0,0.0,0.0,0.0,1.2017019997756506e-05,0.7337746765832023,0.9534257135936031,,0.6907653961468014,0.6307509797341986,0.614561969652403,0.590718091526,0.5596672674274004,0.5229707232900012,0.4820777730301984,0.4400310877237992,0.4001250932115994,0.36066107570940176,0.32298181115020164,0.28747744360320127,0.2545736235506997,Median,Indonesia,Staples,IndonesiaStaples
562,,,,,,0.7338726497518688,0.9534918533195882,,0.7199346806257475,0.7101039504724616,0.6974554553982679,0.6677039593385135,0.6309572222947022,0.5892049664406473,0.543275347020267,0.4962861687033097,0.451698313236901,0.40828569917702234,0.367094323637958,0.3285780139003849,0.2931252235141659,Upper CI,Indonesia,Staples,IndonesiaStaples
576,,,,,,-0.06335799755860567,-0.040442094530224126,,-0.756760892932941,-1.4864043309966288,-1.80850180920239,-1.9396054014747925,-1.949728313312907,-1.8838480412027105,-1.7947248380522518,-1.6968225923174511,-1.6003224718612619,-1.5040723789337127,-1.4288828207604545,-1.3692525590952518,-1.3128539742184993,Lower CI,Japan,Non-Staples,JapanNon-Staples
577,0.0,0.0,0.0,0.0,-0.0011312398231950738,-0.0630257522285973,-0.04035629093220905,,-0.4042955747655981,-0.523112920004607,-0.5589131138688117,-0.5648283778420051,-0.550954542063181,-0.5069649078237859,-0.4551833354563968,-0.3999591373654141,-0.3405074526231928,-0.28645619971219816,-0.25875408998199134,-0.2504006309651885,-0.24226243961600602,Median,Japan,Non-Staples,JapanNon-Staples
578,,,,,,-0.06289616600358332,-0.03999564762019106,,-0.23614629976342244,-0.231136662948354,-0.18429032791961242,-0.15257017156590957,-0.13352284981621632,-0.09865169453777545,-0.05961128983508801,-0.01918905330927345,0.026573342505140096,0.061856878017708006,0.06981048764397746,0.06270015333004741,0.05590934203708009,Upper CI,Japan,Non-Staples,JapanNon-Staples
592,,,,,,3.256399793439744,3.358876352532103,,2.9567870410672263,2.6849631221830945,2.490478920932232,2.422687759994919,2.3774436599300786,2.314843303017056,2.233767688823078,2.1367180003324897,2.0294255131214327,1.9104818350058448,1.7834468001623278,1.6536358409252039,1.5251423069280452,Lower CI,Japan,Staples,JapanStaples
593,0.0,0.0,0.0,0.0,-0.00010673785999948393,3.2585262013600005,3.359054969899997,,2.9633678305799993,2.7673851247000005,2.5882708715800007,2.519588027700003,2.470413154840003,2.4035739350000007,2.318235718580002,2.2165501175200006,2.10428923816,1.9802865690199978,1.8481125089,1.7133369239199991,1.5802171294400003,Median,Japan,Staples,JapanStaples
594,,,,,,3.2594261287527573,3.35941149827056,,2.9801976180687744,2.807015753644408,2.6334231005852695,2.563763132340085,2.5125132160124246,2.443399433837944,2.3558277528744247,2.2516830955425116,2.1368400751310657,2.010160560491655,1.875429648955172,1.738492570404796,1.6033987884894547,Upper CI,Japan,Staples,JapanStaples
608,,,,,,0.06615673027885252,0.07665280227792948,,-0.2388070477264559,-0.5281015376778356,-0.6377740192058108,-0.683529886021756,-0.6888258466524795,-0.6793764080287481,-0.6640858473327781,-0.6440802998461852,-0.6224772815116456,-0.5980451754557408,-0.5686881787706607,-0.5342962312633703,-0.49513382147996304,Lower CI,Mexico,Non-Staples,MexicoNon-Staples
609,0.0,0.0,0.0,0.0,5.162974204608872e-06,0.06698465566530487,0.07669892546380197,,-0.11472866948498961,-0.17086698526379962,-0.1870058054483934,-0.19268417349640998,-0.19374316327280638,-0.19537002151000138,-0.1965231347603975,-0.19530405921939575,-0.19182838305280114,-0.1892471434737999,-0.1824677909350001,-0.17049907887299298,-0.15562749164699952,Median,Mexico,Non-Staples,MexicoNon-Staples
610,,,,,,0.06739830153275359,0.07714262516164638,,-0.05245749235868441,-0.07258909717056508,-0.06305378620133323,-0.05794482357090697,-0.05856687545897171,-0.06432910959210064,-0.07055942774629564,-0.07515450657351225,-0.07704615912565982,-0.08069500386530909,-0.0800963301635648,-0.07452904073542732,-0.06635584326108973,Upper CI,Mexico,Non-Staples,MexicoNon-Staples
624,,,,,,0.03809907246207102,0.040354804226688926,,0.010398960837178497,-0.01308595071367598,-0.01758745219344171,-0.018575616059692865,-0.018724076790697992,-0.018908235303641628,-0.019152821417840957,-0.019048586064664037,-0.018703550453113126,-0.01828084295178113,-0.017538121376872287,-0.016500001765766596,-0.015183564678822203,Lower CI,Mexico,Staples,MexicoStaples
625,0.0,0.0,0.0,0.0,2.4315627999538236e-05,0.0381904720640005,0.040359515908000354,,0.01163077339399976,0.005105919508000323,0.0032816398379997835,0.002500760175999428,0.0016961177939995853,0.0006046506470001045,-0.0005731748320003671,-0.0014570602759997886,-0.0021118929400001374,-0.002807676937999659,-0.0031675632140000243,-0.003181410981000221,-0.0029646622600001393,Median,Mexico,Staples,MexicoStaples
626,,,,,,0.03823827229442976,0.04040177646744497,,0.01551404895375444,0.01374768346192569,0.012711394455191427,0.011814451047942471,0.010669483935947082,0.009206518980141876,0.007642238896340458,0.00632820098016452,0.005225535776362655,0.004076804733031748,0.003237885658372531,0.0027520972847664884,0.0024898407080719,Upper CI,Mexico,Staples,MexicoStaples
640,,,,,,0.4675592799753718,0.5469825006809531,,-0.7039315911315214,-1.9550862009058774,-2.629098448881803,-2.8535502050297414,-2.924830240814555,-2.91469526272708,-2.8831769290622566,-2.8430372955328176,-2.811044404470326,-2.7508453587784247,-2.667461841771069,-2.560793150785922,-2.406930001303629,Lower CI,Middle East,Non-Staples,Middle EastNon-Staples
641,0.0,0.0,6.2593200027549756e-06,0.0,-0.0004866311620048691,0.47136578610100344,0.5476062873659941,,-0.2903739010739912,-0.6542210010080254,-0.8984378037880134,-0.9119864631800283,-0.9085678252139928,-0.8889646741600075,-0.8764127204740078,-0.8659755226719881,-0.8681037128960156,-0.8508994955640219,-0.8240288832480189,-0.7848746562340096,-0.7058378665159779,Median,Middle East,Non-Staples,Middle EastNon-Staples
642,,,,,,0.4731071749351395,0.5492517112806526,,-0.06830109014073288,-0.2920148201521675,-0.4166592751642004,-0.3737733089092852,-0.3547335376414431,-0.33802677019590743,-0.3340959017422471,-0.33564400943590056,-0.350215767270909,-0.35085704954710617,-0.3447500633351934,-0.325283854387606,-0.267914163415347,Upper CI,Middle East,Non-Staples,Middle EastNon-Staples
656,,,,,,0.2703546917986246,0.34587365983408785,,0.24583798065382426,0.1619146442925179,0.12486189093841543,0.11313327697070247,0.1047522027060323,0.09122229997094236,0.07462687993913933,0.05906602525280857,0.04582567165812013,0.03610458841949462,0.028455401482668695,0.02211956843222404,0.01730320390657667,Lower CI,Middle East,Staples,Middle EastStaples
657,0.0,0.0,0.0,0.0,8.632310000145083e-05,0.2709966593059967,0.3459149837400002,,0.24886206946000122,0.20814047604599928,0.19080388233700152,0.18272142275199776,0.1740104268019973,0.15924337036999958,0.14156706525400153,0.12420443425599892,0.10818268120400099,0.0949277600459979,0.08378064132000063,0.07423986725000198,0.06608267688000069,Median,Middle East,Staples,Middle EastStaples
658,,,,,,0.2712636915226203,0.34606932654857975,,0.2614737169811119,0.23362164894148107,0.2243071264015863,0.2190016471960437,0.20988598211046444,0.1943146666210581,0.17581151640011358,0.15720972606044104,0.1395078374651323,0.12441971791600423,0.11139534822683225,0.10004089250002815,0.09017529210117595,Upper CI,Middle East,Staples,Middle EastStaples
672,,,,,,-1.0326229133596758,-1.2064926502067292,,-1.4187306127969297,-1.8083703614253814,-2.1415791959468993,-2.4634136231420394,-2.716681525220391,-2.891160302438754,-2.9816441809795045,-3.002208940763088,-2.8530440039400298,-2.6432034262558695,-2.398300062659579,-2.1351280500589875,-1.868641507097981,Lower CI,Pakistan,Non-Staples,PakistanNon-Staples
673,0.0,0.0,0.0,0.0,2.9729699981828617e-06,-1.0324098115657172,-1.2063944873491579,,-1.3099724585513428,-1.497819491895246,-1.6956155183672017,-1.951073749887101,-2.1838427067563835,-2.361530704438607,-2.464828787791344,-2.5038714187240174,-2.373627488169987,-2.187995344170332,-1.9681179194455822,-1.7292659529265464,-1.4874062062675435,Median,Pakistan,Non-Staples,PakistanNon-Staples
674,,,,,,-1.0323503583008522,-1.2062741917189332,,-1.2592051729517917,-1.3943832765166382,-1.5408234069007096,-1.7741436529887185,-2.001821704384229,-2.1825694261355277,-2.292541045265998,-2.3397326641613794,-2.217164583171257,-2.040844624399546,-1.8302810737380502,-1.6006504650009317,-1.3677743340527744,Upper CI,Pakistan,Non-Staples,PakistanNon-Staples
688,,,,,,-0.1314336078278841,-0.21524522675422167,,-0.3163110461540275,-0.40588170297857645,-0.48488759190469605,-0.5551951449907156,-0.6177791591738035,-0.6651075172648462,-0.6912891790314009,-0.6975193584469397,-0.649121794352346,-0.580018015595308,-0.5022502704623472,-0.4207085911024439,-0.3405521930602905,Lower CI,Pakistan,Staples,PakistanStaples
689,0.0,0.0,0.0,0.0,-1.9130327999938856e-05,-0.13131370980000057,-0.21522484920599982,,-0.3152914732500012,-0.3812235035919995,-0.46045263188399943,-0.529892803848,-0.5927366470080004,-0.6406567217959998,-0.6673202615440008,-0.6741907589260001,-0.6267584009570002,-0.5588881692789998,-0.4824476865059999,-0.4021792645710993,-0.3232765143958001,Median,Pakistan,Staples,PakistanStaples
690,,,,,,-0.1312622795558664,-0.2151451927588444,,-0.30686758221957366,-0.364515349940923,-0.4424279866085538,-0.5105678602010341,-0.5736938528361963,-0.622065492385653,-0.6493467279528515,-0.6571747425398107,-0.6108608483031543,-0.5440807422769415,-0.46877710991665256,-0.38967435520673016,-0.31191673196148406,Upper CI,Pakistan,Staples,PakistanStaples
704,,,,,,0.05753141294440939,0.06736030607384912,,-0.2339296425223969,-0.5118163857507319,-0.6204311404512881,-0.650964699952705,-0.6450714911672792,-0.6206980802562556,-0.5905044652389266,-0.5576955866576321,-0.5257068592982659,-0.4948592721256406,-0.468455910976151,-0.44596771784920175,-0.4237175567907394,Lower CI,Russia,Non-Staples,RussiaNon-Staples
705,0.0,0.0,0.0,0.0,-0.00019313397199738347,0.05804751119599416,0.0673579040759904,,-0.11345846587999375,-0.16601128441799773,-0.1806698164039986,-0.178853789564009,-0.17187398388600172,-0.15946886344800504,-0.14594725070800507,-0.13195879244000963,-0.1175122844039933,-0.10450221737600174,-0.09557353234799848,-0.08978921180000299,-0.08485713383199567,Median,Russia,Non-Staples,RussiaNon-Staples
706,,,,,,0.05826808925833665,0.06763971708773366,,-0.0520519296943945,-0.07132066035551654,-0.059959018868463165,-0.0487466225555504,-0.04222647432546439,-0.03416739121075735,-0.025974773389079664,-0.01793831235587673,-0.00938419472772617,-0.002570658069357218,0.00018962110615114436,0.0011444832956967466,0.0014110437844985224,Upper CI,Russia,Non-Staples,RussiaNon-Staples
720,,,,,,0.09009977036056525,0.09324515754512287,,0.06355455110873635,0.04611288310347924,0.037447209147036,0.03509945416337506,0.03390261635948675,0.032237202302421435,0.030079719658818588,0.027972788061470997,0.02604256638820218,0.02425654475068788,0.022485195857689655,0.020790653698402328,0.019045113098713436,Lower CI,Russia,Staples,RussiaStaples
721,0.0,0.0,0.0,0.0,-1.647214000044528e-05,0.09016551177100007,0.09325265145120021,,0.06434599644200034,0.053976882251599356,0.048892854484600345,0.047296686020000145,0.04587246614139984,0.04376403463680001,0.04123128679759969,0.038628269489200395,0.03603567657840001,0.03352834511299996,0.03107629576600024,0.028783983148799486,0.02644922752500012,Median,Russia,Staples,RussiaStaples
722,,,,,,0.09019528960021013,0.09326583685317084,,0.0670376160008908,0.058648548136694546,0.05476710485536399,0.053273756767574794,0.051662790665937895,0.04929016912900331,0.04653008020685592,0.04364434991812913,0.04070473743382258,0.03783164768078741,0.0350432617953601,0.03246461703092185,0.029834256749486858,Upper CI,Russia,Staples,RussiaStaples
736,,,,,,-0.02004022112062023,-0.025730510611689864,,-0.18584777646410666,-0.33022013813622403,-0.39613526483589656,-0.42182868127425965,-0.4281736036147398,-0.42725031909401057,-0.4224544298905296,-0.4157598097757881,-0.40637334408520726,-0.39561366714736335,-0.381569339097139,-0.3645325029327302,-0.3477399881026155,Lower CI,South Africa,Non-Staples,South AfricaNon-Staples
737,0.0,5.196759991221711e-07,0.0,0.0,-0.0002989452215977906,-0.01787152362319855,-0.025633908105799463,,-0.10980511030800066,-0.1312204102880017,-0.1405246732863965,-0.14090258557060054,-0.14039795505179953,-0.1418775535310033,-0.1438102241507977,-0.14591182149360193,-0.14618417602540035,-0.1462924524726006,-0.1435476168247991,-0.13775773436820238,-0.1322245524674006,Median,South Africa,Non-Staples,South AfricaNon-Staples
738,,,,,,-0.01698616639570236,-0.02525514861913735,,-0.07423090431170881,-0.0733551636628042,-0.06606550956375021,-0.059125031471567335,-0.05701286594220786,-0.059649987664217946,-0.0638540551117929,-0.06884737852689068,-0.0722071015723183,-0.07564035745983655,-0.07632631965098385,-0.0739573330187733,-0.0718205427691834,Upper CI,South Africa,Non-Staples,South AfricaNon-Staples
752,,,,,,0.017219277028115786,0.02268007657409043,,0.004819910393755265,-0.009870337055075732,-0.013361741509389024,-0.014028473085114046,-0.013992676663359457,-0.014023512486649061,-0.014099003186373948,-0.014034242439303436,-0.013778491519721821,-0.013408809912429414,-0.012849147653166176,-0.012176291993993216,-0.011498394862227264,Lower CI,South Africa,Staples,South AfricaStaples
753,0.0,0.0,0.0,0.0,4.4873212000196006e-05,0.017385179246000027,0.022691244155999657,,0.005559079292000169,0.0008173022760000759,-0.0004095668720000001,-0.0006519946669998333,-0.0008180154400000417,-0.001248460876000057,-0.001787557359000158,-0.002289702209999911,-0.0026665897059998667,-0.00298375370799997,-0.0031159135220002465,-0.003105894303000012,-0.0030820623959999516,Median,South Africa,Staples,South AfricaStaples
754,,,,,,0.01745885689738417,0.02272194053710868,,0.007698178956645058,0.005760691816576128,0.004925806535639187,0.004610461103864266,0.004283958700359299,0.003673406431648976,0.0029368489328738586,0.0021983744070537617,0.0015590665687221202,0.0009704411691795018,0.0005639139781658089,0.00031195421224324265,8.154876647743087e-05,Upper CI,South Africa,Staples,South AfricaStaples
768,,,,,,0.03149971551868516,0.04024958771487377,,-0.15635379094248636,-0.36524992243439447,-0.4515963902779064,-0.4963500704968177,-0.5057476550690452,-0.48809569101471734,-0.46297175420186704,-0.43782516826012985,-0.415940765959933,-0.39789264078266046,-0.38861786630454165,-0.3838081368551249,-0.3773506514798872,Lower CI,Northern South America,Non-Staples,Northern South AmericaNon-Staples
769,0.0,0.0,0.0,0.0,-0.00017204998400544014,0.03165215851739944,0.04027504533080162,,-0.04407602700199931,-0.05752878253739624,-0.056849669460397934,-0.0523296239648019,-0.04488429993319798,-0.026228350429203573,-0.007532434186401815,0.009066149417598979,0.023412210166398495,0.03341797152480552,0.029260706278599002,0.01604990795580008,0.0036020071248010765,Median,Northern South America,Non-Staples,Northern South AmericaNon-Staples
770,,,,,,0.031723599915762096,0.040312716495713614,,0.009765614142910994,0.03311070469307417,0.05768132797730946,0.0755653867136149,0.08653669895417299,0.10393941287786473,0.11993676193631791,0.13324980268312847,0.1443480272842559,0.1496164722006928,0.1396698059403405,0.12182866581700197,0.10443313447503799,Upper CI,Northern South America,Non-Staples,Northern South AmericaNon-Staples
784,,,,,,0.07319100376192146,0.07835538435201572,,0.054023975494096224,0.03901013663711413,0.03299151668573138,0.0311398223768917,0.02996718726988884,0.028468073407801334,0.026623474714909928,0.024742291072778835,0.02294330092550722,0.021141029869095745,0.019252568246675872,0.017325520597225263,0.015412600903248905,Lower CI,Northern South America,Staples,Northern South AmericaStaples
785,0.0,0.0,0.0,0.0,9.406847999660073e-06,0.07328471271199999,0.07836207287140029,,0.054640461031199905,0.0472218884106006,0.04291155304439975,0.041396654294400204,0.04006167209,0.038244453340799955,0.03605663686760008,0.033765058159599626,0.03148670370700013,0.02915409338860009,0.026691003069599928,0.02417366877819993,0.021664369696200225,Median,Northern South America,Staples,Northern South AmericaStaples
786,,,,,,0.07332583578422856,0.07838182806926428,,0.05660766211027675,0.051342751511386155,0.04763528629599368,0.04616350043140857,0.044717180848361154,0.04274341525544836,0.04038713571024079,0.037889971311495664,0.03536480431811804,0.03277105621107915,0.030025746674424092,0.027237334689924692,0.024461390296776367,Upper CI,Northern South America,Staples,Northern South AmericaStaples
800,,,,,,0.1768241254201352,0.21471947309737674,,-0.011144550234433094,-0.22555921888849187,-0.3085412331845791,-0.3319341137132962,-0.3306027039255968,-0.3288919421562923,-0.32520885825440826,-0.3194238329825639,-0.31122382460261444,-0.30281241021284877,-0.28850770882643406,-0.2697947148565387,-0.2492276579835068,Lower CI,Southern South America,Non-Staples,Southern South AmericaNon-Staples
801,0.0,0.0,0.0,0.0,-0.00025058921000464807,0.17749529176999523,0.21475080121599532,,0.0749554122439946,0.03077175639599261,0.010012503634001746,0.011189213789997154,0.013342558424000117,0.0056884247180022385,-0.004115714199997456,-0.013445493096000405,-0.020171234298004492,-0.0284317970000032,-0.029602392456006044,-0.024366349341999438,-0.017437895815998417,Median,Southern South America,Non-Staples,Southern South AmericaNon-Staples
802,,,,,,0.17782431201610766,0.21504112034421782,,0.11905315039976871,0.09888946133147417,0.0949200642805898,0.10231986339754162,0.10415915637109757,0.09324563001579483,0.07958023335741374,0.06591586374006347,0.054993131791857275,0.04297564273934587,0.03875561301692668,0.040142602162789975,0.043150717844007286,Upper CI,Southern South America,Non-Staples,Southern South AmericaNon-Staples
816,,,,,,0.09081172672688592,0.09809197751311308,,0.06316473079557626,0.04282754632639109,0.033208682584250415,0.030419990170945273,0.028540799509331336,0.026081012607550837,0.023372081113939347,0.02095285158346509,0.01912818687313232,0.017506984018931655,0.01610644949337154,0.014821868919991106,0.01373139569902378,Lower CI,Southern South America,Staples,Southern South AmericaStaples
817,0.0,0.0,0.0,0.0,-1.3134169999595713e-05,0.09088108090399993,0.09810172113199966,,0.06378220261199985,0.05308291113000041,0.046266011431000065,0.043730940420999564,0.04143893091600037,0.03842104667700008,0.0351654701759998,0.03212289154399972,0.029583951449999812,0.027187239474000036,0.02507658582100003,0.023141974736000104,0.021406886025999827,Median,Southern South America,Staples,Southern South AmericaStaples
818,,,,,,0.09091480457761358,0.09812852663861937,,0.06657981492069028,0.058379621439359694,0.05273569239000009,0.050452256527303944,0.047906531497669075,0.0446039734874499,0.04106783906606065,0.037709645433284436,0.034823488883117495,0.032087675179318584,0.02962642334687881,0.027346749190009144,0.02527092600697604,Upper CI,Southern South America,Staples,Southern South AmericaStaples
832,,,,,,0.011824856283585698,0.04407778443929646,,-0.2750600145764626,-0.5848139852495035,-0.7139772147794077,-0.7761351388838695,-0.7998749182439299,-0.817683074073211,-0.8157300251254267,-0.7930592293962451,-0.7497662680814997,-0.6959590608032948,-0.6278790066069186,-0.5554068571994254,-0.48721283338207755,Lower CI,South Asia,Non-Staples,South AsiaNon-Staples
833,0.0,0.0,0.0,0.0,-0.00012452469939461253,0.01233580847200244,0.04421278285799701,,-0.22177324176799118,-0.31515231282401857,-0.3637275835060052,-0.3900263663770005,-0.4048731406440069,-0.4268788195899944,-0.4343626805740115,-0.4247991217380047,-0.3964756705569812,-0.3625323180620086,-0.31178808690280846,-0.25349497084511086,-0.20054935807819874,Median,South Asia,Non-Staples,South AsiaNon-Staples
834,,,,,,0.01344044156616992,0.044393669093499406,,-0.17697984894912844,-0.23586346659777954,-0.269000133969098,-0.2877729586738839,-0.2999442075718316,-0.3217357804940425,-0.329460454873838,-0.3208748663257581,-0.2948260022874717,-0.2631853274252285,-0.215404519254192,-0.16185630007559693,-0.11347048986572086,Upper CI,South Asia,Non-Staples,South AsiaNon-Staples
848,,,,,,0.3300047157007286,0.30477290780899524,,0.16355019623394917,0.08534508427129092,0.028192807761448065,0.012015902011763814,0.003677071547353075,-0.002637853833072412,-0.005716607444980549,-0.0046594525154879905,-0.000748755226846403,0.004729715007365765,0.011254769813707356,0.0184339748069652,0.025352142556507407,Lower CI,South Asia,Staples,South AsiaStaples
849,0.0,0.0,0.0,0.0,5.916140004558201e-07,0.33005338454599986,0.30477246095199817,,0.16498305872400287,0.09201405196800039,0.04256578023199964,0.027058060944000317,0.017922693367999898,0.01040583508199866,0.0061862295980006365,0.00606149665199851,0.008764109302001444,0.013086205338000312,0.01853433508800162,0.024857402079999424,0.030964619367999546,Median,South Asia,Staples,South AsiaStaples
850,,,,,,0.3301309651210203,0.3048174757568708,,0.16941001824711988,0.10115747220545726,0.05410567427205303,0.0386362705942356,0.02903257138939997,0.020932668270569443,0.01606597450773091,0.015242229883236699,0.017173401143846505,0.020681353446885688,0.025421555124796012,0.031082594120783385,0.0365946040859917,Upper CI,South Asia,Staples,South AsiaStaples
864,,,,,,0.043411844648742134,0.04657885458673916,,-0.41002909567396395,-0.8676863582520236,-1.0790156917068376,-1.153060464518576,-1.1516377639341093,-1.0996718195540534,-1.0369601450199872,-0.9682629662601154,-0.9011757467270389,-0.8382808743531739,-0.795102036573388,-0.7634799905184189,-0.7348607376190809,Lower CI,South Korea,Non-Staples,South KoreaNon-Staples
865,0.0,0.0,0.0,0.0,-0.00040670582460222704,0.0451357515425066,0.0467493372248029,,-0.21049066050859722,-0.284279975830394,-0.3073615758083932,-0.3080544685487894,-0.2961918143187887,-0.2596265227319918,-0.2205583326663998,-0.18092361969199544,-0.1393743033822048,-0.10358983222839413,-0.09081405918259833,-0.09360564114579972,-0.09653883620700299,Median,South Korea,Non-Staples,South KoreaNon-Staples
866,,,,,,0.045781043674415725,0.047365635912955506,,-0.11083934003610305,-0.11232592558904653,-0.08298278569813705,-0.06007561046497001,-0.04579879297348699,-0.01509442216311152,0.016370128331211098,0.04653718393025463,0.07916665612038742,0.10276632994888668,0.10299494883624505,0.09057239591319649,0.07861649841132057,Upper CI,South Korea,Non-Staples,South KoreaNon-Staples
880,,,,,,0.2448048017454802,0.3692554169572309,,0.2659803665848261,0.17447146263206348,0.14513228947212323,0.13866368480602959,0.13462811485005988,0.1265764705019121,0.11511926638844061,0.10281137253785773,0.09146565390387067,0.08141994822808919,0.07212481826337601,0.06321027602978235,0.05520458984147809,Lower CI,South Korea,Staples,South KoreaStaples
881,0.0,0.0,0.0,0.0,6.472799999990286e-06,0.24498122093199814,0.369272300914,,0.2695452252920001,0.21895483088999956,0.19975006462600042,0.1926237245919995,0.1844246145550006,0.1726547809761998,0.15819728912319997,0.1429166805916,0.12853741913150074,0.11551726386540051,0.1032957592107997,0.0915318250713999,0.08093185195819985,Median,South Korea,Staples,South KoreaStaples
882,,,,,,0.24505453942951666,0.3693190941870364,,0.2767084825623743,0.23794861724018634,0.22183905764012776,0.21410474696471976,0.20436139132834086,0.1912454402704881,0.17555982667408432,0.15898820967936744,0.14326533192578045,0.12896141652406154,0.11554946589019861,0.10265037139359251,0.0910047241241721,Upper CI,South Korea,Staples,South KoreaStaples
896,,,,,,0.5935224394686579,0.8337331448515837,,-0.0031451219221390325,-0.8574017596139626,-1.1546168125300784,-1.251375145299841,-1.2475721012751473,-1.2030572011211784,-1.1433911523048608,-1.085784488131318,-1.0239557421029917,-0.9737811918634979,-0.924306917748773,-0.8743157564836286,-0.8211719565931368,Lower CI,Southeast Asia,Non-Staples,Southeast AsiaNon-Staples
897,0.0,0.0,0.0,0.0,2.5352640008691196e-05,0.596229561636008,0.833979726966021,,0.25711416170997836,0.058659298992012054,-0.024103085185998907,-0.028395466547976866,-0.010720712824991097,0.01119646465896551,0.03307001978004109,0.046903480699015176,0.06789822682600288,0.06983808353599841,0.06567223173001935,0.05941298570199649,0.05444878300800582,Median,Southeast Asia,Non-Staples,Southeast AsiaNon-Staples
898,,,,,,0.5973627019141104,0.8349173726679116,,0.4118231811970896,0.29991560984848176,0.2687155854588237,0.285685549845601,0.3045499028449231,0.3184781039608804,0.3288974566836764,0.33032420129385975,0.34052949610851635,0.329357652514474,0.31012509474929617,0.2893757600928806,0.2698662934093896,Upper CI,Southeast Asia,Non-Staples,Southeast AsiaNon-Staples
912,,,,,,0.9364742835900686,1.2151933088066311,,0.8909186981266055,0.6768213016672953,0.5964829710705675,0.56322519942735,0.5361112806678133,0.5050550065729771,0.47036300739069326,0.43450364050455603,0.3994233678618056,0.36460664357032646,0.3289134077336245,0.293973235855145,0.26087547548804013,Lower CI,Southeast Asia,Staples,Southeast AsiaStaples
913,0.0,0.0,0.0,0.0,6.07958860001645e-05,0.9368864963319972,1.2152590463519992,,0.9010571602560038,0.7988234284140034,0.7339456176040011,0.6972654829110034,0.6641493544079999,0.6268241027590005,0.5858326049420031,0.543338782419001,0.5014237761149998,0.4595414586880011,0.41622729813599957,0.37355352123199825,0.33301371673500046,Median,Southeast Asia,Staples,Southeast AsiaStaples
914,,,,,,0.9370804346516761,1.2154138484563006,,0.9234041105635311,0.8527253316807077,0.7924532134676818,0.7541808151831559,0.7185692015646837,0.6788716232080239,0.6354211048685616,0.5903135983641946,0.5455262608981938,0.5006374728851765,0.4542318139741261,0.4087465552023519,0.3654547782892089,Upper CI,Southeast Asia,Staples,Southeast AsiaStaples
928,,,,,,0.03058017747491717,0.03725898975801068,,-0.0308573898301195,-0.09332897721019606,-0.1180696474464252,-0.12825325360117668,-0.13026168794863133,-0.129033153976019,-0.12675153983767473,-0.12451775503023585,-0.1224553743637278,-0.12118435823078767,-0.12027395587091307,-0.11959196788378047,-0.11886266385010164,Lower CI,Taiwan,Non-Staples,TaiwanNon-Staples
929,0.0,0.0,0.0,5.342720008627566e-07,-2.762169720149643e-05,0.03080501907160027,0.0372792751500004,,-0.003931651357801158,-0.014224017478401407,-0.017396481547198306,-0.017126876955998682,-0.016448072146001635,-0.015504167183399531,-0.014560987321800667,-0.013978522660597292,-0.012802260875201199,-0.012793274231800211,-0.013182781478400685,-0.013787186030800314,-0.01424270164639907,Median,Taiwan,Non-Staples,TaiwanNon-Staples
930,,,,,,0.03083645630380669,0.0373492099153764,,0.010567003370973015,0.00811784359436618,0.01081505293340132,0.013947844359603709,0.015293601168277798,0.01604831030532107,0.016472932775748128,0.0165277054880639,0.017372188631598756,0.01696450618216129,0.01616145789033853,0.015251751113781756,0.014469599526028054,Upper CI,Taiwan,Non-Staples,TaiwanNon-Staples
944,,,,,,0.23883408271629594,0.29494236565401444,,0.2591713232052714,0.24537250668525123,0.2387057616838456,0.23685032446361687,0.23541051519591907,0.2320202776278266,0.22726268958589074,0.22196923914145075,0.21657210527469595,0.21099218592839555,0.20500002320087543,0.19869166628866525,0.19224166598008324,Lower CI,Taiwan,Staples,TaiwanStaples
945,0.0,0.0,0.0,0.0,3.1686720003420987e-07,0.23891198281220005,0.29494911139979996,,0.2599636340585998,0.25180514335040016,0.24621286143720023,0.2443918830559999,0.24274356088560012,0.23916033518000013,0.23426556781199992,0.22883554341900003,0.22327621440360002,0.21750589597600012,0.21130372190940006,0.2047808328305999,0.19812372064560024,Median,Taiwan,Staples,TaiwanStaples
946,,,,,,0.2389455963045041,0.29496931645182545,,0.26122954608598176,0.25462628407152404,0.24945757105732946,0.24765325020908296,0.24592753469660597,0.24226192239344832,0.23729272834323406,0.23178267055092436,0.22612825731292918,0.22025213895422976,0.21394025163684957,0.20732039447180955,0.20057382466676693,Upper CI,Taiwan,Staples,TaiwanStaples
960,,,,,,0.07313555190911161,0.08802906086376734,,-0.10232668692912242,-0.3502650501753675,-0.4496788710486873,-0.48144206358996433,-0.48036922281640393,-0.48898462508114193,-0.49398464629825206,-0.49717388463483064,-0.5013756719728706,-0.5036800875147467,-0.49334108466528137,-0.4752022380620827,-0.4544238592407057,Lower CI,Argentina,Non-Staples,ArgentinaNon-Staples
961,0.0,0.0,-4.971959999267028e-07,0.0,-0.000168466072000939,0.07331408953779928,0.08806534027479884,,-0.01202461136079691,-0.048491387799401764,-0.06269251815820098,-0.05815634940679715,-0.047859607391398384,-0.05940704902379679,-0.0725279587665959,-0.08488657709440162,-0.09683290437540037,-0.10916984890359771,-0.10728185610039631,-0.09456228519919918,-0.08112226372659492,Median,Argentina,Non-Staples,ArgentinaNon-Staples
962,,,,,,0.07340051394493793,0.08812893074274099,,0.029921594133470293,0.023714716221417576,0.037113233763634706,0.05408799575444556,0.06715752913270678,0.05409218807338878,0.0387506364327313,0.023681867396280254,0.009069150897698997,-0.004694115051054715,-0.0031060801180375075,0.00821643096741162,0.019825044563164917,Upper CI,Argentina,Non-Staples,ArgentinaNon-Staples
976,,,,,,0.018570699149815406,0.022385611230785377,,0.007329075626705686,0.0008715536953353112,-0.0019926096973947303,-0.002933089002827842,-0.0032899872063612535,-0.003732116191244367,-0.004222341413729352,-0.00452752514358947,-0.004595266419757935,-0.004484879748853644,-0.004212135918427945,-0.0038188543605199706,-0.0034151255671596823,Lower CI,Argentina,Staples,ArgentinaStaples
977,0.0,0.0,0.0,0.0,-7.962651999982029e-06,0.01859452366000003,0.02238725555400012,,0.0075449733999999324,0.003617431370000035,0.0024258440670000825,0.0019530378700001183,0.0015631769404997886,0.0009818997481998437,0.0003709624758000407,-0.00010640045430010403,-0.00042838270479994556,-0.000627105235999903,-0.0006604239312999471,-0.000528362135400029,-0.0003750177518999087,Median,Argentina,Staples,ArgentinaStaples
978,,,,,,0.018606235029184542,0.02239880989908142,,0.008809436457827374,0.0055521249206646785,0.004934341469144924,0.004602352867827751,0.004157182965735888,0.003485912349719045,0.002798083447429522,0.0022185625925895047,0.0017621854665830468,0.0014182034684537834,0.0012482847237530134,0.001243036894344989,0.0012676672795598584,Upper CI,Argentina,Staples,ArgentinaStaples
992,,,,,,0.06288350802217248,0.07416855174502233,,0.00625775137807873,-0.05978208015409351,-0.08239726491536811,-0.09063283924072443,-0.09019860620729711,-0.09243060748218657,-0.09408631376217177,-0.09525153528887206,-0.09455265420117251,-0.09396581724171522,-0.09098192332714852,-0.08650279553548713,-0.08201482689227253,Lower CI,Colombia,Non-Staples,ColombiaNon-Staples
993,0.0,0.0,0.0,0.0,-9.264187480084729e-05,0.06318223460639949,0.07418114959640043,,0.039902574940800406,0.029477325479003724,0.030584209149601804,0.032944228166797984,0.03498177842200079,0.030247456463399658,0.02431536995619865,0.01793466005399935,0.013664081928595806,0.008088956508000678,0.005101363271199588,0.004003701896598599,0.0028417810702006108,Median,Colombia,Non-Staples,ColombiaNon-Staples
994,,,,,,0.06332944173414955,0.07432294653665662,,0.056668573537123554,0.0551102005035237,0.06253950366446845,0.06782855691187364,0.07001660007724939,0.06426230602543948,0.056931325560369034,0.04894726678911929,0.04327861244371786,0.03625227429533902,0.031962828288071315,0.02926163760928692,0.026363223996775556,Upper CI,Colombia,Non-Staples,ColombiaNon-Staples
1008,,,,,,0.03496424422961969,0.03031432172986348,,0.013013516183429028,0.0029961041263620847,-0.0016199725153251661,-0.0022668132344233058,-0.002360615495296585,-0.0024956317814446346,-0.002632583123033421,-0.0026629990763940505,-0.002584700101256807,-0.0024621596747571957,-0.0022654009276440457,-0.002038215264778231,-0.0018183475903458678,Lower CI,Colombia,Staples,ColombiaStaples
1009,0.0,0.0,0.0,0.0,2.220446049250313e-16,0.03500507113200002,0.030317190324000043,,0.013185180030000021,0.0071270042629997254,0.0037428734979998435,0.0034474462719997767,0.003280309250000224,0.002964891944000181,0.0026468656539999635,0.0023947186420005817,0.002210619114000112,0.0020385615599998186,0.00194048596999985,0.0018928925050000212,0.0018256403776999441,Median,Colombia,Staples,ColombiaStaples
1010,,,,,,0.03502500824988064,0.030337826148003365,,0.014635888734437667,0.009645608747387542,0.006674397292824955,0.006414684564423275,0.006169336840296739,0.005750977226444803,0.005328251541533446,0.0049462694366448,0.004608826525507068,0.004278491256256771,0.0040136868986438146,0.0037950890995281867,0.003564613856620783,Upper CI,Colombia,Staples,ColombiaStaples
1024,,,,,,4.359198656194914,-530.0215923392088,,-597.473367436794,-30.512542509855066,-38.14004851410675,-40.65669275209867,-40.983040637412685,-40.651605960995035,-39.89116372952934,-38.77485888956625,-37.20016368109832,-35.540862624260235,-33.65104789225408,-31.597079110894935,-29.431138100119142,Lower CI,Global,Non-Staples,GlobalNon-Staples
1025,-5.510239589057164e-07,5.19675950272358e-07,5.15951614943333e-06,-1.112994141294621e-08,-0.025925850207386247,4.413989053577097,6.977948824437135,-2899.8090966483164,-6.047870303455056,-10.351967469159717,-12.486774942811735,-13.075783831302488,-13.318696783237101,-13.665654586296114,-13.852557617089587,-13.770518651498605,-13.129740939387375,-12.492335588123296,-11.580584645290855,-10.463867506630777,-9.318290869648536,Median,Global,Non-Staples,GlobalNon-Staples
1026,,,,,,4.440425060030171,201.02087256209964,,206.0507953339945,-5.0589222885515,-5.8159749745569265,-5.916200552002955,-6.16514902428672,-6.721425854336239,-7.156893662534873,-7.345964160237937,-6.959196895386656,-6.593952369436403,-5.951651707668555,-5.115753901822973,-4.261161496293765,Upper CI,Global,Non-Staples,GlobalNon-Staples
1040,,,,,,15.149188646522767,-51.85888798630012,,-54.907059850242675,8.960001804869378,7.731021339761603,7.240791241941181,6.819593289168759,6.30263270891013,5.736289040079645,5.197903389826975,4.7619125660122945,4.361641832118109,3.9744334547097333,3.611281196350471,3.2731658471627285,Lower CI,Global,Staples,GlobalStaples
1041,0.0,0.0,0.0,0.0,-7.66260943692032e-05,15.167412010040323,16.81432458016411,-333.0224699121722,12.167283955079085,10.632420854115765,9.651474307053888,9.121750740432333,8.596907966118295,7.973910561657078,7.309129091439786,6.672956377677679,6.140249034604267,5.645145684760564,5.164401965028475,4.708691159145189,4.275825192280109,Median,Global,Staples,GlobalStaples
1042,,,,,,15.176001451696607,41.63040923564816,,36.54976827978169,11.427711877735973,10.519826959253784,9.956741603693127,9.381778540307534,8.710169777585934,7.999219845764098,7.3163806765987625,6.736887166637037,6.196267827795183,5.672263419481399,5.178052361949317,4.706929687611465,Upper CI,Global,Staples,GlobalStaples
