,1990,2005,2010,2015,2020,2025,2030,2035,2040,2045,2050,2055,2060,2065,2070,2075,2080,2085,2090,2095,2100,SSP,Version,GCAM,input,Units,cat
0,,,,,,0.30785011458217776,0.38475156184992304,,-0.34378844235416395,-1.0649130637733195,-1.3597770643425675,-1.4520090014459575,-1.4554619117045817,-1.4305847912593963,-1.4009967748119356,-1.370496507400409,-1.3384127802310481,-1.3111899333135155,-1.2891505297624035,-1.2752667388515095,-1.2648371028295409,SSP1,Lower CI,USA,Non-Staples,%,USANon-Staples
1,0.0,0.0,0.0,0.0,-0.0003598518084474646,0.30934660166162814,0.3849821188225781,,-0.08820329426287052,-0.21848210575390312,-0.26463099194739836,-0.2694733721983498,-0.264092485736244,-0.25985875180128826,-0.25537525592101884,-0.2472157678131428,-0.23068954931909774,-0.2130531004530105,-0.1960550284310424,-0.18121332725026335,-0.16423301468468054,SSP1,Median,USA,Non-Staples,%,USANon-Staples
2,,,,,,0.3102428399509551,0.3856704340084571,,0.049102839099769396,0.000777911931742814,0.02625288020276051,0.04674858829767736,0.05366113544732809,0.050497183244592514,0.04739511268333063,0.04853237228988316,0.05934363453622782,0.07179751622762331,0.08454615142675503,0.0979397485782062,0.114830426342301,SSP1,Upper CI,USA,Non-Staples,%,USANon-Staples
16,,,,,,1.286207126537283,1.5004321860917815,,0.5929340211353699,-0.022400990680798177,-0.29362180914482405,-0.3934456093583749,-0.4492097117045021,-0.5137694650354501,-0.6005455490045061,-0.6780106545659804,-0.7258619502086174,-0.7495846841954701,-0.7543639068135116,-0.7496144548636355,-0.7325998273550471,SSP1,Lower CI,USA,Staples,%,USAStaples
17,0.0,0.0,0.0,0.0,-0.0005046523615486501,1.2878421870953252,1.500463447886495,,0.6156760658185226,0.2683524092205622,0.1580533804135506,0.11683619006925047,0.07560937853426392,0.012567162875874584,-0.06409070603338468,-0.13290330662349875,-0.17893567975524094,-0.20562781904864508,-0.21149632178054634,-0.20322311776156587,-0.18474746046656046,SSP1,Median,USA,Staples,%,USAStaples
18,,,,,,1.2886740005362252,1.5013649285442474,,0.7224994324592479,0.466381696912167,0.4046984172741731,0.372157665070296,0.3306660841904565,0.2670293830865175,0.19294159018413928,0.12625304104088397,0.07892702227094878,0.0501186649121676,0.04250212952395416,0.05028502047825956,0.0678237287732093,SSP1,Upper CI,USA,Staples,%,USAStaples
32,,,,,,-0.2674935121447013,-0.16415638137647065,,-0.36128859322515017,-0.7625783723119892,-0.897809284324568,-0.9756723908746572,-1.024961401071387,-1.0546328488097712,-1.0702530374192678,-1.0715102880478782,-1.0555775457174643,-1.033597088980396,-1.0032002676064962,-0.962543822638795,-0.9369924674969863,SSP1,Lower CI,Eastern Africa,Non-Staples,%,Eastern AfricaNon-Staples
33,0.0,0.0,0.0,-1.2227448075798559e-06,-0.00037164743539578205,-0.25784737878758257,-0.16324470499565646,,-0.3035554156417301,-0.37415784826023857,-0.43262224592079673,-0.4891538963829833,-0.5494626851975566,-0.6012162523382865,-0.645974236042958,-0.6786781423452518,-0.6911389070912936,-0.6972119953605622,-0.6922178720322757,-0.6659430815660582,-0.6483348892769242,SSP1,Median,Eastern Africa,Non-Staples,%,Eastern AfricaNon-Staples
34,,,,,,-0.2527408438695652,-0.15862051972634766,,-0.2194478792524307,-0.22490981168780527,-0.2613014158409755,-0.302842517940078,-0.3511473001042139,-0.39465918458585547,-0.43186539090958503,-0.4592771061986494,-0.4702661454688319,-0.4750152044523784,-0.4694621909408946,-0.4516158571423317,-0.4441914440110486,SSP1,Upper CI,Eastern Africa,Non-Staples,%,Eastern AfricaNon-Staples
48,,,,,,2.446396514441314,2.607195496018265,,1.4839233671856893,0.8903841151905909,0.5642652419389889,0.5340200578813206,0.5384512752795191,0.5314187434259463,0.5089041286937516,0.4773519545785532,0.44653624005471687,0.4114640653998588,0.369091534610113,0.33850984730588485,0.321366763165646,SSP1,Lower CI,Eastern Africa,Staples,%,Eastern AfricaStaples
49,0.0,0.0,0.0,0.0,0.0017494204954165895,2.4618373855015006,2.6082449816597544,,1.4942233857055027,1.046696912439345,0.7817424036661633,0.7600045166795704,0.7505817623385739,0.7286508615954196,0.6959278869022216,0.6558232560354862,0.6183171790449098,0.5890430422178128,0.5475164199298906,0.5114479771367066,0.4839278296782227,SSP1,Median,Eastern Africa,Staples,%,Eastern AfricaStaples
50,,,,,,2.4698090510588,2.615065458096336,,1.5713586115012093,1.1742847618012258,0.928613794931632,0.9074699757626452,0.8913283959542614,0.8624540280307305,0.8255608239289777,0.7823677501562021,0.739621379200736,0.6933642495262197,0.6412861021895283,0.6030562636186676,0.5788701864671495,SSP1,Upper CI,Eastern Africa,Staples,%,Eastern AfricaStaples
64,,,,,,0.05968488564894889,0.16329178916433576,,-0.2590388432642643,-0.7233037608047861,-0.8937187205545754,-0.9553291477522887,-0.9773510179412439,-0.9856412842273918,-1.0023250310236422,-1.015012786616335,-1.0227096152305895,-1.0321312720046651,-1.0444927560479977,-1.0516260027421998,-1.084732084334573,SSP1,Lower CI,Northern Africa,Non-Staples,%,Northern AfricaNon-Staples
65,0.0,0.0,0.0,0.0,-0.00023090368824571313,0.06168847546217181,0.16348314690700336,,-0.09554061114586926,-0.17155193849001243,-0.2270141754317439,-0.2439705714736466,-0.26415497055974224,-0.28418174416846925,-0.3130936080123282,-0.3352317895805673,-0.3475522748443256,-0.3582159246300556,-0.3692394368031596,-0.3719721971174708,-0.3967716699254442,SSP1,Median,Northern Africa,Non-Staples,%,Northern AfricaNon-Staples
66,,,,,,0.06239726293501638,0.16431634817511878,,0.0006592769068716753,-0.027044917571760918,-0.051958294877516575,-0.05909635141371766,-0.07987465072833216,-0.10416947519096215,-0.1372747526411039,-0.16261677869009755,-0.17683097268401238,-0.1891159352065525,-0.2023164001653155,-0.20461957500982364,-0.228296020273215,SSP1,Upper CI,Northern Africa,Non-Staples,%,Northern AfricaNon-Staples
80,,,,,,2.1084870113954803,2.2790746026426216,,1.5145909351753817,1.0024791363454675,0.7398739112659395,0.5803137796068313,0.445568996409765,0.31330734356482876,0.1519216484154639,-0.0016685375801653302,-0.13616080151718224,-0.2737320481153499,-0.42610949414272214,-0.5683866700636995,-0.8112079448225017,SSP1,Lower CI,Northern Africa,Staples,%,Northern AfricaStaples
81,0.0,0.0,0.0,0.0,-0.00023169156300877829,2.110440459074324,2.279285691057771,,1.538121170890306,1.3535917292717952,1.2343496915477241,1.1272530545492878,0.9959748597917865,0.8566798019265689,0.6937591033426873,0.535182838147255,0.38917830432981715,0.22493654712518935,0.058191288995494014,-0.08838445727057331,-0.3338360497548404,SSP1,Median,Northern Africa,Staples,%,Northern AfricaStaples
82,,,,,,2.1112902365405155,2.2800358356951715,,1.6568282788657407,1.5655028166335367,1.5087421234525742,1.4182299939704968,1.2846275948784052,1.1395506934704163,0.9741033826925893,0.8112547987567795,0.6579385987590058,0.49799528458775266,0.32719785693978376,0.17364051650751094,-0.07705384325592946,SSP1,Upper CI,Northern Africa,Staples,%,Northern AfricaStaples
96,,,,,,0.1545197837781729,0.24981949910104637,,-0.45629049404756294,-1.0586726054880324,-1.2073974920343316,-1.2401546223393285,-1.2342631633401937,-1.222587071876459,-1.2148844680543855,-1.2127553585525024,-1.214003220386834,-1.2178591132480734,-1.2141241203685422,-1.1995852108532374,-1.1851321521863876,SSP1,Lower CI,Southern Africa,Non-Staples,%,Southern AfricaNon-Staples
97,0.0,0.0,0.0,0.0,-0.0008342972760332312,0.1582492388673626,0.2501415917412316,,-0.26090909772175297,-0.4093886988152687,-0.46424381698703415,-0.4760164523446394,-0.4886546071358541,-0.5068720044075071,-0.5260873675234526,-0.5468240253091258,-0.565717722556495,-0.5880111091849549,-0.6038415703794263,-0.6077722744161123,-0.6075472937171066,SSP1,Median,Southern Africa,Non-Staples,%,Southern AfricaNon-Staples
98,,,,,,0.1602182745474194,0.2522762538838489,,-0.13847832307273786,-0.23632901980953774,-0.2742244898641048,-0.2824758412973727,-0.29785036605107307,-0.31976259283609415,-0.34143542364047347,-0.3622843356794343,-0.3810197676566806,-0.4039304001798002,-0.42155800210655453,-0.42830212109600935,-0.4292886135579292,SSP1,Upper CI,Southern Africa,Non-Staples,%,Southern AfricaNon-Staples
112,,,,,,0.6607088792229009,0.8420741995406656,,0.3043320076925128,0.02768574726094164,-0.06091716953436779,-0.06824108303947084,-0.051683280884745955,-0.03934877911218404,-0.038152120865929964,-0.037060266570565464,-0.03585358789627442,-0.035213568561244885,-0.03503653816088217,-0.03303557447832616,-0.030794627345408478,SSP1,Lower CI,Southern Africa,Staples,%,Southern AfricaStaples
113,0.0,0.0,0.0,0.0,-4.4617266371020784e-05,0.6666082851556769,0.842622925408181,,0.31772788048881917,0.13044993773236918,0.07506109338561957,0.07421854017511066,0.08364861254381767,0.08796121917241825,0.08444388397262245,0.0819962631710017,0.07926231618418039,0.07549009925705442,0.07119966812346747,0.06973304438525374,0.06841875196344994,SSP1,Median,Southern Africa,Staples,%,Southern AfricaStaples
114,,,,,,0.6696386797039987,0.8452789970519717,,0.3592795933204084,0.19525790287185646,0.1498459378521983,0.15037802356457053,0.15615996093273615,0.1571818126822771,0.15124635211530119,0.14674055611729508,0.14180868719664308,0.13542905285151788,0.1286900740936257,0.12542119928563847,0.12230257842371431,SSP1,Upper CI,Southern Africa,Staples,%,Southern AfricaStaples
128,,,,,,0.1723556938834055,0.2529610551118477,,-0.3876950738938603,-1.0360538613087775,-1.1379633921522099,-1.204363033140394,-1.2434604985768838,-1.2689059270391405,-1.2951256799424988,-1.332557396178164,-1.3875233004535645,-1.4721256796742437,-1.5746630755436795,-1.6606703600035193,-1.6892189403282287,SSP1,Lower CI,Western Africa,Non-Staples,%,Western AfricaNon-Staples
129,0.0,0.0,0.0,0.0,-0.00036540940846275133,0.18657551975956893,0.2542473731702049,,-0.2726105334838959,-0.3829678732220284,-0.40505549385271533,-0.4404089321049409,-0.4796415118237424,-0.5152130402786926,-0.5472633045935171,-0.5772363220619066,-0.6011492006998073,-0.624972558213661,-0.6423840328313111,-0.6536010003544775,-0.6591701557306425,SSP1,Median,Western Africa,Non-Staples,%,Western AfricaNon-Staples
130,,,,,,0.19383314347397468,0.2604705683239254,,-0.1708404599921864,-0.1926918101421365,-0.20587547466136213,-0.23332707232185573,-0.2658423804161599,-0.2956735167069772,-0.32034835516992877,-0.3401576259938024,-0.34712293903787017,-0.34358499976893797,-0.32717794365096065,-0.30798348917532503,-0.3022395118638559,SSP1,Upper CI,Western Africa,Non-Staples,%,Western AfricaNon-Staples
144,,,,,,0.5508486680021611,0.7323869178463586,,0.24546328180243848,-0.05634274279969917,-0.1278480522297531,-0.13925162384640916,-0.12306901173776008,-0.10401777234112942,-0.08972665635028228,-0.07875943429688298,-0.07312025487343583,-0.07494638645260049,-0.08426569015867,-0.09348332653713605,-0.09285208105832748,SSP1,Lower CI,Western Africa,Staples,%,Western AfricaStaples
145,0.0,0.0,0.0,0.0,0.00015264865382600331,0.5709804312678565,0.7338774839422453,,0.2616969242358824,0.11096272497766092,0.079518248212051,0.07601074138816477,0.07910875314718314,0.08266418451014367,0.0845377279731959,0.0861902222893047,0.08719647323773029,0.08819905358548101,0.08804040292035291,0.0867543814834016,0.08470545924315971,SSP1,Median,Western Africa,Staples,%,Western AfricaStaples
146,,,,,,0.5807186420929962,0.7411615430914961,,0.31199007355134845,0.19616976358335633,0.17624516034974397,0.17428390549172024,0.17239313694583908,0.17034284363212493,0.16771604088389025,0.1659611541583158,0.16501557264423022,0.16624917040462592,0.16876368788041432,0.1700941690985301,0.1669711802626176,SSP1,Upper CI,Western Africa,Staples,%,Western AfricaStaples
160,,,,,,0.2526910092378452,0.2770375820787146,,-0.41285357883216456,-0.9949245960896971,-1.2571912569086945,-1.3328685311004014,-1.340192631937704,-1.3558456381834272,-1.3671320824774271,-1.3733920333341776,-1.3733144036787914,-1.363852554108368,-1.3218279270932833,-1.259764286523708,-1.1964717399246707,SSP1,Lower CI,Australia and New Zealand,Non-Staples,%,Australia and New ZealandNon-Staples
161,0.0,0.0,0.0,0.0,-0.0018680522853067743,0.2560320919483746,0.27730716381866194,,-0.16024256659373304,-0.30904585739833096,-0.3687564678189257,-0.3864217905425527,-0.3954436959569677,-0.4345251560887608,-0.4726727377665855,-0.5074469903360556,-0.5332964387092924,-0.5524512713602815,-0.5279364634440331,-0.46972909648272576,-0.4075423061489876,SSP1,Median,Australia and New Zealand,Non-Staples,%,Australia and New ZealandNon-Staples
162,,,,,,0.2574703000920046,0.278602768349606,,-0.02975317883721479,-0.10779569227199387,-0.11161257419232029,-0.11189709492645872,-0.12199138175393875,-0.16820258708215152,-0.21504715622563708,-0.2585446546139808,-0.29199593441135985,-0.31481996148031577,-0.2907011762144728,-0.23571130785235905,-0.17636689567997055,SSP1,Upper CI,Australia and New Zealand,Non-Staples,%,Australia and New ZealandNon-Staples
176,,,,,,1.0209663030089355,1.1904936117786502,,0.39098177671584944,-0.2768809183164051,-0.6079161090939409,-0.7024757084972123,-0.7464687813870338,-0.8217910226424606,-0.9146299632482627,-1.0074922120631744,-1.0915064125632306,-1.1338534530427258,-1.1263317833101134,-1.0979385273752396,-1.064522661825608,SSP1,Lower CI,Australia and New Zealand,Staples,%,Australia and New ZealandStaples
177,0.0,0.0,0.0,0.0,0.03376508584007403,1.1069146284799536,1.195881115941278,,0.40854512243718194,0.08257971465483799,-0.054776744621402376,-0.10819505979587454,-0.15166346529379543,-0.23522504449363918,-0.33500498088469854,-0.4368207746408517,-0.5322119656541567,-0.5881963823146407,-0.5888393055790547,-0.5624827079765476,-0.532343169334547,SSP1,Median,Australia and New Zealand,Staples,%,Australia and New ZealandStaples
178,,,,,,1.1432364773336914,1.2110275575582958,,0.5037387549951602,0.2551093587015207,0.1543024334807628,0.10315361637924625,0.05722730122424402,-0.027699546651941298,-0.12798868834170885,-0.23143961989384315,-0.33019270662694733,-0.38824363051009525,-0.3901957319394487,-0.3662887257413715,-0.3380444804375459,SSP1,Upper CI,Australia and New Zealand,Staples,%,Australia and New ZealandStaples
192,,,,,,0.17881827489090274,0.18252656661740974,,-0.9019043893752088,-1.683963818366573,-1.9365446932474926,-2.0133195950283667,-2.0106175230443277,-2.0424741819781653,-2.070321974035239,-2.088471764842695,-2.0914665245408863,-2.1010640186063716,-2.068700334450165,-2.0056060039809425,-1.936385155272327,SSP1,Lower CI,Brazil,Non-Staples,%,BrazilNon-Staples
193,0.0,0.0,0.0,0.0,-0.0005706498203570164,0.17960997858240677,0.1826493102007341,,-0.4764600644659605,-0.6620073209732796,-0.7301425651556788,-0.7469561381185666,-0.7512445541983361,-0.8129936146828789,-0.8747587198313551,-0.9298394511047365,-0.9637937597361234,-1.0134972658837529,-1.0092906095813494,-0.9558163461572183,-0.8925106454873551,SSP1,Median,Brazil,Non-Staples,%,BrazilNon-Staples
194,,,,,,0.1800440213161114,0.18311635761527356,,-0.2556218201271934,-0.36277729632673406,-0.3829007225700225,-0.3861292380571464,-0.39470609844112636,-0.46585840203914264,-0.5383355963739415,-0.6042664665495319,-0.6462755789200361,-0.6999913611626971,-0.6941613844394552,-0.6448777625013045,-0.5849950403631629,SSP1,Upper CI,Brazil,Non-Staples,%,BrazilNon-Staples
208,,,,,,2.3287940842517925,2.410128355823559,,1.7721669975464147,1.3324541849717095,1.13069224460009,1.0555281383750876,1.014729823828867,0.9517979372793961,0.8761933673503441,0.8119204220037016,0.7695004017926876,0.7347263721026698,0.7173995265849924,0.709172290657751,0.6960651679382597,SSP1,Lower CI,Brazil,Staples,%,BrazilStaples
209,0.0,0.0,0.0,0.0,-0.0006016457868349229,2.330447934656953,2.410621261420387,,1.8279190691321254,1.4803137039244825,1.3347941531426024,1.2659206243179155,1.2213759786006195,1.1517060051630783,1.0717124817654318,0.9979013163696018,0.9401404627685392,0.8862837500486911,0.854811528454309,0.8375034690046429,0.8184157586391942,SSP1,Median,Brazil,Staples,%,BrazilStaples
210,,,,,,2.331261079257386,2.411072248896651,,2.019166174905671,1.8008305694465327,1.6103894945594266,1.5198674465499744,1.4607868401100972,1.3786557188671675,1.2884692062247063,1.2059668385553013,1.1360702064805162,1.0743199206076872,1.0332123928726273,1.0051652003632503,0.9775831797664771,SSP1,Upper CI,Brazil,Staples,%,BrazilStaples
224,,,,,,0.14810613234648337,0.183354986143701,,-0.6476147447648163,-1.369506196128526,-1.6572929666943703,-1.7491826097711265,-1.7547815376120326,-1.7321807049457465,-1.6997744385378033,-1.6660168931774466,-1.6345858771160793,-1.607079090347106,-1.5800863790508102,-1.5565684949825682,-1.5390992058214201,SSP1,Lower CI,Canada,Non-Staples,%,CanadaNon-Staples
225,0.0,0.0,0.0,0.0,-0.0007563631443454653,0.15103145307704047,0.18363321806827787,,-0.38099677477157895,-0.49052260566583983,-0.5324277783533428,-0.5428821873874967,-0.5406019333642574,-0.5368635898258243,-0.5274055306220148,-0.5146557924456507,-0.4979842439467556,-0.4832768840489786,-0.46391707371167146,-0.44019873864105524,-0.41481481510667984,SSP1,Median,Canada,Non-Staples,%,CanadaNon-Staples
226,,,,,,0.15256877840204522,0.18484846911149466,,-0.23439618349232702,-0.25248083033251567,-0.23154769459171176,-0.2209467874006974,-0.2183042423497975,-0.22128586105277148,-0.2192244881481864,-0.2137857233773942,-0.20195617720249193,-0.19196346719301705,-0.17572169453262254,-0.15309672225475213,-0.1279139793872036,SSP1,Upper CI,Canada,Non-Staples,%,CanadaNon-Staples
240,,,,,,1.2677220643355935,1.5531773950086079,,0.8335733515738912,0.17776031186686955,-0.13774022942351655,-0.23579280920530982,-0.2706626932647393,-0.30967693667690205,-0.355642545212265,-0.3913534960644285,-0.4129781640493128,-0.4280309701696745,-0.4348054220851829,-0.4393646536165584,-0.4427765543176927,SSP1,Lower CI,Canada,Staples,%,CanadaStaples
241,0.0,0.0,0.0,0.0,-0.0001334438097853411,1.2713263160138946,1.5535085870671466,,0.8584804640196436,0.4310498557087206,0.257602835007212,0.21273189201356862,0.18825872532901394,0.1479434582382591,0.1018423226129635,0.06192623132778181,0.03255151639462295,0.008037809772032127,-0.004901855003616292,-0.010106695834885233,-0.01452530890323012,SSP1,Median,Canada,Staples,%,CanadaStaples
242,,,,,,1.2728392120874144,1.5542521835348722,,0.9082860787673122,0.5480853500274455,0.40661948675730636,0.3723093943374262,0.3484237238713222,0.30667423959276724,0.259764220504355,0.21745492617293452,0.18432341814008918,0.15655183418833749,0.14168910639184218,0.13460055899239812,0.12851943111629902,SSP1,Upper CI,Canada,Staples,%,CanadaStaples
256,,,,,,0.2775973609039787,0.32049817413016324,,-0.43823791163834147,-1.099582903984746,-1.322103012612477,-1.4105096534156774,-1.421319475126472,-1.4164378115849852,-1.4060620674143238,-1.398240021848739,-1.388444120779309,-1.3819964013030444,-1.3587802831485805,-1.3256187705358038,-1.2887957892022,SSP1,Lower CI,Central America and Caribbean,Non-Staples,%,Central America and CaribbeanNon-Staples
257,0.0,0.0,0.0,0.0,-0.0009626728157779009,0.28251926490177287,0.3209827721201648,,-0.16966488254350806,-0.3098453828379075,-0.3629212894996327,-0.38656256106802533,-0.39935416433665355,-0.42171248624072305,-0.4450465017781643,-0.4704428469532884,-0.48861313469222717,-0.5134311421693509,-0.5162947990010206,-0.5019356088621999,-0.48285315626747577,SSP1,Median,Central America and Caribbean,Non-Staples,%,Central America and CaribbeanNon-Staples
258,,,,,,0.28477514558448236,0.3231421393590278,,-0.020774627467289503,-0.09215814531284339,-0.10100485017713756,-0.1098056224324826,-0.12564358256957708,-0.15775128781335268,-0.1914769624278715,-0.22633788297168178,-0.25284800596401236,-0.28396905260462013,-0.29122068767097264,-0.2827196169610311,-0.26816868722025133,SSP1,Upper CI,Central America and Caribbean,Non-Staples,%,Central America and CaribbeanNon-Staples
272,,,,,,2.158992850827435,2.818311576009047,,1.9871415337649039,1.3088849701684622,1.144947232635566,1.066315238650271,1.0113929329153013,0.9443666753680224,0.863973863420708,0.7850716169658722,0.7146128463506781,0.6486751162373804,0.6015491128886788,0.5624998095929026,0.524892653853996,SSP1,Lower CI,Central America and Caribbean,Staples,%,Central America and CaribbeanStaples
273,0.0,0.0,0.0,0.0,0.0003684289688356705,2.1685988163133545,2.819126845784524,,2.020952253051396,1.779564302431817,1.6956011157082134,1.6309051178443013,1.569923684412775,1.4924982471833967,1.4032666452044562,1.3133338479290357,1.2285958319061328,1.1460619345321916,1.0841785394300703,1.0334354045311198,0.9841106690621574,SSP1,Median,Central America and Caribbean,Staples,%,Central America and CaribbeanStaples
274,,,,,,2.1731234231101895,2.8224981415647443,,2.1207286067692745,2.0094044832855706,1.9563371620038805,1.8949321991432568,1.8307422580744843,1.7491633690341057,1.656051841492041,1.5611550210927911,1.4695418794415707,1.380344725170612,1.3124402365825558,1.2558483509776035,1.201455083296173,SSP1,Upper CI,Central America and Caribbean,Staples,%,Central America and CaribbeanStaples
288,,,,,,-0.05410272078489639,-0.06838715927160767,,-0.8200088609064389,-1.4394849275780641,-1.7274461553798648,-1.8310715815351017,-1.8477766827765505,-1.8350608659311174,-1.8109654508463242,-1.7797049692248743,-1.7398063519410718,-1.6959311075470311,-1.6367256963676775,-1.573693630424552,-1.5056123635992158,SSP1,Lower CI,Central Asia,Non-Staples,%,Central AsiaNon-Staples
289,-4.080295116988414e-06,0.0,0.0,0.0,0.0003731692855484373,-0.05295530906811289,-0.06815598121102696,,-0.5606676788242649,-0.7520369129454555,-0.8449657197865036,-0.8751368881259378,-0.8824229229962856,-0.8839361406268156,-0.8779645542799424,-0.8651364635421014,-0.8370123798260605,-0.8050178440148414,-0.7545927308733308,-0.6961313932305317,-0.629392662786293,SSP1,Median,Central Asia,Non-Staples,%,Central AsiaNon-Staples
290,,,,,,-0.052395487942647645,-0.06762587353085052,,-0.431108471183981,-0.5532257899171635,-0.5887070333678237,-0.5976934239539051,-0.603639882076887,-0.6116557965633379,-0.6135744349722955,-0.607999689396607,-0.5852146025434524,-0.5587463219718894,-0.5129721469848311,-0.4574222091828466,-0.3926667709614008,SSP1,Upper CI,Central Asia,Non-Staples,%,Central AsiaNon-Staples
304,,,,,,0.8000894797842854,0.9634283384747465,,0.09450152196671166,-0.5598652873095211,-0.8547815358237769,-0.9623270393083045,-1.0182234638666987,-1.0746945571491042,-1.1327379237432857,-1.1783570100506937,-1.206520356128172,-1.2190715261117386,-1.2103097781768042,-1.186559334882703,-1.1521826248799956,SSP1,Lower CI,Central Asia,Staples,%,Central AsiaStaples
305,0.0,0.0,0.0,0.0,-0.003923645694285815,0.8028711628898612,0.9637678313092982,,0.1360855668192762,-0.17867579676471032,-0.25634962749007556,-0.3064199535951662,-0.35800274786675834,-0.4141655406540831,-0.46730437745516995,-0.5101033889890977,-0.5383550414207735,-0.5537450377102966,-0.5466109979324125,-0.5224748251866704,-0.48626930484822894,SSP1,Median,Central Asia,Staples,%,Central AsiaStaples
306,,,,,,0.803915012145391,0.9646438799421148,,0.23727498017897627,0.023068331432821554,0.02350287700652348,-0.009667163409375845,-0.06378305545270685,-0.12307483003094832,-0.17778366552357544,-0.22356098326312512,-0.25675113847224934,-0.27690079430761516,-0.27327084571223126,-0.251186392743387,-0.21647601751776901,SSP1,Upper CI,Central Asia,Staples,%,Central AsiaStaples
320,,,,,,0.25666421327666755,0.3453671334703453,,-0.26266353950375754,-0.8207820896080671,-0.9989205055291063,-1.0184272783099015,-0.9954119139196085,-0.9711240752858449,-0.9525185384582286,-0.9370799114854935,-0.9162430728906404,-0.9024857624667337,-0.8879850843581081,-0.8725826889315056,-0.8542931922893855,SSP1,Lower CI,China,Non-Staples,%,ChinaNon-Staples
321,0.0,0.0,0.0,0.0,-0.00026329783032640297,0.2572771869185653,0.34548293860598406,,-0.1048612200428564,-0.17970467782525887,-0.1886023552882335,-0.15755113042052066,-0.12881761774407133,-0.11269546434103044,-0.10575927897178605,-0.10409045014379843,-0.09286070931500409,-0.09465468407255682,-0.09607731485456662,-0.09531878242006375,-0.09236623039656583,SSP1,Median,China,Non-Staples,%,ChinaNon-Staples
322,,,,,,0.2576445752337795,0.3458115749836622,,-0.007628649440497404,-0.020578409764272,0.008980534153122943,0.05222070629881409,0.08178468304916892,0.09509596477759141,0.0987970560628178,0.09654770156891651,0.1050528449996494,0.09904786562886608,0.09375566195846036,0.0904926216336503,0.08881981574212444,SSP1,Upper CI,China,Non-Staples,%,ChinaNon-Staples
336,,,,,,3.356517476702432,3.7080540633008887,,2.075175973866101,0.951610071574836,0.9878604124128054,1.0966314215770365,1.1391311243536701,1.1184164323756325,1.062336368970806,0.9870564655821509,0.9067748910770885,0.824077427958309,0.742966634133284,0.6631460573857544,0.5826452369746332,SSP1,Lower CI,China,Staples,%,ChinaStaples
337,0.0,0.0,0.0,0.0,1.1438204335783158e-05,3.3574523834443615,3.708198543374986,,2.1315982416052264,1.9265901638807637,2.0074824947940018,2.0937621559346633,2.1083325354660785,2.0627835308976814,1.983027096912262,1.8835453376193219,1.779079132796833,1.6717099918119542,1.5660836235436832,1.463009871782183,1.3594298500631459,SSP1,Median,China,Staples,%,ChinaStaples
338,,,,,,3.35800535753824,3.708735613347696,,2.2716968806532267,2.3341533634917018,2.4117546795690608,2.4826961323582672,2.489152564823292,2.4383793555731295,2.3532263469794117,2.2475934843072007,2.1364954348505365,2.022505357875657,1.9102047164301408,1.800411282854846,1.6898297038898544,SSP1,Upper CI,China,Staples,%,ChinaStaples
352,,,,,,0.14926474280928795,0.19353324705867248,,-0.4428236559443479,-1.0838773876962549,-1.4012011481807964,-1.5076561036002911,-1.5304455605816667,-1.5320101484117545,-1.5247135881102474,-1.5093137879312697,-1.491365376807332,-1.4713426969496806,-1.4387398551301098,-1.399538193274588,-1.3614666770265584,SSP1,Lower CI,Northeastern EU,Non-Staples,%,Northeastern EUNon-Staples
353,0.0,0.0,0.0,0.0,3.635543699572435e-05,0.15084737990600752,0.19364055257180957,,-0.23912149584520323,-0.43961301696425226,-0.5308402917693351,-0.5525358763547932,-0.5563235955029436,-0.5667733947633533,-0.5749281930961092,-0.5794278713427742,-0.579015693788922,-0.5802208594114946,-0.5630971570254133,-0.5318743460098657,-0.5009173229829786,SSP1,Median,Northeastern EU,Non-Staples,%,Northeastern EUNon-Staples
354,,,,,,0.15167494864384654,0.1943640217122486,,-0.13081717103007726,-0.25428146777996924,-0.27614576229059973,-0.26979300281762697,-0.2683793805780744,-0.282386421774528,-0.2966229729711377,-0.3090060448503581,-0.3150446077325809,-0.3214933066262554,-0.3083054012268628,-0.2817575911900788,-0.254578914605999,SSP1,Upper CI,Northeastern EU,Non-Staples,%,Northeastern EUNon-Staples
368,,,,,,0.6767647216839487,0.8893463116598544,,0.11775094542634057,-0.43196107568822895,-0.7166632918129259,-0.7617928903443452,-0.7743783380515251,-0.819500124569329,-0.8755501188138767,-0.9212847104592141,-0.9476659612004821,-0.9653237977814384,-0.9589693489098639,-0.9364203024076312,-0.9172913231928643,SSP1,Lower CI,Northeastern EU,Staples,%,Northeastern EUStaples
369,0.0,0.0,0.0,0.0,-0.0008252830028959189,0.6786491253216569,0.8894636692245912,,0.13651743457836416,-0.20297028214191837,-0.3034169422063432,-0.3081653846971697,-0.326436721999144,-0.3800888602301125,-0.43913829001539595,-0.4894655410176041,-0.525712307751047,-0.5581223868264515,-0.5641545031518362,-0.5423454766409284,-0.5234575680277249,SSP1,Median,Northeastern EU,Staples,%,Northeastern EUStaples
370,,,,,,0.6794226240543819,0.8902993680024281,,0.2487793882368789,0.02450774884868448,0.009304778224115406,0.009649248160349344,-0.016861985742862795,-0.07834135280781634,-0.14111273888298703,-0.19560017312644762,-0.23894126984922215,-0.2754908848687198,-0.28322088894047065,-0.26671655316556797,-0.2509397208627074,SSP1,Upper CI,Northeastern EU,Staples,%,Northeastern EUStaples
384,,,,,,0.20544808619503072,0.2522091172097497,,-0.35284478544579534,-0.9420586722942415,-1.2080094754687027,-1.2836397381154978,-1.2870283984366857,-1.2668866135074275,-1.239988901924346,-1.210841174200863,-1.1823842649597507,-1.1584494554343414,-1.1359630164224728,-1.1174156452973483,-1.102519894499979,SSP1,Lower CI,Western EU,Non-Staples,%,Western EUNon-Staples
385,0.0,0.0,0.0,0.0,-0.010320182874397071,0.2080638868892885,0.2523111094910534,,-0.1509271830950681,-0.31609820011550493,-0.3774445860405059,-0.3884132373917606,-0.3861291894447828,-0.3810000050538921,-0.3723492178676227,-0.36041547921585715,-0.3452719248409865,-0.3325075841810578,-0.31820676395116915,-0.30358381131755796,-0.28957966648564354,SSP1,Median,Western EU,Non-Staples,%,Western EUNon-Staples
386,,,,,,0.20903185293134316,0.2533001798492761,,-0.043591137222728504,-0.13550126150476588,-0.1378376963015152,-0.12844984035485174,-0.1247555719705351,-0.12558860288389384,-0.12423289577330299,-0.11932466570237799,-0.10984102593481904,-0.10197437094437112,-0.09215350883986284,-0.08065740375870234,-0.06893503948538815,SSP1,Upper CI,Western EU,Non-Staples,%,Western EUNon-Staples
400,,,,,,0.954456629418176,1.2098422580309558,,0.2706565817555637,-0.3670921384380872,-0.776667135128706,-0.8267304069344035,-0.833737557091883,-0.8673593572442084,-0.9121363864981676,-0.9435482541110854,-0.9649065866218387,-0.9785929098680292,-0.9782667223566712,-0.9685178094040727,-0.9593844090794372,SSP1,Lower CI,Western EU,Staples,%,Western EUStaples
401,0.0,0.0,0.0,0.0,-0.0007579261707382068,0.9577900678201888,1.2101256207583138,,0.30421302871167716,-0.0166733707459463,-0.09702273078854586,-0.11392350031627176,-0.13980957598928245,-0.18370505702242557,-0.22949652545970486,-0.26269355357660723,-0.28890783491462735,-0.31036207951725253,-0.3158595530101062,-0.3063363302450383,-0.2957094450263578,SSP1,Median,Western EU,Staples,%,Western EUStaples
402,,,,,,0.9591534463010805,1.211236795640351,,0.4141383908917647,0.19783899153686116,0.23869255161168756,0.2301905587633018,0.19358782682359,0.1435917105630699,0.09489904764144164,0.05812357666680745,0.026531030243385656,0.00021692887817115203,-0.009785794018952687,-0.0038337433346821714,0.003769264216807011,SSP1,Upper CI,Western EU,Staples,%,Western EUStaples
416,,,,,,0.16112441930136515,0.20065333236210112,,-0.5837282426578589,-1.2521354732017238,-1.5334612970279193,-1.6112443318572955,-1.6103241199252873,-1.5986102538783498,-1.579343773525624,-1.5557982707017612,-1.5419716441536346,-1.5289959412552248,-1.5008935331847062,-1.462026975458822,-1.4222247134593404,SSP1,Lower CI,Eastern Europe,Non-Staples,%,Eastern EuropeNon-Staples
417,0.0,0.0,0.0,0.0,-0.0005289153013945632,0.16267463920946681,0.20081037913018474,,-0.32945378571772665,-0.48844618200802536,-0.5608340157410604,-0.5742261469736526,-0.5694774797562681,-0.5767452905013574,-0.5845882088247119,-0.5888688650272812,-0.60054256835319,-0.6153015353647427,-0.6092904530300951,-0.5842252919062683,-0.556114698675044,SSP1,Median,Eastern Europe,Non-Staples,%,Eastern EuropeNon-Staples
418,,,,,,0.1633973912918679,0.2015487753519202,,-0.19010020210107598,-0.28229066120515495,-0.29737859053621185,-0.29229376426315434,-0.2876682390316624,-0.3019798401896593,-0.3182601379829073,-0.33147792959517497,-0.3517269634565995,-0.3724248636652623,-0.3699743108446577,-0.3493499873380491,-0.32552782184265483,SSP1,Upper CI,Eastern Europe,Non-Staples,%,Eastern EuropeNon-Staples
432,,,,,,0.7535130759872731,0.8729470184079867,,0.2281176220918783,-0.22166773357442487,-0.44076397381164534,-0.4838120321843871,-0.5010953404386395,-0.5345903417430704,-0.5725379884861779,-0.6030171106583291,-0.6212452190114987,-0.6315771374203505,-0.6265438122320252,-0.6115152379798194,-0.5965497217114727,SSP1,Lower CI,Eastern Europe,Staples,%,Eastern EuropeStaples
433,0.0,0.0,0.0,0.0,-0.00022764590283676645,0.7552514238819836,0.8731327737736787,,0.24182334624088167,-0.08881256881431858,-0.1955205239630604,-0.21674586621788017,-0.23377205254048353,-0.26985963804994034,-0.3096831751599534,-0.34448190782704974,-0.37169355197038384,-0.3937280861517046,-0.3974980394821789,-0.38482134344970453,-0.37140033394738314,SSP1,Median,Eastern Europe,Staples,%,Eastern EuropeStaples
434,,,,,,0.7563416076773629,0.8738537820911515,,0.339173368397833,0.09279131080937231,0.023606803355538192,0.01047245686656001,-0.011761338769286644,-0.05768956048795551,-0.10505574257613753,-0.14826296272033,-0.18556866479199863,-0.21573929127702923,-0.22637860362660922,-0.22063369610734967,-0.21214235155242445,SSP1,Upper CI,Eastern Europe,Staples,%,Eastern EuropeStaples
448,,,,,,0.1365677177970757,0.1527419367550471,,-0.678116737059962,-1.464193715151605,-1.7933233167857954,-1.9174467781919828,-1.9755641126670462,-2.019573500526209,-2.0506095864674667,-2.064801542885408,-2.075754234570888,-2.0739282244903854,-2.050302575449706,-2.0135556345040078,-1.9597796299442796,SSP1,Lower CI,Other Europe,Non-Staples,%,Other EuropeNon-Staples
449,0.0,0.0,0.0,0.0,7.02570065288383e-05,0.13849957535208085,0.15290484895960582,,-0.48510424089341453,-0.7394845842061246,-0.8799910000895381,-0.9449443650094365,-0.9941649881286299,-1.0485362754637546,-1.0915634588155854,-1.114270555253936,-1.1284789795932197,-1.1269324890667303,-1.0953403258059213,-1.0369845365892236,-0.952265856165109,SSP1,Median,Other Europe,Non-Staples,%,Other EuropeNon-Staples
450,,,,,,0.13923865921928966,0.15383357326133396,,-0.37001377290727067,-0.55160834946616,-0.6381611497402616,-0.6862303518278493,-0.7353218017865807,-0.7944068849512432,-0.8422519050291489,-0.8684913031757369,-0.8840669150656659,-0.8818189501472019,-0.8457018016066478,-0.7834235292410474,-0.6920627410481964,SSP1,Upper CI,Other Europe,Non-Staples,%,Other EuropeNon-Staples
464,,,,,,1.6235727889361902,1.8781897046333897,,0.8086903292807297,0.07488610265193563,-0.3247916025665992,-0.47331434624522317,-0.5608791299815072,-0.6550120056753086,-0.7499812173225104,-0.8197870106602629,-0.8686028693487426,-0.8896925226963535,-0.8853462613041712,-0.8607340208379239,-0.8151606067238236,SSP1,Lower CI,Other Europe,Staples,%,Other EuropeStaples
465,0.0,0.0,0.0,0.0,-3.301256037077143e-05,1.6261529700394444,1.8785152988248495,,0.832342539037618,0.3873346620159312,0.19063827110272086,0.09856681289955581,0.010840868056884733,-0.093648597421315,-0.19452531482142818,-0.27229508655697016,-0.3348052909933359,-0.3737978914947887,-0.38536228170092524,-0.37150287005073296,-0.3364508539872372,SSP1,Median,Other Europe,Staples,%,Other EuropeStaples
466,,,,,,1.6273745237160957,1.8792360048980368,,0.9379911109235368,0.5849133146079,0.4605402548985872,0.3852083983877226,0.29524837309659174,0.18700050049454026,0.0842398493965138,0.003274138104811697,-0.064872338624963,-0.10967190326929377,-0.12600456148544503,-0.11551661379934497,-0.08202996281029973,SSP1,Upper CI,Other Europe,Staples,%,Other EuropeStaples
480,,,,,,0.10882583740514828,0.14251099358489663,,-0.4618454910417028,-1.1013632524247483,-1.3917319068485643,-1.4938500930867336,-1.5070991705755072,-1.4721512047667806,-1.4291516698935125,-1.3860087246390076,-1.3479725759197452,-1.321349564496514,-1.320962383360686,-1.3445808034029827,-1.3816899445991921,SSP1,Lower CI,European Free Trade Association,Non-Staples,%,European Free Trade AssociationNon-Staples
481,0.0,0.0,0.0,0.0,-0.001543080293025531,0.11087931388066893,0.14264962075434226,,-0.1581581897103,-0.26355535657283324,-0.2938347838291771,-0.2956433795923589,-0.28469753184387164,-0.25285466565210657,-0.21626028807280728,-0.17594405482492437,-0.1305644872257861,-0.09003533716045937,-0.07180061178335838,-0.0737577914175212,-0.07936722260643717,SSP1,Median,European Free Trade Association,Non-Staples,%,European Free Trade AssociationNon-Staples
482,,,,,,0.11162358045232418,0.14341695574148264,,-0.01612964871748987,-0.009044715752038135,0.03823540968569805,0.06556354437813006,0.08078488265528161,0.10821301640853231,0.1402425213317,0.1766521964647758,0.22020647937726823,0.2578574045810621,0.27373498742370506,0.2756834923853755,0.27606663014061317,SSP1,Upper CI,European Free Trade Association,Non-Staples,%,European Free Trade AssociationNon-Staples
496,,,,,,0.7933846415853966,1.0497211206409693,,0.3568844720909251,-0.09463965840191377,-0.33630672046488036,-0.38748999695747377,-0.4152171467535062,-0.4520015246271457,-0.49777974894994736,-0.5332783710310489,-0.5549881885073413,-0.569655776907,-0.5753042035877391,-0.5780301807716066,-0.5843120861849092,SSP1,Lower CI,European Free Trade Association,Staples,%,European Free Trade AssociationStaples
497,0.0,0.0,0.0,0.0,-0.000763694810569047,0.7952496399422094,1.0498115644670334,,0.3737957566142755,0.10931797130234855,0.04404949698068238,0.024418475100689986,-0.0020017309792490193,-0.048906665665281915,-0.09131150580733412,-0.12734771579012033,-0.1563266975434235,-0.1821607540875163,-0.19512673293858157,-0.1986931598015125,-0.2059630001089721,SSP1,Median,European Free Trade Association,Staples,%,European Free Trade AssociationStaples
498,,,,,,0.7960700736543854,1.0504000019342306,,0.46908429047335176,0.25270534618596796,0.2548566536761792,0.24495816777938792,0.22425679838363877,0.18260848695060525,0.13935884567083875,0.10029187351395483,0.06535863599232589,0.03392173274069543,0.01618581111056222,0.008525484910686887,-0.0011248543988809367,SSP1,Upper CI,European Free Trade Association,Staples,%,European Free Trade AssociationStaples
512,,,,,,-0.04517767118240295,0.2857706108415693,,-0.15093718416174498,-0.49544007915822674,-0.7613064851414157,-0.8359892938156893,-0.8554895443987006,-0.9150287657089904,-0.9464806041818419,-0.9323750164032462,-0.8649005348350705,-0.7850682339819655,-0.6608585467853507,-0.511719852189507,-0.36868879330784515,SSP1,Lower CI,India,Non-Staples,%,IndiaNon-Staples
513,0.0,0.0,0.0,0.0,-0.0009019403129814934,-0.043702590899043756,0.2863667769117655,,-0.12067405500472184,-0.3720390520100267,-0.5878332403612997,-0.6583747984397815,-0.68477132387236,-0.7517182804373613,-0.7913950276507757,-0.791304344270931,-0.7325745890295289,-0.6665145419323669,-0.5462873749039412,-0.3904185075791318,-0.23894422273727112,SSP1,Median,India,Non-Staples,%,IndiaNon-Staples
514,,,,,,-0.043208373446075636,0.2874041752069765,,-0.08470146851627683,-0.29622412534689957,-0.4845761559375872,-0.5541649019037117,-0.5857825459786535,-0.6593728061335642,-0.7049977979382596,-0.7062362664479825,-0.6556870473456891,-0.591619678645354,-0.47101682154618874,-0.31915193993510144,-0.169330943737313,SSP1,Upper CI,India,Non-Staples,%,IndiaNon-Staples
528,,,,,,10.992712733479705,12.128902918105085,,10.14399751356016,9.15886207270684,8.19310314088053,7.67866925256853,7.311095269643919,6.947672721851625,6.597409526492506,6.33262965719102,6.182156973333545,6.067552103087808,5.938720304834242,5.801811175548322,5.663617066504508,SSP1,Lower CI,India,Staples,%,IndiaStaples
529,0.0,0.0,0.0,0.0,-0.0010331823713471675,10.99628070007005,12.130731898632456,,10.178502564981397,9.331689402887127,8.458212666577158,7.951010250849999,7.59067354136663,7.2427655541648965,6.912497971583327,6.672587981551184,6.55281332109877,6.472093775689181,6.362429572253605,6.225333435391441,6.0827884004230235,SSP1,Median,India,Staples,%,IndiaStaples
530,,,,,,10.997816520071181,12.132914019954113,,10.226658372280623,9.432130179926068,8.598707136825686,8.088941458653478,7.721598348353649,7.370138296923565,7.039607899883026,6.801566913282103,6.685267262861287,6.602367104294169,6.484695284619213,6.345321197007075,6.200593982957536,SSP1,Upper CI,India,Staples,%,IndiaStaples
544,,,,,,0.44320140772291683,0.5406348536022741,,-0.08604854036975629,-0.6996315825209084,-0.9599468189314189,-1.0911525499876231,-1.1305844771868698,-1.1517237089665935,-1.174641880055277,-1.200739663294716,-1.2118435081894168,-1.2208994344044402,-1.2177321806375245,-1.20964519404864,-1.197314528454795,SSP1,Lower CI,Indonesia,Non-Staples,%,IndonesiaNon-Staples
545,0.0,0.0,-1.5938515214151403e-06,0.0,-0.0003141762507682482,0.44504140866972497,0.5407817450274787,,0.04884236326009449,-0.10985265510159573,-0.19026516273013688,-0.222137241946796,-0.22181714913880773,-0.22736098801474874,-0.23441409500607413,-0.24413760178480132,-0.23680730131082145,-0.24022309087150584,-0.2339247804417267,-0.22265083105969408,-0.20922138482645655,SSP1,Median,Indonesia,Non-Staples,%,IndonesiaNon-Staples
546,,,,,,0.44575273390672565,0.5417286970570113,,0.14176188574676923,0.04597376489578864,0.007448380021034484,0.0007521830538339547,0.011327706199933174,0.009493295659296463,0.00631269045754046,0.0010386340857463372,0.012812927615385217,0.011226874790149277,0.017953326447595064,0.028582459476751754,0.04115654279226766,SSP1,Upper CI,Indonesia,Non-Staples,%,IndonesiaNon-Staples
560,,,,,,3.2863917094228063,4.3221365275083246,,3.1300000814299693,2.1131967356629033,1.9976240121048978,1.9715387221787781,1.9358116852637823,1.8776588971029495,1.799875201687112,1.7144024606787478,1.6355859762789082,1.5555237819241161,1.477749584177824,1.400909555557811,1.3262964823869172,SSP1,Lower CI,Indonesia,Staples,%,IndonesiaStaples
561,0.0,0.0,0.0,0.0,5.360546386732599e-05,3.2872568159409448,4.322180418879468,,3.185818004108918,2.957848851959477,2.958624459242697,2.9269735420218796,2.8746951096311246,2.8052104459078153,2.7177887153980653,2.6206229004420423,2.526464543030645,2.4231342006945598,2.3179753957411133,2.2117136928755374,2.1067216790717644,SSP1,Median,Indonesia,Staples,%,IndonesiaStaples
562,,,,,,3.2876957285618844,4.322480251183639,,3.3203470818223773,3.3299673280919357,3.357690308661131,3.308434007562578,3.2408714014212108,3.160490354492601,3.0627995939426103,2.9556523053954993,2.85210748313722,2.743104559826342,2.6345620116462114,2.52792178548939,2.42575508981222,SSP1,Upper CI,Indonesia,Staples,%,IndonesiaStaples
576,,,,,,-0.0871723254900275,-0.05517234376784564,,-1.0217575670998278,-2.0076286502400116,-2.4589191659973597,-2.653198360914204,-2.700587387636251,-2.6630825488762517,-2.6081891237918695,-2.5489387559485728,-2.4944514605649646,-2.4455380302098493,-2.4338880598414194,-2.4512630068803016,-2.4770965086958414,SSP1,Lower CI,Japan,Non-Staples,%,JapanNon-Staples
577,0.0,0.0,0.0,0.0,-0.0015721978739241683,-0.0867151993312779,-0.05505528787197289,,-0.5458686709625328,-0.7065483217529337,-0.7599230262453583,-0.7726322710530527,-0.7631324207056039,-0.7166657657038198,-0.6614965145058719,-0.6008119827271456,-0.5307550993402627,-0.4657618477657333,-0.4407488710005846,-0.44827216097374034,-0.4571014409414198,SSP1,Median,Japan,Non-Staples,%,JapanNon-Staples
578,,,,,,-0.08653690561902012,-0.05456328722217072,,-0.3188381838691052,-0.3121873214301317,-0.25056929283876705,-0.20870169201182787,-0.18494377996810307,-0.13945796072431227,-0.08663028142621298,-0.02882547762590093,0.04142034757966351,0.10057584311840051,0.11891171890355356,0.11224705432372795,0.10548990114911527,SSP1,Upper CI,Japan,Non-Staples,%,JapanNon-Staples
592,,,,,,25.616947652724573,27.142587081546235,,25.024021848256922,23.253977908511036,22.16802229900393,22.164626509555987,22.532663633454426,22.930254442879452,23.31326527791787,23.606556168054375,23.793233038470472,23.881953595751224,23.838070134330394,23.668929105092165,23.405966907800188,SSP1,Lower CI,Japan,Staples,%,JapanStaples
593,0.0,0.0,0.0,0.0,-0.0008226361317787688,25.63367535320265,27.144030462294285,,25.07971670157547,23.967819901299748,23.03847903100123,23.051145308150026,23.413799280235263,23.809197724091877,24.194836622637144,24.488544974302286,24.67094451122657,24.754546775096816,24.70241085928754,24.523446566512465,24.25118605050712,SSP1,Median,Japan,Staples,%,JapanStaples
594,,,,,,25.640754764323464,27.14691151575663,,25.22215136594975,24.31105358013863,23.44038390601373,23.455293424773203,23.81281042541375,24.203699079962668,24.587175124186608,24.876695689048155,25.05257450682991,25.127986221090712,25.067539721244763,24.883506017635806,24.60694901250397,SSP1,Upper CI,Japan,Staples,%,JapanStaples
608,,,,,,0.19009440726875232,0.20786338832351592,,-0.5914396888916402,-1.2754558194173105,-1.5231404591426383,-1.6249371787476252,-1.6466513230921624,-1.6450257091624945,-1.6398201670433719,-1.6312073251230768,-1.624424048938935,-1.6208598767036277,-1.6136049091655629,-1.6000244035724522,-1.581759922019673,SSP1,Lower CI,Mexico,Non-Staples,%,MexicoNon-Staples
609,0.0,0.0,0.0,0.0,1.5862340170289965e-05,0.19247336380026522,0.20798846296411377,,-0.28414190130971106,-0.41267308491336685,-0.44660977053862666,-0.4580628933328143,-0.46314672669967405,-0.47306427539353435,-0.4852725004832005,-0.49462995856422093,-0.5005976088690562,-0.512909583132584,-0.5177370204068356,-0.5105832139941496,-0.49716928711491193,SSP1,Median,Mexico,Non-Staples,%,MexicoNon-Staples
610,,,,,,0.19366193170046825,0.2091916664981171,,-0.1299184561596119,-0.175315123715709,-0.15058589715676096,-0.13775066761797972,-0.14000523271964904,-0.155764960154547,-0.17423164950454784,-0.1903374185920612,-0.201060564745697,-0.2187047055701954,-0.22726660476302085,-0.22318758204518951,-0.21198110270166304,SSP1,Upper CI,Mexico,Non-Staples,%,MexicoNon-Staples
624,,,,,,1.3048497727285338,1.388330367178688,,0.35376308798571443,-0.44511351134640087,-0.603789608846571,-0.6482459673859591,-0.6706208498524763,-0.6979734598872271,-0.7321448273526269,-0.7559349305422836,-0.7715039894917319,-0.7884876812975175,-0.7963795500506093,-0.7942860925632259,-0.782211995855998,SSP1,Lower CI,Mexico,Staples,%,MexicoStaples
625,0.0,0.0,0.0,0.0,0.0008373659195271343,1.307980104836327,1.3884924636222338,,0.3956682187717346,0.17367586127945012,0.11266100469629575,0.08727073677026864,0.0607480929060806,0.022319909675993538,-0.0219104527350146,-0.05782280925181347,-0.08711361153990596,-0.12110047028548918,-0.14383425185144166,-0.15314849857647891,-0.15273056311131988,SSP1,Median,Mexico,Staples,%,MexicoStaples
626,,,,,,1.3096172082034518,1.3899463578768392,,0.5277736834453572,0.46762209277017963,0.4363911157556114,0.4122969716910782,0.3821378466129143,0.3398469398595571,0.2921358454340691,0.2511319292759617,0.21554847079980655,0.17584037670088698,0.14702748762649387,0.13248196149932212,0.12826917201735188,SSP1,Upper CI,Mexico,Staples,%,MexicoStaples
640,,,,,,0.5479933824543215,0.5788826707249827,,-0.628896965507861,-1.6425743955666698,-2.1137624777685673,-2.205065021242376,-2.193122018173263,-2.1427775475503283,-2.1003653382486687,-2.0721693768831257,-2.0655051384083416,-2.0551338511560533,-2.043300548983983,-2.028343122329103,-1.9895411903740208,SSP1,Lower CI,Middle East,Non-Staples,%,Middle EastNon-Staples
641,0.0,0.0,1.0290882483885304e-05,0.0,-0.0006391600776221014,0.5524547208480923,0.5795428368212465,,-0.2594218920542712,-0.5496466932250181,-0.7223328282223935,-0.7047324579256418,-0.681270343377492,-0.6535343741469621,-0.6384578350113723,-0.631172852368422,-0.6378670777333172,-0.635699986436819,-0.6312137790137655,-0.6216804783213671,-0.5834376190411319,SSP1,Median,Middle East,Non-Staples,%,Middle EastNon-Staples
642,,,,,,0.5544956803547385,0.5812842223116533,,-0.061020628810449784,-0.2453375541629369,-0.3349888788801041,-0.28883124183241615,-0.26598943115730356,-0.24850494077691387,-0.24338549764220785,-0.24463669153414924,-0.2573322803792508,-0.26212240435107426,-0.2640817509154533,-0.2576495757376226,-0.22145482557063745,SSP1,Upper CI,Middle East,Non-Staples,%,Middle EastNon-Staples
656,,,,,,2.7122860056128135,3.369927109939804,,2.23939928487071,1.440815904449094,1.0981908991909561,0.9842894547126539,0.90928800154834,0.7966043825397755,0.6609027662036733,0.5342871784052061,0.42589424597049186,0.3473391948200117,0.2853904982641177,0.2328859740461524,0.19268378341846965,SSP1,Lower CI,Middle East,Staples,%,Middle EastStaples
657,0.0,0.0,0.0,0.0,0.0009041848646764681,2.718726431982778,3.370329738318298,,2.2669464616410666,1.8521617334679805,1.6781668573011304,1.5897247421857956,1.5104750940597655,1.3906025913351658,1.2537314317040786,1.123502664010681,1.0054273024556948,0.9132393743793776,0.8402692538274419,0.7816347706127182,0.7358787579691605,SSP1,Median,Middle East,Staples,%,Middle EastStaples
658,,,,,,2.7214053858392018,3.371833536020343,,2.381829094359995,2.078908852805128,1.9728360910327218,1.9053722978040277,1.8218882304729294,1.6968648572925387,1.5570035570836918,1.4220550747266427,1.2965567790790522,1.196962672404917,1.1172280930256273,1.0532809790436286,1.0041675834563877,SSP1,Upper CI,Middle East,Staples,%,Middle EastStaples
672,,,,,,-4.644114792673495,-4.651267152814934,,-4.151936196436221,-4.768416298284001,-5.218102448257454,-5.624697050307571,-5.920532592851243,-6.11883628319932,-6.225286355269103,-6.274956357768337,-6.05354420921441,-5.752001951416315,-5.402322002604773,-5.015866210089967,-4.6066245623095226,SSP1,Lower CI,Pakistan,Non-Staples,%,PakistanNon-Staples
673,0.0,0.0,0.0,0.0,1.566063578746135e-05,-4.643156389387198,-4.650888715635917,,-3.8336538437493837,-3.94953767734346,-4.131481807649486,-4.45487459467936,-4.7593035116483655,-4.997931019604646,-5.146242840978822,-5.233374554524901,-5.03632573349738,-4.761401776474266,-4.433309620211101,-4.0624105244196755,-3.6667931959644804,SSP1,Median,Pakistan,Non-Staples,%,PakistanNon-Staples
674,,,,,,-4.642889004475185,-4.650424952252531,,-3.6850826289082175,-3.67679103994812,-3.75432036653028,-4.050891201559356,-4.3626205485835765,-4.619178322272392,-4.786528378882674,-4.890305986739872,-4.704345185281539,-4.441180026280477,-4.122823440466904,-3.7602656109272496,-3.371873534335273,SSP1,Upper CI,Pakistan,Non-Staples,%,PakistanNon-Staples
688,,,,,,-2.4382878145209754,-3.9862522306680868,,-5.8533403298294875,-7.547223830667676,-9.074219873423923,-10.28606633964681,-11.409432178217685,-12.35356053621146,-13.0453344467153,-13.522513094839093,-13.141317715861383,-12.397588485683642,-11.437046810767544,-10.28134784109137,-8.980998166233746,SSP1,Lower CI,Pakistan,Staples,%,PakistanStaples
689,0.0,0.0,0.0,0.0,-0.0003640215577095392,-2.4360635287754575,-3.985874846935682,,-5.834473118990974,-7.088713509394211,-8.616942344512223,-9.817291419890083,-10.946935443122193,-11.899416846443717,-12.593016437937882,-13.070251392441968,-12.68857608806524,-11.945948825618146,-10.986110110475858,-9.828525019406875,-8.52540621419847,SSP1,Median,Pakistan,Staples,%,PakistanStaples
690,,,,,,-2.4351094216818256,-3.984399642607351,,-5.678588897740983,-6.778031420311427,-8.279627888336135,-9.459259376281429,-10.595244283974765,-11.554107446081218,-12.253837460459396,-12.740369072162613,-12.366733881954652,-11.629447645366177,-10.674809084717086,-9.522927925324494,-8.225827508524581,SSP1,Upper CI,Pakistan,Staples,%,PakistanStaples
704,,,,,,0.1256907827772479,0.14234736848445795,,-0.47351269844396326,-1.0306061203457237,-1.2569358665432246,-1.332001227186975,-1.3370993850906499,-1.3096482556139426,-1.2764369277971168,-1.2433228435405814,-1.215649456660517,-1.1923088359692284,-1.1798084235589013,-1.1769629711283036,-1.1807494867453647,SSP1,Lower CI,Russia,Non-Staples,%,RussiaNon-Staples
705,0.0,0.0,0.0,0.0,-0.00043943291278805447,0.12681831971596935,0.14234229252660943,,-0.22965889983354518,-0.3342844241234778,-0.3660202678975538,-0.365969870875655,-0.35625911439862173,-0.33647295759831375,-0.31548018902581026,-0.29418805701866657,-0.27173650516437503,-0.2517865667557893,-0.24070239245884606,-0.23696463503022858,-0.2364665225998524,SSP1,Median,Russia,Non-Staples,%,RussiaNon-Staples
706,,,,,,0.12730022391230997,0.1429378263500804,,-0.10536180632366177,-0.14361304388814972,-0.12147140339167173,-0.09974513375292204,-0.08752672165523323,-0.07209183614612391,-0.05614717905912536,-0.03999155464057791,-0.02170009962811692,-0.00619371708886951,0.00047756165111778603,0.003020430417264963,0.003932075028801885,SSP1,Upper CI,Russia,Non-Staples,%,RussiaNon-Staples
720,,,,,,2.6871691521673724,2.884211609712295,,2.0623741086476457,1.5299280355411784,1.2760652305832199,1.225777441844734,1.2177516727090874,1.1963019225095732,1.1586458506956734,1.1240608221891588,1.0970461131040223,1.076252398905778,1.0543869510639432,1.0327668597678692,1.0095416160199233,SSP1,Lower CI,Russia,Staples,%,RussiaStaples
721,0.0,0.0,0.0,0.0,-0.00047448922789828274,2.6891298485091437,2.8844434073892935,,2.088056869917425,1.7908389124686104,1.6660913604212253,1.6517410933935348,1.6476979765412512,1.6240552849974472,1.5881949668662065,1.5522415665666631,1.5180070325679027,1.4876381706501585,1.4572450669522903,1.429832092796645,1.4020182374170853,SSP1,Median,Russia,Staples,%,RussiaStaples
722,,,,,,2.6900179535925592,2.8848512515116442,,2.1754011496227097,1.9458349163890234,1.866264532858173,1.8604781995771411,1.8556812572567405,1.829126595313129,1.7923000937412303,1.753808156165028,1.7146917596771298,1.6785738442756157,1.6432660046013856,1.612666011899768,1.5814515574425705,SSP1,Upper CI,Russia,Staples,%,RussiaStaples
736,,,,,,-0.16758342875662505,-0.19536209827495776,,-1.2084438261316266,-2.0359430020605087,-2.3527472164667973,-2.437057415840413,-2.4343223181287663,-2.4166310462381126,-2.4030957726754703,-2.4002176522165666,-2.399360389147999,-2.406760945329596,-2.4080827672813725,-2.401232173906,-2.404040864290547,SSP1,Lower CI,South Africa,Non-Staples,%,South AfricaNon-Staples
737,0.0,6.722337698448756e-06,0.0,0.0,-0.002800845716091289,-0.14944801196824037,-0.1946286317482269,,-0.713989212860091,-0.8090278126622209,-0.8346114654963579,-0.8140453845827059,-0.7982133240276876,-0.802493726287632,-0.8180521194057457,-0.8423616746526882,-0.8631189190451433,-0.8899868494087938,-0.9059285087686444,-0.9074315769048629,-0.9141118026965552,SSP1,Median,South Africa,Non-Staples,%,South AfricaNon-Staples
738,,,,,,-0.14204434117213297,-0.19175285329312547,,-0.48267393740369446,-0.45226476182588293,-0.3923797185664969,-0.3415867692407988,-0.3241388325014025,-0.3373947441461149,-0.36322831304455416,-0.39746192239744027,-0.4263342117525306,-0.4601667569722585,-0.48169513692176513,-0.48716843110621233,-0.49651902461586683,SSP1,Upper CI,South Africa,Non-Staples,%,South AfricaNon-Staples
752,,,,,,1.1633497391401633,1.5152160265152412,,0.3115980632811406,-0.6308297489725907,-0.8506325299484324,-0.8949843499720623,-0.9036242966801498,-0.9241087544703905,-0.9559215399937105,-0.9852166783306429,-1.00617183724047,-1.0242022327699487,-1.0328882148949505,-1.0358628525421796,-1.04017895549313,SSP1,Lower CI,South Africa,Staples,%,South AfricaStaples
753,0.0,0.0,0.0,0.0,0.003096950958803414,1.1745582411918623,1.5159621130212106,,0.3593839303024812,0.05223515536774129,-0.026073764731013437,-0.04159576168337876,-0.05282610642888063,-0.08226994672153687,-0.12119754573103192,-0.16073919311703222,-0.19472722828997893,-0.22790741532821845,-0.2504750075552929,-0.2642249819556922,-0.27881251968197707,SSP1,Median,South Africa,Staples,%,South AfricaStaples
754,,,,,,1.179535969140501,1.5180128842547411,,0.4976726656142957,0.36817544854665485,0.313585715791839,0.2941368250898201,0.2766510840456727,0.24206681781375933,0.19912025818640056,0.15432789766970173,0.113850552622977,0.07412499832100639,0.04533064122105157,0.02653860307524214,0.007377143658103269,SSP1,Upper CI,South Africa,Staples,%,South AfricaStaples
768,,,,,,0.1660694896855333,0.19727630998716858,,-0.6833498354348426,-1.5313808538330806,-1.8398118428023056,-1.9770266161586065,-1.9892097961796498,-1.9139206948016465,-1.8271872550142496,-1.7535117882201225,-1.7020869410659643,-1.6764683856621536,-1.7042066562115703,-1.7694472150559342,-1.8457568103169355,SSP1,Lower CI,Northern South America,Non-Staples,%,Northern South AmericaNon-Staples
769,0.0,0.0,0.0,0.0,-0.0009872892835735756,0.1668731836423119,0.19740108603622758,,-0.19263585242725006,-0.2412005334180997,-0.23160657920288452,-0.20843566978529907,-0.1765392053268024,-0.10284660078150276,-0.029727877823462086,0.03631038375591828,0.09580599077311248,0.1408022341506347,0.12831702999048997,0.07399391051736459,0.017618703334254273,SSP1,Median,Northern South America,Non-Staples,%,Northern South AmericaNon-Staples
770,,,,,,0.1672498294746042,0.19758572465810373,,0.04268096588673781,0.13882302530263346,0.23499477100760546,0.3009867222212723,0.3403666780524952,0.40756719834775135,0.47334836483818166,0.5336721520861656,0.5906920223175063,0.6303893560971149,0.6124942613131859,0.5616592582174584,0.5108197598813996,SSP1,Upper CI,Northern South America,Non-Staples,%,Northern South AmericaNon-Staples
784,,,,,,3.675182750011474,3.9106333768940402,,2.667505781643383,1.9317527416715337,1.651645431253681,1.572612603618064,1.5365498797298374,1.4914397983777963,1.4341679356059012,1.3777747724935467,1.3269414992714454,1.2774907361584205,1.226845741715054,1.1742514208584176,1.1194414133174617,SSP1,Lower CI,Northern South America,Staples,%,Northern South AmericaStaples
785,0.0,0.0,0.0,0.0,0.00048011718482168813,3.679888212420086,3.910967193738454,,2.6979455765582037,2.3383925376282204,2.1482695448322833,2.0905996027550824,2.0541386442870526,2.003623461362889,1.9423186873626903,1.8802076649746955,1.821055041719497,1.7616967789955205,1.7008506625445128,1.638390301224665,1.573517200866089,SSP1,Median,Northern South America,Staples,%,Northern South AmericaStaples
786,,,,,,3.681953149337382,3.911953154521787,,2.7950787513032953,2.542454591218209,2.3847525328008388,2.3313332274956777,2.2928471142651086,2.2393236703223693,2.175596373757833,2.1099035028699094,2.045347642681777,1.9802592864682962,1.913353012302261,1.8460327804038739,1.7766692005734837,SSP1,Upper CI,Northern South America,Staples,%,Northern South AmericaStaples
800,,,,,,0.6324848708335329,0.7108550747395427,,-0.033007211419566446,-0.6478728574272739,-0.873381543807833,-0.9325908707476562,-0.9315592452733974,-0.9368813458150007,-0.9437809320709414,-0.9513831248890486,-0.9574175195212296,-0.9687390520435155,-0.966906296367273,-0.9549157319177832,-0.9391207343143342,SSP1,Lower CI,Southern South America,Non-Staples,%,Southern South AmericaNon-Staples
801,0.0,0.0,0.0,0.0,-0.000984911317036571,0.6348855758339983,0.710958790307492,,0.2219981144985293,0.0883855948897546,0.028342195274803375,0.03143683701160101,0.03759613429621262,0.016204042490152237,-0.011944116789009864,-0.04004652726725388,-0.06205274654643125,-0.09095727633592238,-0.09920961824443558,-0.08624264685263487,-0.06570815476948802,SSP1,Median,Southern South America,Non-Staples,%,Southern South AmericaNon-Staples
802,,,,,,0.6360624532955415,0.7119199272859594,,0.35260395644046383,0.2840398109107605,0.2686883416652645,0.2874744310948245,0.2934955580980681,0.2656194334461719,0.23094791210677262,0.1963261158042816,0.1691753126486762,0.13748506337310012,0.12988577115692812,0.1420813685907381,0.16259725808817138,SSP1,Upper CI,Southern South America,Non-Staples,%,Southern South AmericaNon-Staples
816,,,,,,3.1911927250331185,3.483054569887402,,2.279202419075288,1.5682341142891567,1.2429115265371746,1.161690867044538,1.118939391924318,1.0540449909010403,0.9781395697586497,0.912079309453828,0.869554276648979,0.8354723454196011,0.8116538216074658,0.7941014097313861,0.7874200235168263,SSP1,Lower CI,Southern South America,Staples,%,Southern South AmericaStaples
817,0.0,0.0,0.0,0.0,-0.000460633974704793,3.193629883244222,3.483400546766966,,2.3014829423986303,1.9437590817232575,1.7316121694560331,1.670014809632182,1.6246094348542512,1.5527584148838753,1.4717019721362559,1.3983120445635397,1.3448661744128263,1.2974357378897796,1.2636867438015162,1.23986218344163,1.2275671801675034,SSP1,Median,Southern South America,Staples,%,Southern South AmericaStaples
818,,,,,,3.1948149586279437,3.4843523579618965,,2.4024304911539334,2.1377109307818087,1.9737548987425257,1.9266911429030196,1.878171114501511,1.8026368659903167,1.7187206496145602,1.6415038893169498,1.5830519581908693,1.5312954654061293,1.4929671334424701,1.4651385868125688,1.4491486216597589,SSP1,Upper CI,Southern South America,Staples,%,Southern South AmericaStaples
832,,,,,,0.027766711166887083,0.08858572223907335,,-0.4366136204409091,-0.8621407835963604,-1.0040375914172475,-1.0549666425820599,-1.0677794766654314,-1.0870088338269763,-1.093111832823299,-1.0818624399404633,-1.0496162880101725,-1.0072673236298728,-0.9465915523097785,-0.8779813079746781,-0.8124793827297581,SSP1,Lower CI,South Asia,Non-Staples,%,South AsiaNon-Staples
833,0.0,0.0,0.0,0.0,-0.00035009541051189377,0.028966511104882985,0.08885703652071995,,-0.35202942221295697,-0.4646018542364113,-0.5114955481992758,-0.5301458285305012,-0.5404785427974983,-0.567482760229436,-0.5820638829609006,-0.5794954491329947,-0.5550360683486062,-0.5246960321519021,-0.47005229680786953,-0.4007221790343851,-0.33443745216465404,SSP1,Median,South Asia,Non-Staples,%,South AsiaNon-Staples
834,,,,,,0.031560371642005085,0.08922057425336519,,-0.2809271013591246,-0.3477131516059897,-0.37828412589426497,-0.39115723129695645,-0.4004054405068956,-0.42770805296616465,-0.4414905796983064,-0.4377257749878703,-0.4127341910455445,-0.38091030824180705,-0.3247442518539532,-0.2558607338066939,-0.18922414855982628,SSP1,Upper CI,South Asia,Non-Staples,%,South AsiaNon-Staples
848,,,,,,3.2884264802522045,3.058323591036433,,1.654907857942947,0.8747338571462221,0.29478208240415393,0.12742237233159798,0.0397945734610943,-0.02928563276108695,-0.06546934462565684,-0.055364987237501745,-0.009275524251325523,0.06138725672866363,0.15382665211747265,0.2665119322242443,0.3894438640829804,SSP1,Lower CI,South Asia,Staples,%,South AsiaStaples
849,0.0,0.0,0.0,0.0,5.925536804780969e-06,3.28891145489632,3.058319106932824,,1.6694064978024163,0.9430866144999174,0.44506490599012055,0.2869366205551618,0.19396574928408783,0.11552628919886125,0.07084768394243314,0.07202448864164672,0.10856913642441639,0.16984664941477093,0.25332145952361684,0.35937958729944913,0.47565924614277344,SSP1,Median,South Asia,Staples,%,South AsiaStaples
850,,,,,,3.289684528749852,3.0587708197857726,,1.7142013697762901,1.0368009663001407,0.5657252539992292,0.4097174937298273,0.31420079268014445,0.23239590761082404,0.18399528600082685,0.1811126650934624,0.21274282045201182,0.2684245354240271,0.3474538156883918,0.44938122702337024,0.5621435737855353,SSP1,Upper CI,South Asia,Staples,%,South AsiaStaples
864,,,,,,0.07445374668598054,0.07776824944845426,,-0.6673259954639645,-1.4145640464762321,-1.7807111133191333,-1.9304999384449553,-1.9707569938607936,-1.9345416245743383,-1.8875968868961066,-1.8368231835776405,-1.7889039889806586,-1.7464651868772312,-1.7454562274401233,-1.7762755218773907,-1.818075899062051,SSP1,Lower CI,South Korea,Non-Staples,%,South KoreaNon-Staples
865,0.0,0.0,0.0,0.0,-0.0007263528115976937,0.07741034362898266,0.07805288797040165,,-0.34257541974889255,-0.4634534461886819,-0.5072420893003948,-0.5157571097708471,-0.5068625811635576,-0.4567347331608562,-0.40148623273468964,-0.3432174013539264,-0.27666883866698927,-0.21581792121994914,-0.19936053216831562,-0.21777834539451751,-0.23884107892348733,SSP1,Median,South Korea,Non-Staples,%,South KoreaNon-Staples
866,,,,,,0.07851705580203958,0.0790818628247694,,-0.18039201048545986,-0.18312171709777958,-0.13694737698680337,-0.10058098935261806,-0.07837385538187891,-0.026554093188709937,0.02979883404823458,0.08828239984399555,0.15715197334412667,0.21410224559561453,0.2261007601186138,0.2107213441299972,0.19450047296493456,SSP1,Upper CI,South Korea,Non-Staples,%,South KoreaNon-Staples
880,,,,,,4.4738098469814345,6.822429519326689,,5.048679812318778,3.3797606001197678,2.896246745838355,2.8617255697299004,2.888982654810156,2.8391283416766773,2.7208731121673444,2.579945696937758,2.445301920761233,2.322879358369729,2.201892869961656,2.0759068379253405,1.9540521780776228,SSP1,Lower CI,South Korea,Staples,%,South KoreaStaples
881,0.0,0.0,0.0,0.0,0.00011807080120730883,4.477033909124876,6.822741470349678,,5.116345822482495,4.241466767596818,3.9861940906346485,3.97534681681534,3.9575649793718286,3.872671437683223,3.73903312535615,3.586347171633717,3.4364024579356256,3.295662471027164,3.1535080597773923,3.0060229679107677,2.8647085695029206,SSP1,Median,South Korea,Staples,%,South KoreaStaples
882,,,,,,4.4783738052945,6.823606031281243,,5.252314476243449,4.609403447813864,4.427000022717052,4.418669746491881,4.385387966829908,4.289662585276263,4.1494011120821375,3.9896456714949813,3.830147999650187,3.6792189013762746,3.5276005014310132,3.3711703424793322,3.221253520782075,SSP1,Upper CI,South Korea,Staples,%,South KoreaStaples
896,,,,,,0.479611780496174,0.6136189823036832,,-0.002026862367141946,-0.5322999084694543,-0.7036378394094851,-0.755652849361963,-0.7551244675562376,-0.7374756070879269,-0.7166198817110978,-0.7013946384460812,-0.6863835341052443,-0.6819285529302146,-0.681464154750903,-0.6831629623459621,-0.6844310609370723,SSP1,Lower CI,Southeast Asia,Non-Staples,%,Southeast AsiaNon-Staples
897,0.0,0.0,0.0,0.0,2.2915464695249806e-05,0.4817993434194323,0.613800464192762,,0.16569628501866465,0.03641739608557469,-0.014688719754751733,-0.017146828660081544,-0.006488981723397248,0.006863447194292973,0.020726619770657435,0.03029869209438341,0.045513905505911806,0.04890686290005768,0.04841819424602319,0.046423447150530935,0.045382015327839705,SSP1,Median,Southeast Asia,Non-Staples,%,Southeast AsiaNon-Staples
898,,,,,,0.48271500791700234,0.6144905617436492,,0.2653979491254056,0.18619631914773083,0.16375861837104155,0.17251349491254364,0.18433650688005948,0.19522748614436397,0.20613633053624875,0.21338269819569983,0.2282655679297241,0.23064564118955727,0.22864606063439075,0.2261091602549296,0.2249283746557103,SSP1,Upper CI,Southeast Asia,Non-Staples,%,Southeast AsiaNon-Staples
912,,,,,,5.772965830060764,7.571085199235193,,5.704235154438273,4.426778599730287,4.017505718825017,3.8808976459021425,3.7952708584481765,3.6960695791356315,3.5794627063175755,3.4562606227997548,3.3364498501347746,3.215355339996057,3.081728002022624,2.9415739928804148,2.8020817121013515,SSP1,Lower CI,Southeast Asia,Staples,%,Southeast AsiaStaples
913,0.0,0.0,0.0,0.0,0.00037483124483199675,5.775506946368568,7.5714947674521715,,5.769148116992613,5.224738714864776,4.943361100046883,4.804500888719877,4.701685603970137,4.587194399669352,4.458186397709193,4.32199011344087,4.1884762316954065,4.0525566640066994,3.899808550555478,3.737875387902312,3.5769236023292823,SSP1,Median,Southeast Asia,Staples,%,Southeast AsiaStaples
914,,,,,,5.776702493659364,7.572459239451969,,5.912227681723634,5.577286412873065,5.337428680140853,5.1966754207814985,5.086937822087409,4.968086093638291,4.835554905351873,4.695651439790415,4.556871625117579,4.414969941525474,4.255888837670188,4.090026199035201,3.925375311452738,SSP1,Upper CI,Southeast Asia,Staples,%,Southeast AsiaStaples
928,,,,,,0.33203918084506745,0.4006252269046214,,-0.3263789020942674,-0.9831221321437321,-1.2458261449995423,-1.3544300139373084,-1.3797033410026818,-1.3668499401880103,-1.3462086055331655,-1.3283371678711438,-1.3128752893780566,-1.3075786838773054,-1.3083406517563,-1.313645019636453,-1.320603253119283,SSP1,Lower CI,Taiwan,Non-Staples,%,TaiwanNon-Staples
929,0.0,0.0,0.0,6.1613531233774585e-06,-0.000305133372004808,0.3344805080624712,0.40084334446018344,,-0.041585113343710456,-0.14983499025732358,-0.18356107612107492,-0.18086992370853225,-0.174214386826008,-0.16423585206041771,-0.15465000632553247,-0.1491208317841228,-0.13725630286588492,-0.1380393718027617,-0.14340235827881975,-0.15144385182927037,-0.15824109538014444,SSP1,Median,Taiwan,Non-Staples,%,TaiwanNon-Staples
930,,,,,,0.3348218531327677,0.4015953141574095,,0.11176729391668183,0.0855129022246558,0.11411633722459547,0.1472974641962621,0.1619864824426076,0.1699999674891579,0.17495648486386295,0.17631514071300214,0.18625166347616173,0.183046945910741,0.1758044141515689,0.16753120837366386,0.16076200538046015,SSP1,Upper CI,Taiwan,Non-Staples,%,TaiwanNon-Staples
944,,,,,,36.31081240082292,45.62726198086769,,40.81087289082867,38.82898176897448,38.063277774208835,37.88116498218184,37.791274256769576,37.4768545886266,37.00957300657262,36.467140333841364,35.88201539598547,35.25800268507164,34.57934101186573,33.851918674783576,33.09155533026275,SSP1,Lower CI,Taiwan,Staples,%,TaiwanStaples
945,0.0,0.0,0.0,0.0,4.7315164502370435e-05,36.32265583512765,45.62830554037644,,40.935635527085296,39.846914605752715,39.26033653464666,39.0873403416956,38.96847375682386,38.6301455913486,38.14998691893801,37.595199711044884,36.99276299976659,36.346480940025394,35.64264697580963,34.88935509285314,34.1040639164074,SSP1,Median,Taiwan,Staples,%,TaiwanStaples
946,,,,,,36.32776621635677,45.63143123986711,,41.13497461368454,40.293346127800724,39.777727831347754,39.608954097020586,39.47960822088107,39.131126515002144,38.64295793361477,38.07938075846051,37.465294064895026,36.80539387025657,36.0873760012501,35.32203068390149,34.5258130329061,SSP1,Upper CI,Taiwan,Staples,%,TaiwanStaples
960,,,,,,0.4026445729703996,0.4568368195930674,,-0.48585966420895066,-1.6220049829578755,-2.0568885545628355,-2.1917727435921286,-2.1950672951540087,-2.256636281123929,-2.31858683076696,-2.388438969899052,-2.4784002836709367,-2.584279400597251,-2.6494785352102745,-2.69156307245209,-2.733573199658303,SSP1,Lower CI,Argentina,Non-Staples,%,ArgentinaNon-Staples
961,0.0,0.0,-3.8548821585618454e-06,0.0,-0.000996401256738839,0.4036275040536494,0.457025095721311,,-0.05709433006510442,-0.2245535847832748,-0.2867635803203317,-0.264757716735774,-0.2186964816934608,-0.2741601582245287,-0.3404202363753372,-0.40779778467753647,-0.47866442487791633,-0.5601281422101523,-0.5761550857828257,-0.5356042848762753,-0.4879885629006358,SSP1,Median,Argentina,Non-Staples,%,ArgentinaNon-Staples
962,,,,,,0.40410330983617504,0.45735510568445353,,0.14207140008699845,0.10981794461455041,0.1697606684815085,0.24623647125085069,0.3068791438349472,0.24963237670618477,0.18188159488366518,0.11376843538514159,0.04483062783853642,-0.024084543207436138,-0.01668114182496505,0.046538169242266614,0.11925696549131515,SSP1,Upper CI,Argentina,Non-Staples,%,ArgentinaNon-Staples
976,,,,,,1.4529814191477144,1.7810701212341296,,0.5932681124657544,0.07149181867402044,-0.166666998410507,-0.24913479466452254,-0.2853939410889138,-0.33231948732748917,-0.38796558884835575,-0.43114154464356785,-0.4552838928717847,-0.46603031481202134,-0.4626519450194244,-0.44644004175351426,-0.42752418617898985,SSP1,Lower CI,Argentina,Staples,%,ArgentinaStaples
977,0.0,0.0,0.0,0.0,-0.0006159626250119505,1.4548454615480189,1.7812009487964078,,0.6107444315776925,0.2967307108602857,0.2029038349996286,0.16588984795395081,0.13559968464496192,0.08743147431858653,0.03408551352489752,-0.010132170393946191,-0.04244275035755984,-0.06516340836741547,-0.07253954342179239,-0.061767742762739844,-0.046946783077445264,SSP1,Median,Argentina,Staples,%,ArgentinaStaples
978,,,,,,1.455761765327462,1.782120249081871,,0.7130991690382404,0.4554297804118178,0.41272100746579976,0.39092105135387306,0.36061989181145426,0.31039671477670383,0.2570990798610051,0.2112665248058993,0.1745915439719542,0.14736756521508815,0.13710890782411145,0.1453162102094345,0.1586935564686433,SSP1,Upper CI,Argentina,Staples,%,ArgentinaStaples
992,,,,,,0.46857131277257374,0.513318812074845,,0.0383343403572903,-0.3519525398097288,-0.47334758328353893,-0.5122276621656051,-0.50692391206072,-0.5211339621775949,-0.5368231848064138,-0.5541332062760169,-0.5644103532707447,-0.579330283802914,-0.585059373607193,-0.5854209885896414,-0.5889320908364616,SSP1,Lower CI,Colombia,Non-Staples,%,ColombiaNon-Staples
993,0.0,0.0,0.0,0.0,-0.0007452400682045727,0.4707972494630326,0.5134060015096116,,0.24443906388984107,0.17354062525746689,0.17569711206399738,0.18619018357031367,0.19660059854768908,0.1705384965213351,0.13873488946147708,0.10433627814032843,0.08156459883220839,0.049871087242234685,0.03280432300006328,0.027095669080005935,0.020406262267321958,SSP1,Median,Colombia,Non-Staples,%,ColombiaNon-Staples
994,,,,,,0.47189415132599805,0.5143873748169722,,0.347145844295462,0.3244479781674246,0.3592706984841539,0.38334519172190085,0.3934993046209484,0.362317970961735,0.32482998090266174,0.2847545270744943,0.25834173714949543,0.22350723882914497,0.20553700793609447,0.19803263826257467,0.18930904591196407,SSP1,Upper CI,Colombia,Non-Staples,%,ColombiaNon-Staples
1008,,,,,,2.2779199487171793,1.9757236802701807,,0.8463713674850972,0.19584561072768414,-0.1071810877546574,-0.15167595295292852,-0.16073408939192899,-0.17375389604023556,-0.188418848245996,-0.19683542791509503,-0.19808841914214578,-0.19666056111354016,-0.19019521771331402,-0.18125183720337507,-0.17243670441593276,SSP1,Lower CI,Colombia,Staples,%,ColombiaStaples
1009,0.0,0.0,0.0,0.0,1.461287464419876e-14,2.2805798207500407,1.9759106397349249,,0.8575360183390343,0.46586915663735023,0.24763707349885472,0.23067392170604445,0.223355951561465,0.20642529496484066,0.18944107543085045,0.1770054945992368,0.16941928597625922,0.16282642606986614,0.16291648291924055,0.16832875805053044,0.17312829068030808,SSP1,Median,Colombia,Staples,%,ColombiaStaples
1010,,,,,,2.2818787236590223,1.9772555712332627,,0.951887021764297,0.6305021642442444,0.4415933944460335,0.42921639040495024,0.42006957132702827,0.4004014961514149,0.38135282788863323,0.3656032289968655,0.35321512158960344,0.34173676865933045,0.33697525422775154,0.33748489844365376,0.3380378257790304,SSP1,Upper CI,Colombia,Staples,%,ColombiaStaples
1024,,,,,,0.17149500790478914,-19.36616746543145,,-19.764642990709575,-0.9830558261808429,-1.2145986735447454,-1.2871609550501186,-1.3008897980442795,-1.3042096066681967,-1.3032000640494348,-1.2980772968770329,-1.282912034812604,-1.2697479956334081,-1.2525432963719498,-1.2320022554702534,-1.2089522986180732,SSP1,Lower CI,Global,Non-Staples,%,GlobalNon-Staples
1025,-5.121620516011447e-08,3.188229908966661e-08,2.7918194999873725e-07,-5.423150223002664e-10,-0.0011211803210298638,0.17365051408224008,0.2549634344194306,-99.99999999655151,-0.2000658170166036,-0.33352061466871036,-0.39765078633241224,-0.4139696877695352,-0.4227640628680335,-0.4384298620319609,-0.45254768941413964,-0.4609996822591153,-0.45280184274217383,-0.4463065019410066,-0.431047012621139,-0.40799683805791775,-0.38277042252769,SSP1,Median,Global,Non-Staples,%,GlobalNon-Staples
1026,,,,,,0.17469053163895273,7.344991106689274,,6.816237559172866,-0.16298881118642972,-0.1852141191391906,-0.18730255309296107,-0.19569508129164426,-0.2156408821374579,-0.23380777614432557,-0.24592299167961962,-0.23999995070608937,-0.23557835083830647,-0.221529548578987,-0.19946844843969946,-0.17503709738313922,SSP1,Upper CI,Global,Non-Staples,%,GlobalNon-Staples
1040,,,,,,4.506885185359712,-15.522986540305276,,-16.588867021909717,2.739540256148953,2.4091446718480203,2.2946314756775457,2.2090851446116604,2.098519471282257,1.973332297850243,1.8558233859996216,1.7715107422042755,1.6982824193608372,1.6268807321457055,1.5606038142085121,1.4996768894315204,SSP1,Lower CI,Global,Staples,%,GlobalStaples
1041,0.0,0.0,0.0,0.0,-2.2836329761708062e-05,4.5123066378863825,5.033053046011397,-99.99999996997198,3.6760565234987825,3.2508860583418615,3.0075971699534776,2.890713965214331,2.7848144122771314,2.654986788654896,2.5144026747115715,2.3824660773200304,2.2842748525557046,2.1980373538612814,2.113978292932285,2.034846079091851,1.959068535946621,SSP1,Median,Global,Staples,%,GlobalStaples
1042,,,,,,4.514861997665344,12.461283057266577,,11.042646379693789,3.4940480377710865,3.278193650469335,3.1553254217141764,3.0390591820697903,2.9001310596122445,2.751799773156439,2.612189827745085,2.506234169416882,2.412626511445007,2.3218645298674807,2.2376790470916457,2.1565890646234345,SSP1,Upper CI,Global,Staples,%,GlobalStaples
