1990,2005,2010,2015,2020,2025,2030,2035,2040,2045,2050,2055,2060,2065,2070,2075,2080,2085,2090,2095,2100,SSP,Version,GCAM,sector,subsector,technology,output,concentration,input,product,LandLeaf,GHG,Units
1399.6158331000004,1637.918437,1528.4151125000005,1437.1745455,1396.0035705874195,1388.4347514391209,1335.8413933706888,1284.551912331031,1224.2215993275104,1156.0055249607108,1104.1725601499227,1055.7729970424557,1027.2945155197656,1006.8477191276323,1006.0511283265859,992.3924987403875,979.4612789311752,944.1212084788752,898.3930593925054,852.0485159091079,825.7796178864437,SSP1,released 4p5,USA,missing,missing,missing,missing,missing,missing,missing,missing,missing,MTC
1399.6158331000004,1637.918437,1528.4151125000005,1437.1745455,1439.211844353959,1426.50672949128,1389.8617186636088,1346.9402671812798,1273.47243954088,1109.4440677471803,932.3794549789685,821.8446369398937,721.462185973846,602.2066730678292,500.7617350089666,398.5071907884209,240.08034456353494,295.3846199866644,-479.39530325586855,-240.90616590382413,-401.1532522568056,SSP2,released 4p5,USA,missing,missing,missing,missing,missing,missing,missing,missing,missing,MTC
1399.6158331000004,1637.918437,1528.4151125000005,1437.1745455,1430.48844013156,1403.6532715594906,1357.8547630368807,1301.3042765233097,1118.3517658764495,803.7790873154605,531.144050127639,399.33125089269066,293.4751862056523,185.9583590027671,104.26718234948225,17.427450125678565,-77.46438223153169,-171.37299037555312,-256.04124182793487,-322.2544332634211,-352.72054394196493,SSP3,released 4p5,USA,missing,missing,missing,missing,missing,missing,missing,missing,missing,MTC
1399.6158331000004,1637.918437,1528.4151125000005,1437.1745455,1443.5761709112096,1433.4690163590294,1380.4307169640392,1307.4572378582889,1198.5960272441598,1063.70918782163,936.8329734344038,836.5128665729833,744.0601576644398,632.6522769135324,546.6604684295519,434.686416753144,308.5862379654942,242.15535155968928,184.17256768803324,134.91835996282688,112.30862490642664,SSP4,released 4p5,USA,missing,missing,missing,missing,missing,missing,missing,missing,missing,MTC
1399.6158331000004,1637.918437,1528.4151125000005,1437.1745455,1492.1108870115997,1530.8756703760114,1583.2012943389088,1618.4004528494497,1488.2443265616007,1132.2134766066301,781.8289604086751,700.3563839363486,666.5809399031041,643.9572543855559,552.2838287106119,569.9063498687494,379.53296418186443,468.57269139948517,130.95754179514182,436.573580193675,-329.44795747744524,SSP5,released 4p5,USA,missing,missing,missing,missing,missing,missing,missing,missing,missing,MTC
7.295469579999998,13.2604953101,18.603248219500003,22.569095060200013,32.88159162861698,36.67598123147801,42.74020610540101,51.34429923176191,60.57123626979103,69.35415786561599,77.22482582999164,85.83038030999265,94.5986464431402,101.6621511692945,107.58713177604945,112.3116555444056,115.98687073666646,119.10862206528678,121.3529905926406,123.65765672045983,128.36802148779637,SSP1,released 4p5,Africa_Eastern,missing,missing,missing,missing,missing,missing,missing,missing,missing,MTC
7.295469579999998,13.2604953101,18.603248219500003,22.569095060200013,32.559793496928215,38.34403480953997,45.97059972367759,55.88820585312748,57.082437620253245,55.27332016209375,51.74131402163606,52.567294048098496,55.6147501088535,61.13702272514519,68.53823418545677,82.31415835639558,94.82211629602746,138.9730051631247,67.63722296160925,122.68997205770317,125.62963994636021,SSP2,released 4p5,Africa_Eastern,missing,missing,missing,missing,missing,missing,missing,missing,missing,MTC
7.295469579999998,13.2604953101,18.603248219500003,22.569095060200013,33.85906510344581,38.80863916615476,44.51690423524858,51.22725339140981,45.07756034869114,35.47481135975589,23.894999493529365,16.180084959421634,12.972764182837965,13.414180091432575,17.096891038058097,25.176121888901285,34.859778220428424,43.872453290462936,50.191640202023734,103.6990134117335,116.92106299089001,SSP3,released 4p5,Africa_Eastern,missing,missing,missing,missing,missing,missing,missing,missing,missing,MTC
7.295469579999998,13.2604953101,18.603248219500003,22.569095060200013,33.638655448986256,36.259254884645074,39.02935187132727,40.352818056202025,40.17688664985005,39.220796691854545,38.21716374089738,38.48024158617881,38.86881381821719,38.42479972650889,36.86026997300035,34.259323870984915,31.53178793609342,33.995656335793456,39.034595943577806,45.57954980709676,56.34967408245126,SSP4,released 4p5,Africa_Eastern,missing,missing,missing,missing,missing,missing,missing,missing,missing,MTC
7.295469579999998,13.2604953101,18.603248219500003,22.569095060200013,34.08613297792399,43.335645207171964,60.64803180246488,85.05923146480707,75.33756495814518,53.66432045066299,31.981969535639166,27.388423374624765,33.477464008744654,53.0804651801072,66.01723330021862,99.64462621794722,90.35701183532069,127.65559906558804,91.29893478172718,182.91771984648287,63.81891668698288,SSP5,released 4p5,Africa_Eastern,missing,missing,missing,missing,missing,missing,missing,missing,missing,MTC
68.60112190379999,112.05107381598006,132.18330644387865,148.12005261094092,178.5657790895457,194.14329151620453,212.1735679937584,227.60594919394728,239.71371002291957,249.14706813388912,255.2217552371547,260.9008232761308,262.1403052400013,255.81136903590684,249.2773207554582,239.1081457485767,226.47887537568585,212.7964528243528,198.77675282505186,188.57707190175466,181.83543245678632,SSP1,released 4p5,Africa_Northern,missing,missing,missing,missing,missing,missing,missing,missing,missing,MTC
68.60112190379999,112.05107381598006,132.18330644387865,148.12005261094092,175.13588701684964,202.3905529428981,227.82438014124963,251.161100866309,254.65363736171867,255.56548615742213,253.1648094187428,256.42854848643617,256.8025246902786,250.44606422778597,242.57349149526402,236.65860713365734,221.30494161163423,241.8563655237926,113.7673694949792,173.93746714160025,156.53719677528989,SSP2,released 4p5,Africa_Northern,missing,missing,missing,missing,missing,missing,missing,missing,missing,MTC
68.60112190379999,112.05107381598006,132.18330644387865,148.12005261094092,185.23210015408478,213.03457985566226,236.62238540256084,257.2552540163043,241.38061461012032,219.49756703484147,201.22927456865645,196.2290958435635,191.6476284341294,182.93649217942777,173.3700148033319,164.29979295542714,154.50276011181606,145.62527773968395,141.32265319571394,141.90315826001944,139.0336710078781,SSP3,released 4p5,Africa_Northern,missing,missing,missing,missing,missing,missing,missing,missing,missing,MTC
68.60112190379999,112.05107381598006,132.18330644387865,148.12005261094092,184.1092803297564,199.2207885444735,213.6715360632857,222.78945567221987,227.81540198810632,231.662863846153,234.3418471652849,236.55023176668215,235.2001969581445,226.44243886360366,217.0549264286822,202.0587718706939,182.62454637837664,168.8439351459706,158.49603563283787,151.76977390385838,148.27300043604467,SSP4,released 4p5,Africa_Northern,missing,missing,missing,missing,missing,missing,missing,missing,missing,MTC
68.60112190379999,112.05107381598006,132.18330644387865,148.12005261094092,188.36689566787769,225.75686075649105,268.3391892432097,315.14343440626675,310.354125496143,285.041602693576,257.04499116587795,260.22615265362725,265.3040435131541,267.23106139525873,253.62106329736008,254.48037633509753,240.2240774045828,250.7053684513297,217.5988061388178,250.39594920034577,167.5464753681974,SSP5,released 4p5,Africa_Northern,missing,missing,missing,missing,missing,missing,missing,missing,missing,MTC
12.120244431999998,13.749549724,16.361806323000003,23.774404733340013,32.6907946875132,36.36067759463033,41.94857025615809,51.063981204371174,62.89945549571163,77.816712027071,95.55355737317913,114.93679598971697,133.3845091110392,147.8427009830529,159.06635714324293,165.5294105180299,166.41009530706015,163.58318401421954,155.77491960595856,144.75962113483786,140.64385329585363,SSP1,released 4p5,Africa_Southern,missing,missing,missing,missing,missing,missing,missing,missing,missing,MTC
12.120244431999998,13.749549724,16.361806323000003,23.774404733340013,32.568842719272084,38.70714005583762,47.097115658191285,57.71005634962322,59.87034659833683,62.182261315852806,64.28427219040987,71.83392521361804,82.57922003666438,94.65473456240528,107.6951640857131,124.08300719321873,129.69163019903007,177.0321712153627,50.576188437146236,109.79020059368632,107.97680895416285,SSP2,released 4p5,Africa_Southern,missing,missing,missing,missing,missing,missing,missing,missing,missing,MTC
12.120244431999998,13.749549724,16.361806323000003,23.774404733340013,34.38039160142253,40.12255806957699,46.81829154501269,53.99389091046954,50.766766814729365,43.050328248720994,34.50823237148932,29.286440519102676,27.568247774983522,27.19052786748499,27.686796922856118,30.007206850208558,33.40480925452062,36.506140869494146,73.72054774590961,73.38727327894803,74.17146959133945,SSP3,released 4p5,Africa_Southern,missing,missing,missing,missing,missing,missing,missing,missing,missing,MTC
12.120244431999998,13.749549724,16.361806323000003,23.774404733340013,33.682674380451466,35.88518562015386,38.02573702897921,39.46218785651727,40.225063602270666,41.833899586094205,44.35098362771222,49.26506574118,54.58063554210312,58.66187126841853,61.55220141384331,61.16121236517449,57.518586788929404,60.02156511665428,64.26860079325083,68.75381740277982,81.23835274076708,SSP4,released 4p5,Africa_Southern,missing,missing,missing,missing,missing,missing,missing,missing,missing,MTC
12.120244431999998,13.749549724,16.361806323000003,23.774404733340013,35.706449092107434,45.65681997394716,64.26085894218784,94.0711301354494,95.60067188016804,82.94022667771851,63.167608673395655,65.51361808580148,78.50714018863302,98.81090292161359,110.40907942942688,130.51331418949962,121.21203008202555,145.10009107343257,116.47303107507733,159.09154306243246,73.98769811289871,SSP5,released 4p5,Africa_Southern,missing,missing,missing,missing,missing,missing,missing,missing,missing,MTC
31.337275607000002,33.957779114710014,37.93840924537,51.06993825078001,71.83714427442193,88.06361353057338,112.15980958899479,144.14598914953925,184.22494492746085,232.2956685591123,284.2766160417353,335.5109390295998,382.16202616719113,421.24620453139886,453.4519934334571,475.98275135478735,490.24241604887305,496.65274782968,494.9419594241279,488.6557979164692,486.55173737013706,SSP1,released 4p5,Africa_Western,missing,missing,missing,missing,missing,missing,missing,missing,missing,MTC
31.337275607000002,33.957779114710014,37.93840924537,51.06993825078001,68.42296757326277,88.19193626177133,114.88378460064848,148.23370353540474,166.23182003826227,188.3316582805103,216.52777530239905,256.9596741815391,300.3659370120312,349.8262141391801,395.33439226814784,445.3060640524896,472.35998274842325,593.5659721860254,261.4343043431634,468.5587833539586,466.87569979550454,SSP2,released 4p5,Africa_Western,missing,missing,missing,missing,missing,missing,missing,missing,missing,MTC
31.337275607000002,33.957779114710014,37.93840924537,51.06993825078001,75.61647937429714,92.61400050968604,112.67692489234408,135.4072304523667,132.5976860527859,124.09130263930614,120.17008656255419,128.40331511009146,141.4385818504935,152.60989622041043,166.2533582520276,188.73209797326348,207.38771238037495,217.3655333502029,284.6925057512686,293.9303498553053,301.3710366802005,SSP3,released 4p5,Africa_Western,missing,missing,missing,missing,missing,missing,missing,missing,missing,MTC
31.337275607000002,33.957779114710014,37.93840924537,51.06993825078001,75.283098571457,88.25815917585935,100.34256388629358,108.59880314151896,116.25955967431075,125.21413103051897,137.56758091369488,154.6509428488659,171.78858840547093,184.68369544126426,193.93340327829515,198.5609444639156,195.05114715158606,202.69303103279375,220.6701360550829,243.07326713555875,278.6549207498808,SSP4,released 4p5,Africa_Western,missing,missing,missing,missing,missing,missing,missing,missing,missing,MTC
31.337275607000002,33.957779114710014,37.93840924537,51.06993825078001,77.6073644446284,108.56587558739872,159.56041052477514,241.4303938085036,264.91240394351905,270.18934087624984,267.76492097278737,307.8032629993071,363.9298728898106,433.1679681972702,481.45254332292404,539.9498239938993,509.0312430254851,572.0535053597719,476.95170278125556,639.3522358702836,303.6871003114841,SSP5,released 4p5,Africa_Western,missing,missing,missing,missing,missing,missing,missing,missing,missing,MTC
84.05244416000001,117.30773349999993,123.97988516999989,122.16047901000002,142.61418627636994,148.36944034201997,149.0778182017301,147.19096570302,142.08461437216008,136.81671455786,130.7607223316499,126.36184832977796,123.80376796342217,122.38165676215206,121.70778107485462,119.6403299146113,115.81245400244488,111.31503043824866,106.57055093799296,102.67227770105009,100.98869022138986,SSP1,released 4p5,Australia_NZ,missing,missing,missing,missing,missing,missing,missing,missing,missing,MTC
84.05244416000001,117.30773349999993,123.97988516999989,122.16047901000002,124.81061285221999,127.74590301955,128.11620441579,125.73532482151994,118.47491324387997,103.72202334011999,86.65425253340008,77.317612779287,69.34427804296202,61.80267462581489,54.21472325218311,46.79417920121463,34.64941103448984,39.341031433030466,-42.71590746397733,-15.375635784357604,-36.430976499521215,SSP2,released 4p5,Australia_NZ,missing,missing,missing,missing,missing,missing,missing,missing,missing,MTC
84.05244416000001,117.30773349999993,123.97988516999989,122.16047901000002,143.21777354921002,144.27654115391007,144.09626411434004,140.80159562635018,122.19854942090004,88.73620628579992,63.95454301695998,52.15364581028001,43.514404969932,36.105396360622926,29.605978479413515,20.053211184372884,8.652108421721724,-3.702211899308971,-15.470334850213266,-24.277036874185907,-28.854455668923435,SSP3,released 4p5,Australia_NZ,missing,missing,missing,missing,missing,missing,missing,missing,missing,MTC
84.05244416000001,117.30773349999993,123.97988516999989,122.16047901000002,145.78432454070995,151.37259235560003,151.57014721573015,146.79123971149022,137.78158013273995,127.6869728556699,117.39960265761997,109.30874095914189,102.48445785083487,96.06686712073947,89.38483950151875,80.07231387255695,68.24956549898587,60.8149363073869,54.161284706986734,48.68989827481915,46.53311330785299,SSP4,released 4p5,Australia_NZ,missing,missing,missing,missing,missing,missing,missing,missing,missing,MTC
84.05244416000001,117.30773349999993,123.97988516999989,122.16047901000002,149.56251359508997,159.7003319396701,170.51550564226005,180.50651905681,169.79554410010996,135.44922909840002,108.12966113121708,106.85189753468302,111.67731276085732,120.73935737845424,120.28591648477155,131.48313832703045,121.72671364193548,138.7788744528627,111.18352231642848,151.44737373641996,77.04824488452877,SSP5,released 4p5,Australia_NZ,missing,missing,missing,missing,missing,missing,missing,missing,missing,MTC
60.664018178000006,99.05170058000002,117.184909853,138.99048514000003,145.19194817719995,156.37558862200007,160.79164440000005,161.95819016070016,158.6915107287999,150.89409308577004,141.1451337169502,136.03831527262903,133.89696948339832,129.34804925549014,125.4682298778803,119.17004456561826,109.59983128280427,98.67579550698407,87.84815685736909,78.94848697436508,73.13316734488048,SSP1,released 4p5,Brazil,missing,missing,missing,missing,missing,missing,missing,missing,missing,MTC
60.664018178000006,99.05170058000002,117.184909853,138.99048514000003,147.3601694155,155.9418732372001,162.4003974407999,168.696104884,152.55745680220002,123.55039210900001,92.69260768861042,70.55287637164616,53.84282267854641,34.979322815489574,13.684956082664657,-6.658807180539906,-34.64168435319392,-24.670672231798832,-121.21291988723569,-121.41965028314318,-147.40645145462094,SSP2,released 4p5,Brazil,missing,missing,missing,missing,missing,missing,missing,missing,missing,MTC
60.664018178000006,99.05170058000002,117.184909853,138.99048514000003,149.50990113129998,155.98222912519992,163.70465793379998,169.09171559110018,131.0790585065002,83.7316521627198,46.870954101706914,17.960672776381955,-8.741152526825793,-39.91958866041265,-65.26968097626273,-85.0768556796303,-102.73735306222959,-118.3767630724645,-133.60548911765196,-147.05950620944574,-158.8236367715702,SSP3,released 4p5,Brazil,missing,missing,missing,missing,missing,missing,missing,missing,missing,MTC
60.664018178000006,99.05170058000002,117.184909853,138.99048514000003,147.4551410392998,153.02219733219994,148.7721046007,139.1595338853001,123.65502528120003,104.89692487294992,86.37815120003002,70.7458887542993,59.15624726592906,44.79049815826055,30.129537660951023,10.079271989840882,-12.398862582864568,-21.309656822917642,-28.649560907186004,-35.058641811136255,-37.4290954213536,SSP4,released 4p5,Brazil,missing,missing,missing,missing,missing,missing,missing,missing,missing,MTC
60.664018178000006,99.05170058000002,117.184909853,138.99048514000003,151.19185434599996,166.2302099411001,187.21339718999994,214.27679251149976,184.8359638746001,113.61010032941998,46.469210927063195,34.059253703121115,27.474845527437264,20.982444476786984,4.8836523858300795,6.391493270110971,-24.287832795264613,-15.164750103513583,-68.64717306879412,-32.9047949622042,-128.1098430148853,SSP5,released 4p5,Brazil,missing,missing,missing,missing,missing,missing,missing,missing,missing,MTC
122.86449381099999,160.821821864,156.044560044,164.57524985400005,191.70636136679997,196.71492692970003,193.2053539831999,187.86376901635987,181.58416593825999,174.0899908030901,164.99274373811016,156.07358818124004,150.26355827847308,144.77683533034912,140.75152324754404,136.97333144379198,133.35122032341553,127.85297811541001,122.13411805591775,117.702708077262,115.31734274110207,SSP1,released 4p5,Canada,missing,missing,missing,missing,missing,missing,missing,missing,missing,MTC
122.86449381099999,160.821821864,156.044560044,164.57524985400005,172.5586756249,173.32043624277995,171.8276160036001,166.51970328030006,157.2231659909802,136.02658705761007,111.86033472339003,98.32701346205094,87.82434244685992,77.11624474363205,66.06041375599158,56.63260573755908,40.92129519898483,48.3793640251611,-50.85397097007282,-11.176365371169851,-26.15478512506794,SSP2,released 4p5,Canada,missing,missing,missing,missing,missing,missing,missing,missing,missing,MTC
122.86449381099999,160.821821864,156.044560044,164.57524985400005,191.84334802190003,189.67327936303997,186.7000996261499,179.6537420868398,148.44460174442992,99.69753814729997,64.82397751845004,44.31020329660985,30.014763394254015,17.48795494113116,8.261249039465577,-1.014584566557865,-10.459415575528782,-19.468261304765857,-27.321219173944282,-32.25458847809648,-32.30288526776761,SSP3,released 4p5,Canada,missing,missing,missing,missing,missing,missing,missing,missing,missing,MTC
122.86449381099999,160.821821864,156.044560044,164.57524985400005,195.39443709370002,199.79470146155003,193.28812707276992,181.39936027908,165.68544725850003,146.07858152359995,126.93238495251008,114.24934414272002,104.91628019000791,95.71140137598992,86.09139872778255,70.88071078162541,54.648251760914285,45.41945180989234,36.94003661066323,30.464854961220713,25.935334989575697,SSP4,released 4p5,Canada,missing,missing,missing,missing,missing,missing,missing,missing,missing,MTC
122.86449381099999,160.821821864,156.044560044,164.57524985400005,202.3559486016999,216.39625221875988,229.53377996752022,236.76748492521986,218.89973700300996,173.21051534965991,127.50059492867007,117.25861377798502,115.84906941816497,122.23035785222184,116.96296428013751,131.00545192794334,112.72338850104745,133.34268627377222,94.21561901590741,146.49944659989046,54.92020576160602,SSP5,released 4p5,Canada,missing,missing,missing,missing,missing,missing,missing,missing,missing,MTC
28.986022719773,47.15161121500001,53.58061116169996,56.81639572299999,59.620697977900015,62.322078017870034,64.02850372120002,64.98392944903993,64.49387176176002,62.99318316712001,61.103339271063085,59.58445158629495,58.26933459810703,56.71126137551309,55.82507687182032,54.37679754586469,52.163634747162774,49.53105276934293,46.680357178444936,43.97185969304533,41.9651850893816,SSP1,released 4p5,Central America and Caribbean,missing,missing,missing,missing,missing,missing,missing,missing,missing,MTC
28.986022719773,47.15161121500001,53.58061116169996,56.81639572299999,59.961810718800024,62.28921000029999,64.76474283930003,66.97994032826004,63.96739973157996,58.025991204309996,50.29992550827095,44.56806344260998,38.68604124353038,31.75460680656752,24.23153775618611,15.998316152098582,3.865713953245512,4.530071362355164,-52.00123416857859,-34.37619426192444,-46.159325898476325,SSP2,released 4p5,Central America and Caribbean,missing,missing,missing,missing,missing,missing,missing,missing,missing,MTC
28.986022719773,47.15161121500001,53.58061116169996,56.81639572299999,61.10202283350001,63.269300918100015,65.20811573080006,66.46309626104001,57.88110737106,44.83831582415997,30.996922726275013,21.45697688318298,12.399140909451262,2.9779466890737165,-5.708203799224104,-16.247617468822472,-27.504429177438745,-38.749494538557656,-50.24159608374614,-60.566361267874946,-66.80521784426388,SSP3,released 4p5,Central America and Caribbean,missing,missing,missing,missing,missing,missing,missing,missing,missing,MTC
28.986022719773,47.15161121500001,53.58061116169996,56.81639572299999,60.87587339589998,62.33284223849998,62.19999470629998,59.92056230950003,55.26039324667996,48.913654338530044,42.22079280059206,36.94326421707797,32.548800293796255,27.873729719996565,23.52290986441552,17.62482231001554,10.143216690539612,5.155726512647285,0.7672100947786117,-3.255032721263165,-5.883067816153907,SSP4,released 4p5,Central America and Caribbean,missing,missing,missing,missing,missing,missing,missing,missing,missing,MTC
28.986022719773,47.15161121500001,53.58061116169996,56.81639572299999,61.77130915660004,65.3872389712,70.77249050690003,78.26266764588995,72.03927339397002,56.99475450136008,38.27770401195275,28.342450479082355,20.58048382815059,14.58959579105948,5.748735780840499,1.8303823343986487,-10.533972421476738,-11.136603502650544,-26.19008515284716,-18.047109612634447,-49.06112503341824,SSP5,released 4p5,Central America and Caribbean,missing,missing,missing,missing,missing,missing,missing,missing,missing,MTC
157.64785544999995,111.47628444999998,131.13130880000003,147.70418427600003,156.7965035132701,173.67030587672997,177.7628818888899,177.20098870484406,172.81088817813696,166.13406273926003,157.06755427927658,149.83420319659902,144.39702541397068,135.88669220808188,130.57050954968292,124.1784255318993,114.62735373939748,104.92416495894459,95.4841509972919,87.18640291764645,81.08915240365639,SSP1,released 4p5,Central Asia,missing,missing,missing,missing,missing,missing,missing,missing,missing,MTC
157.64785544999995,111.47628444999998,131.13130880000003,147.70418427600003,156.96075943444993,170.72949691994,177.55387473921996,179.31249511433404,172.605337719915,153.15870088741588,135.4669740642384,126.01029140903267,117.95458976376665,105.20898961861973,92.83820275789492,81.31292894180933,60.30759894623691,67.09985836124353,-32.04301851019321,-20.632878517753948,-46.35384667503379,SSP2,released 4p5,Central Asia,missing,missing,missing,missing,missing,missing,missing,missing,missing,MTC
157.64785544999995,111.47628444999998,131.13130880000003,147.70418427600003,161.82657154366998,175.85948809278008,184.73359116147003,189.26598082949695,165.409177385838,129.59968110008998,102.63299753742685,88.1207766829565,73.44157974070762,59.45057544468757,48.16437534261843,33.21550377038142,16.14014783245753,-2.2180225469980686,-21.788242181167973,-40.03064005454152,-55.24170409112916,SSP3,released 4p5,Central Asia,missing,missing,missing,missing,missing,missing,missing,missing,missing,MTC
157.64785544999995,111.47628444999998,131.13130880000003,147.70418427600003,159.83615687526012,175.2136227321399,174.91453516883993,167.69585101455792,159.0279111532138,148.48436842397007,136.14565971505507,126.12323410341494,117.61071359488794,105.51128390701768,93.85545406672453,79.03466543204401,61.71670768890817,52.40074864079309,43.07776607999731,34.016473240254975,28.97584585187381,SSP4,released 4p5,Central Asia,missing,missing,missing,missing,missing,missing,missing,missing,missing,MTC
157.64785544999995,111.47628444999998,131.13130880000003,147.70418427600003,162.06673551520996,179.9407556475,194.69973658335005,206.42865619078867,184.90654215108486,146.30572532635105,114.94025717425416,108.51685584160128,104.29820975618419,99.45632681174094,85.16104106960886,82.43596972695997,60.656067396146526,62.80401586046514,28.60167056805714,49.861220525263946,-12.998126534057644,SSP5,released 4p5,Central Asia,missing,missing,missing,missing,missing,missing,missing,missing,missing,MTC
704.3086215789605,1834.7188940693004,2646.823843901002,3044.986753132,3640.8047420966027,3839.650979598502,3897.1108298158033,3801.5128635234037,3619.116268155701,3374.9430827029996,3089.8077139075986,2813.0948908040214,2551.260976490391,2287.718274037628,2042.4829761864528,1779.3184859568323,1433.1481182146103,1166.907470937669,954.8218796313541,805.8885602636847,719.3995241188373,SSP1,released 4p5,China,missing,missing,missing,missing,missing,missing,missing,missing,missing,MTC
704.3086215789605,1834.7188940693004,2646.823843901002,3044.986753132,3743.4996523435993,4137.308015779699,4333.473739252153,4379.519432707777,3831.646832086038,3252.3910365699758,2627.9922748327776,2134.252720191588,1696.6305122216697,1300.7285599219017,956.9276197815941,709.2247859515994,420.61740625863087,462.11039085357174,-468.174821659125,-152.21664266928556,-308.0605100241795,SSP2,released 4p5,China,missing,missing,missing,missing,missing,missing,missing,missing,missing,MTC
704.3086215789605,1834.7188940693004,2646.823843901002,3044.986753132,3775.1169672744004,4167.232408753402,4354.768511092717,4375.890388765446,3441.773115139082,2393.3203911010246,1481.2094241738425,1011.5514720180299,677.8343400617326,455.43226925653124,306.5014887908176,154.6429106171764,10.535482324348063,-120.05020108953615,-239.61192875468632,-333.1897680675773,-382.46394876417287,SSP3,released 4p5,China,missing,missing,missing,missing,missing,missing,missing,missing,missing,MTC
704.3086215789605,1834.7188940693004,2646.823843901002,3044.986753132,3748.708638989902,3824.6773141175036,3734.2531655766006,3455.035552858201,3121.0062282196986,2756.160300704998,2374.470055543201,1994.7255597496999,1625.4666788022982,1277.3584248678999,978.8399076691896,717.4172204927297,483.2516054831807,365.7745913487603,265.93197409376495,188.9709127512715,147.96042120581714,SSP4,released 4p5,China,missing,missing,missing,missing,missing,missing,missing,missing,missing,MTC
704.3086215789605,1834.7188940693004,2646.823843901002,3044.986753132,3839.8783717995984,4454.040738999497,4937.700706665702,5225.952619267406,4336.729686173579,3091.142964606816,1944.5533576269984,1604.8653018537461,1351.7276587870642,1177.836643931216,855.6294654976699,764.7717245876878,472.2102316964281,494.12099771816344,205.4072916003289,366.30945831902125,-123.11971222160982,SSP5,released 4p5,China,missing,missing,missing,missing,missing,missing,missing,missing,missing,MTC
280.6282376015001,210.05852134760005,205.6855990827,188.3831329395,199.63723622262,211.16197389243987,208.81160533140016,203.97628305401992,194.33745470397412,183.5888867146308,171.88953974448094,161.84738067863722,153.16949549680228,143.1351211513811,134.04250370946232,124.21071757443798,111.43240220178866,98.89836128213071,87.78590021613235,79.3105729489485,74.94196507152466,SSP1,released 4p5,EU-12,missing,missing,missing,missing,missing,missing,missing,missing,missing,MTC
280.6282376015001,210.05852134760005,205.6855990827,188.3831329395,194.62491627317988,196.436759355928,196.02354088370205,191.81919939558594,180.12376064370417,156.7968610625169,132.38699191130885,117.23078102765123,102.70089005085703,86.94578469382486,72.44912011354157,62.75291935178617,50.44508793506185,59.872657133642356,11.250141653002807,27.33882810963911,22.082454680319145,SSP2,released 4p5,EU-12,missing,missing,missing,missing,missing,missing,missing,missing,missing,MTC
280.6282376015001,210.05852134760005,205.6855990827,188.3831329395,203.21936973967996,204.1741827114689,203.05060053441204,197.33376117059902,166.87579879465,115.90072839749297,75.683066755504,57.51978151098788,44.58692318974159,34.965631206326854,29.458554205908477,25.62101259408068,22.772127301841877,19.768893263374096,15.805221253308158,12.06095185880953,10.89445940124145,SSP3,released 4p5,EU-12,missing,missing,missing,missing,missing,missing,missing,missing,missing,MTC
280.6282376015001,210.05852134760005,205.6855990827,188.3831329395,203.39418203697,210.38056606391393,203.44701308775103,190.94958865795388,174.90380894232106,156.484672847562,138.2592835122082,121.64232208257668,106.16413918354942,90.31371942980832,75.34137396954716,59.131277466442214,43.179895993314894,35.486214209439524,29.360058411153062,24.498958590648776,22.64402618112509,SSP4,released 4p5,EU-12,missing,missing,missing,missing,missing,missing,missing,missing,missing,MTC
280.6282376015001,210.05852134760005,205.6855990827,188.3831329395,206.70052681940004,216.52007834089983,226.24416391163024,232.5046781343101,208.17968663820812,152.89849509589806,105.27815263158354,95.71887861622453,90.80092165725276,89.87787179446262,79.78144432266616,84.19599383339745,74.70107955202327,86.58374673093269,68.39607105005274,92.69297972352634,45.54924461392382,SSP5,released 4p5,EU-12,missing,missing,missing,missing,missing,missing,missing,missing,missing,MTC
929.8597021710002,979.7425884019999,890.8484554759998,798.227475429,820.9296442944201,793.9683472374303,758.3511557618498,726.8560793834905,687.205857176579,652.9622091011395,621.8615282863252,594.5421308224056,576.309341462596,558.5576289363592,547.3382672845423,532.3407377775109,511.909630438619,488.98938640981794,466.94270059536586,452.18666928515654,451.266118368592,SSP1,released 4p5,EU-15,missing,missing,missing,missing,missing,missing,missing,missing,missing,MTC
929.8597021710002,979.7425884019999,890.8484554759998,798.227475429,794.2385544076899,748.9568416913903,712.9959948694496,680.2047166925097,635.17624133985,554.1092940160181,470.76847941080115,417.4663262410122,372.97120571752157,331.95119466230744,300.8468780415565,284.3102300553279,261.06641665592497,312.1016272188999,103.27705424160173,196.67840963376412,174.62847128049634,SSP2,released 4p5,EU-15,missing,missing,missing,missing,missing,missing,missing,missing,missing,MTC
929.8597021710002,979.7425884019999,890.8484554759998,798.227475429,842.1067428708599,791.2131752287323,758.918888981154,719.814651910063,596.7151869517501,422.8423664310591,283.07840830445116,211.7556083051214,166.91822359709522,137.485430791161,132.58325055063173,136.01532820329845,139.2344180898844,133.4023654904089,117.91858175687094,100.02534250286608,94.32413174034431,SSP3,released 4p5,EU-15,missing,missing,missing,missing,missing,missing,missing,missing,missing,MTC
929.8597021710002,979.7425884019999,890.8484554759998,798.227475429,845.1087522766101,813.3475247018802,773.4075916140104,717.2818698871895,646.7019460309383,571.6426127219968,501.19630951705693,443.4996234924249,393.7043591466175,347.4125482012139,310.2277941063498,264.54064736775985,211.67763292713641,185.39552611248058,164.95471154161274,149.918742634294,147.85271063339655,SSP4,released 4p5,EU-15,missing,missing,missing,missing,missing,missing,missing,missing,missing,MTC
929.8597021710002,979.7425884019999,890.8484554759998,798.227475429,860.1884465376802,846.7208552939506,848.8860664395903,856.5284389812904,777.9225380701017,589.1497515476759,420.68170115194084,382.95673145673516,381.0970818727431,407.06747484066364,402.67508595163525,486.2936680927228,458.4903780443677,539.9781964620256,435.422425723293,607.2437990514218,267.7034062145027,SSP5,released 4p5,EU-15,missing,missing,missing,missing,missing,missing,missing,missing,missing,MTC
247.675883519,117.88566603699995,106.44560994580996,77.79744725499998,91.40270077120002,92.44946845005205,94.717310738106,96.07074240292799,95.95463502682401,93.77471795478279,89.99516215206303,86.06213526872044,81.87631056325195,76.02393976506409,70.96141580216583,63.9510830667789,56.43828856870397,50.40699648385766,44.79513958569933,40.09963203589949,36.528461964623226,SSP1,released 4p5,Europe_Eastern,missing,missing,missing,missing,missing,missing,missing,missing,missing,MTC
247.675883519,117.88566603699995,106.44560994580996,77.79744725499998,90.25743704570003,97.40390277489001,103.72017468110003,108.43155321910001,95.2638086684,84.10257571294004,72.97617190758999,66.86190482103004,61.688374516140996,55.034106572310584,48.35507732444231,41.53564758600075,33.76201352912766,35.51946494548462,9.60405294199941,16.515337113753827,12.207120531208593,SSP2,released 4p5,Europe_Eastern,missing,missing,missing,missing,missing,missing,missing,missing,missing,MTC
247.675883519,117.88566603699995,106.44560994580996,77.79744725499998,94.8801555106,101.73790874095985,107.10844624980001,110.57250163060004,88.52876813290001,66.74251205431,49.288647335080014,41.40782544078602,35.79944957416001,31.38866091563241,27.89716097398441,22.409193901392207,18.457760616744192,15.290247803756902,12.063074746392486,9.185904039633138,8.370949313638658,SSP3,released 4p5,Europe_Eastern,missing,missing,missing,missing,missing,missing,missing,missing,missing,MTC
247.675883519,117.88566603699995,106.44560994580996,77.79744725499998,93.84794361910001,91.428010422634,88.96560153561002,84.59826214254001,80.43279041716794,75.55984212005606,70.26354756039701,65.2899388737841,60.37803698424324,54.72905721759933,49.732953355369354,42.545193501346354,35.679734024114644,31.846295822632648,28.55954885835989,25.57205636862705,23.74331913884624,SSP4,released 4p5,Europe_Eastern,missing,missing,missing,missing,missing,missing,missing,missing,missing,MTC
247.675883519,117.88566603699995,106.44560994580996,77.79744725499998,96.04574127849992,108.85505134917003,123.3628713715999,137.26847059060003,115.51525271790014,90.79175965143,70.34198838122003,66.73589303854398,65.45285441902605,63.59331851314928,57.00873847633832,51.96304732496635,42.053203410001274,41.31410127505567,31.249776779132418,35.84378789249359,18.69230628856387,SSP5,released 4p5,Europe_Eastern,missing,missing,missing,missing,missing,missing,missing,missing,missing,MTC
76.30907401399998,99.31097998880001,114.94174709199999,130.42218688000003,143.7982506078577,147.31523099343352,149.7867378471811,150.6388329170682,149.00394305543088,145.8946863060354,141.36950852844095,137.10595923835274,133.08521042769004,127.92371330250015,122.88603274046226,116.49371221110164,108.05810482300426,99.808905539573,91.09481385562754,83.3600191166336,77.70818426849087,SSP1,released 4p5,Europe_Non_EU,missing,missing,missing,missing,missing,missing,missing,missing,missing,MTC
76.30907401399998,99.31097998880001,114.94174709199999,130.42218688000003,144.8086190370788,157.4417685249308,166.92167446548555,173.45065539417192,160.5996352708772,146.83553363709456,131.41669273970638,122.0438487370729,112.7162490310922,102.64195117350307,92.78716837148649,86.20133096684931,74.89683970661912,86.58192049104221,27.104897456673648,48.42733595760326,41.47164933862837,SSP2,released 4p5,Europe_Non_EU,missing,missing,missing,missing,missing,missing,missing,missing,missing,MTC
76.30907401399998,99.31097998880001,114.94174709199999,130.42218688000003,153.4092851515913,166.56430984163174,176.4124216342786,182.86194957870202,153.53066347063816,119.96349378786581,89.44290432629002,76.65819978080587,68.13038546429354,61.167007576274514,57.62684597453837,55.636953172404176,54.0836679984572,52.166428275202875,48.383171492286735,48.692214695845145,54.94292859166579,SSP3,released 4p5,Europe_Non_EU,missing,missing,missing,missing,missing,missing,missing,missing,missing,MTC
76.30907401399998,99.31097998880001,114.94174709199999,130.42218688000003,152.4462603292911,154.3520303882154,154.07869023481672,148.97517278419517,141.5576745942096,132.37850714299998,122.577700003468,113.92384227686301,105.37896330299297,95.61634213018405,86.23913898094258,74.20019966616769,59.785181763396366,52.4623714484618,45.88337720382046,40.17110970476259,37.50123273314256,SSP4,released 4p5,Europe_Non_EU,missing,missing,missing,missing,missing,missing,missing,missing,missing,MTC
76.30907401399998,99.31097998880001,114.94174709199999,130.42218688000003,153.29181346090195,171.17243671546862,189.29025610944566,206.58231682047625,182.54264735172578,145.95728614766236,108.86050090630835,101.28036849527777,97.53191559729696,96.46653701558603,87.06475813608786,88.89046657619204,77.4453140628694,85.30876486170261,68.26793589072952,82.63712947133286,44.804534559575224,SSP5,released 4p5,Europe_Non_EU,missing,missing,missing,missing,missing,missing,missing,missing,missing,MTC
21.75811492837,24.6155187721,24.881550550300002,23.0077097018,23.61906876268,23.521339558127906,22.767231051252775,21.39569164811398,19.73501414041769,19.982590782754524,19.737681077703023,20.268492057497905,21.222303517111786,21.96117713174097,23.018511921189837,23.841869624592036,23.919913786113238,23.216375945672013,22.275122708046162,21.296664679215247,20.930710769951286,SSP1,released 4p5,European Free Trade Association,missing,missing,missing,missing,missing,missing,missing,missing,missing,MTC
21.75811492837,24.6155187721,24.881550550300002,23.0077097018,23.0143789566,21.8258223431,20.623835958822006,19.137929367221997,16.895280185002996,14.057731480869018,11.399458014359992,10.221585044795013,9.613169719021588,8.42429749288069,7.576121745767663,7.181041234823998,6.216208880857151,9.529025652542082,-2.758450568543895,2.1082377461511235,1.277667772410649,SSP2,released 4p5,European Free Trade Association,missing,missing,missing,missing,missing,missing,missing,missing,missing,MTC
21.75811492837,24.6155187721,24.881550550300002,23.0077097018,25.116816223430003,22.555321507183997,20.722860856228003,18.870122444753008,10.603154262611003,5.338182679187991,2.8107980338789864,-1.2022898449957165,-2.867330184876447,-2.075787082620965,-0.41515441960475113,0.6190536626552794,1.5157608004533738,2.29211763111231,2.7367180995048868,2.8329501419020224,3.4215214367947437,SSP3,released 4p5,European Free Trade Association,missing,missing,missing,missing,missing,missing,missing,missing,missing,MTC
21.75811492837,24.6155187721,24.881550550300002,23.0077097018,25.088763149950005,24.51592955023001,23.399925332979006,20.661013665722006,17.352064074008002,14.973109552434998,11.929274214475162,9.721486308016035,8.484402870828692,7.000468788837981,5.192836758722508,2.582076208759692,-0.36421737691128636,-1.0936325607957889,-1.881029251628063,-2.995881677316326,-2.9586594851285923,SSP4,released 4p5,European Free Trade Association,missing,missing,missing,missing,missing,missing,missing,missing,missing,MTC
21.75811492837,24.6155187721,24.881550550300002,23.0077097018,25.646415694200005,25.38654335800999,25.27206859489201,26.298463122002012,24.216299726918,15.939996188021762,6.848315182984763,2.724063805327712,0.8817201899973057,0.947214317375668,-1.3071657871022206,1.2910784865657434,0.8666207309634143,5.287065537538934,-2.821079625709428,7.437457392033115,-22.296955258205223,SSP5,released 4p5,European Free Trade Association,missing,missing,missing,missing,missing,missing,missing,missing,missing,MTC
163.18165183716002,340.1312364533,494.87998991100017,627.89809054,729.8205720785602,873.8633954683895,1008.5476982168094,1116.77968524947,1200.8824823591601,1247.161227229576,1263.7651230815113,1268.3398767467772,1258.3519683496124,1226.9987546770656,1183.2674618898156,1117.4197379424172,997.2129742553743,873.9215104105043,751.7724694138237,652.6694423927189,589.3462317755439,SSP1,released 4p5,India,missing,missing,missing,missing,missing,missing,missing,missing,missing,MTC
163.18165183716002,340.1312364533,494.87998991100017,627.89809054,772.89560434368,964.6035839317707,1163.6148102021996,1386.3220479594397,1386.0457021540585,1335.40450497431,1260.4463766946267,1233.2791614374605,1200.4828081002943,1139.0164519441746,1041.4567499255427,974.0883315915778,811.1656773608876,998.2942579447913,296.3508845841378,480.1368006917568,408.4860338777396,SSP2,released 4p5,India,missing,missing,missing,missing,missing,missing,missing,missing,missing,MTC
163.18165183716002,340.1312364533,494.87998991100017,627.89809054,772.1123220490298,955.0016114842298,1126.0747617666,1303.7210668731038,1167.7177846338752,933.3608823122169,715.2958081214759,629.9861953177589,553.728251011409,483.9439584607266,428.7433226579012,383.9320287470773,364.8838889211157,408.03273068661633,373.3873583078658,340.85169342421017,333.1905952083785,SSP3,released 4p5,India,missing,missing,missing,missing,missing,missing,missing,missing,missing,MTC
163.18165183716002,340.1312364533,494.87998991100017,627.89809054,755.5202473653399,868.6611784296099,943.4836487766206,978.1121854666296,999.8035445973597,1001.1593546919157,993.1154920259564,973.3146927146294,924.8932574598928,841.8757361945356,735.6632747641466,613.5406921407279,488.76358230172906,442.2136340949345,413.88584856018974,372.9257877391482,349.4416293554379,SSP4,released 4p5,India,missing,missing,missing,missing,missing,missing,missing,missing,missing,MTC
163.18165183716002,340.1312364533,494.87998991100017,627.89809054,790.9998832303703,1059.8110954427398,1409.20729155175,1856.6306843569753,1770.2440249809601,1459.8238214160433,1079.7975905632004,1071.4126505838071,1094.292867881561,1112.8148574104177,909.3536202055848,911.5727484923198,637.6661519770504,704.8775675133105,411.8998115042068,598.3356072960413,169.92637593771886,SSP5,released 4p5,India,missing,missing,missing,missing,missing,missing,missing,missing,missing,MTC
45.45734086360001,99.46612142800001,111.345203998,138.66394067000007,158.70351077406798,192.64769884998205,219.8981186977351,241.0842369714172,255.05072806289414,260.9888283451418,258.99701764726336,255.23463459990424,249.9457602313508,240.79783239952684,230.28135897497685,214.97944168809465,192.54761421646342,167.97456582020007,144.6683420110207,125.81760244437967,114.29459718209485,SSP1,released 4p5,Indonesia,missing,missing,missing,missing,missing,missing,missing,missing,missing,MTC
45.45734086360001,99.46612142800001,111.345203998,138.66394067000007,164.1642875541599,196.84828029667102,227.44690322499596,255.74840975061898,257.4987145042751,245.70791325782187,223.3744645448211,207.4385852362578,191.32782577146648,172.0242397223185,149.18201824942938,132.92317429054847,104.74768525517611,135.97946932586711,15.150792329106608,51.305505327427376,39.62962922022829,SSP2,released 4p5,Indonesia,missing,missing,missing,missing,missing,missing,missing,missing,missing,MTC
45.45734086360001,99.46612142800001,111.345203998,138.66394067000007,165.994208585095,196.50992760295708,222.792712316682,244.1783509498527,216.6084109201582,169.68381768255887,131.5749381973208,108.35769422614656,89.08481732972619,70.1566864111222,57.169675092886976,48.659960818254675,60.859492024701325,52.63230650118385,44.7085888679423,37.27699706112085,35.97273622997684,SSP3,released 4p5,Indonesia,missing,missing,missing,missing,missing,missing,missing,missing,missing,MTC
45.45734086360001,99.46612142800001,111.345203998,138.66394067000007,162.78033421297687,189.77626385732293,203.4018227577809,207.3397616889249,205.66679805886298,196.997108906011,182.63926237521912,166.7536555890513,148.54525773979788,124.52523847560634,97.17647056529906,65.83286471315355,38.45739165215068,33.152487705952204,29.83894968245583,25.55695598708454,24.705957948913344,SSP4,released 4p5,Indonesia,missing,missing,missing,missing,missing,missing,missing,missing,missing,MTC
45.45734086360001,99.46612142800001,111.345203998,138.66394067000007,167.66625472128308,211.83752327862106,266.79746319212813,332.76101733390567,319.88735566819594,243.6842860744859,150.74868643579683,149.79452995660418,152.2177462576471,147.4286662303522,116.38138311447754,123.44356402215284,84.16341947938082,99.28155528580064,46.06678394201498,80.60637568366585,-22.590250103803207,SSP5,released 4p5,Indonesia,missing,missing,missing,missing,missing,missing,missing,missing,missing,MTC
313.64693094000006,347.58395509390004,325.34167073800006,328.77829655610003,370.6450503519999,359.38460209040005,346.3449752940999,331.95214672850017,314.0840080160852,291.86011466115946,269.4908068539423,249.2415380565245,230.60825481532186,211.20985625885916,197.92941660779024,180.97933364305774,158.74274059721225,142.44440894162318,127.33756264852484,116.62109125408645,109.98068386891254,SSP1,released 4p5,Japan,missing,missing,missing,missing,missing,missing,missing,missing,missing,MTC
313.64693094000006,347.58395509390004,325.34167073800006,328.77829655610003,328.9107418628002,323.16469184439995,309.11156452670025,290.0903744265003,263.67352849500014,222.0635814780999,177.63683916152,144.93388592157007,114.03222298607801,85.27320222422898,64.52740262375639,47.915612433248846,26.055471333787697,30.21328682519686,-44.59010276982303,-17.68260576059944,-24.624928748824583,SSP2,released 4p5,Japan,missing,missing,missing,missing,missing,missing,missing,missing,missing,MTC
313.64693094000006,347.58395509390004,325.34167073800006,328.77829655610003,371.4663317120001,363.76605421129983,347.92547606478,326.8722025108102,275.05047825456006,200.4779249507201,126.18503822498,87.52137668942002,60.29707805619,40.512172212313814,33.16133832206617,25.7468758392557,16.503968761911437,6.8405953035950935,-1.438866613601632,-6.595336829361587,-7.419464545605017,SSP3,released 4p5,Japan,missing,missing,missing,missing,missing,missing,missing,missing,missing,MTC
313.64693094000006,347.58395509390004,325.34167073800006,328.77829655610003,372.146965282,357.7473047547995,340.1864585427002,318.786124189,285.84305374219997,246.88811777308015,210.06711106306997,179.01223601260907,150.87925961955395,124.45544548497047,105.51008092868638,82.28677945110886,55.93649676338093,39.832020917383154,27.357413026529024,19.10180941646651,16.065542341507978,SSP4,released 4p5,Japan,missing,missing,missing,missing,missing,missing,missing,missing,missing,MTC
313.64693094000006,347.58395509390004,325.34167073800006,328.77829655610003,382.07087241499994,389.5466999527998,393.2561910875996,392.9840401737003,351.20489608159954,260.41859626799976,165.69601798230468,139.7952597635801,127.04406054794028,121.41334055370017,108.01431716508226,115.4210114966976,98.6972570049758,115.78730334685753,88.3718939465448,122.6803080018511,61.293719248746285,SSP5,released 4p5,Japan,missing,missing,missing,missing,missing,missing,missing,missing,missing,MTC
82.27524676800003,127.44098939000004,134.92990072299997,136.24117106,146.79225537110003,155.7041474414,159.92176797506312,161.58045309588223,160.6509566687399,157.36298446354004,152.77078495170397,150.7449887541389,149.20695861703112,146.9730231480219,144.6820354539286,140.97249617316714,135.06564714548261,127.68825358925561,119.80930470928062,112.87387763984991,107.82018906455158,SSP1,released 4p5,Mexico,missing,missing,missing,missing,missing,missing,missing,missing,missing,MTC
82.27524676800003,127.44098939000004,134.92990072299997,136.24117106,145.10126434720007,154.19932798199994,162.84528360779998,170.61082587490017,164.77735028669997,152.82581604640998,138.57747851333002,129.31901211435795,120.63737991318602,109.03535156172696,94.26495728459646,77.815884837598,52.48550398053893,58.43028048677479,-72.92642180411205,-32.352335322161494,-56.82703595383436,SSP2,released 4p5,Mexico,missing,missing,missing,missing,missing,missing,missing,missing,missing,MTC
82.27524676800003,127.44098939000004,134.92990072299997,136.24117106,150.85651433820007,159.9538628848001,168.87306113220006,175.61574659229015,149.97234149613,116.56365979240992,84.09470640912299,60.690881526016184,38.990156567808555,17.400446067788547,-2.2610819192780256,-21.398687651596127,-39.84622905809086,-56.17134774881555,-71.52082887809209,-84.01102853660132,-90.26186569371053,SSP3,released 4p5,Mexico,missing,missing,missing,missing,missing,missing,missing,missing,missing,MTC
82.27524676800003,127.44098939000004,134.92990072299997,136.24117106,150.58407489290005,158.69596570870002,160.44028803070015,157.17891713370017,150.14732478180002,139.8754715209199,129.17215679058003,120.25127370711611,111.86047886377601,102.01957705254432,90.39473621302528,73.7480505611817,53.20596905938434,40.07471796350576,28.865397382341055,20.062153778145284,15.648480207913108,SSP4,released 4p5,Mexico,missing,missing,missing,missing,missing,missing,missing,missing,missing,MTC
82.27524676800003,127.44098939000004,134.92990072299997,136.24117106,150.78148256189996,162.31357735859999,175.96591878409987,193.79255356784992,180.17147738653006,150.70953106566003,114.11774967988504,100.33755769061527,91.37780529611939,86.48475145888436,73.10131152183598,71.97244403966259,49.08671806524088,52.15770182013771,18.592108154014443,34.283615204080185,-25.26162569870742,SSP5,released 4p5,Mexico,missing,missing,missing,missing,missing,missing,missing,missing,missing,MTC
201.27123414000002,388.1067566060001,504.530635877,587.0841762110003,606.170618389,633.9197348246303,648.3652449350893,660.4118842539599,665.3508967380901,662.7929589850198,658.8508784055597,660.50016950892,668.8458080306153,686.6256655751745,714.7176555002211,728.9153923203323,725.8417296300496,708.6510279919102,685.309775108381,659.6578507507875,638.7145187116536,SSP1,released 4p5,Middle East,missing,missing,missing,missing,missing,missing,missing,missing,missing,MTC
201.27123414000002,388.1067566060001,504.530635877,587.0841762110003,605.4782592359999,640.2549442899998,670.0553604318002,733.4814691730235,696.1922608755519,657.8460062416161,617.8753367900015,596.6425026139419,570.412846355827,563.1625296955198,560.9700258242761,546.4179253500962,478.95626656111716,532.9571980157776,67.12576910859161,245.88919166058733,173.057751182567,SSP2,released 4p5,Middle East,missing,missing,missing,missing,missing,missing,missing,missing,missing,MTC
201.27123414000002,388.1067566060001,504.530635877,587.0841762110003,624.2197139030001,658.3358004605999,695.4792033826994,775.2178775053801,694.3068892589149,617.5983673800627,558.741231827349,526.0352904829053,480.8094785481798,424.3830924960305,412.83723969468707,381.26875187753984,325.2352109288904,268.00491462604947,208.06530741709182,155.20601033141673,143.3382828570062,SSP3,released 4p5,Middle East,missing,missing,missing,missing,missing,missing,missing,missing,missing,MTC
201.27123414000002,388.1067566060001,504.530635877,587.0841762110003,626.028698089,659.2837122620003,675.2109357018002,676.1028543025,660.8865344038,641.7025199930094,631.1086525049808,631.5485093976697,625.2369041119126,640.5215132739555,655.8713847874822,642.8415473504768,599.0415243307305,574.8665635694284,551.554465353096,521.8899362320439,516.5465837288236,SSP4,released 4p5,Middle East,missing,missing,missing,missing,missing,missing,missing,missing,missing,MTC
201.27123414000002,388.1067566060001,504.530635877,587.0841762110003,632.3219873239998,673.2138026302003,734.0643090169,874.8251288194346,816.2246246169611,724.5591399685318,613.5469578224064,594.03599165248,592.63622788229,619.5213990171438,626.7640897536862,641.2184445878102,567.0418836285794,594.5053350800243,497.66695907810384,581.4334645524684,361.82156049606306,SSP5,released 4p5,Middle East,missing,missing,missing,missing,missing,missing,missing,missing,missing,MTC
18.0003097982,35.5339188484,42.34560222037002,48.53482949179,54.07668944621999,59.679012667409985,67.17027366330801,74.70857806037094,82.065577039083,88.6039349736568,94.6062283338777,98.98194526111175,101.633012559819,102.27055202712236,102.37509893159778,101.10099660152746,98.56308502332242,95.1304940300005,91.08924315162308,87.00132517039167,84.47642811933486,SSP1,released 4p5,Pakistan,missing,missing,missing,missing,missing,missing,missing,missing,missing,MTC
18.0003097982,35.5339188484,42.34560222037002,48.53482949179,55.15860794798003,64.54829437437998,74.98249953323996,87.00622617619001,89.39241414872605,91.69989010854299,92.981616001157,97.82112880518093,101.60147658167223,106.06208440998515,109.86435379036583,114.66725620076657,114.10662857686437,132.76972356070195,64.97618757967828,101.89624586323819,105.33466357487457,SSP2,released 4p5,Pakistan,missing,missing,missing,missing,missing,missing,missing,missing,missing,MTC
18.0003097982,35.5339188484,42.34560222037002,48.53482949179,55.71174203121001,64.22463932424999,72.54947490974996,81.12446579238001,73.08517134668507,64.58364000286502,59.764230997400034,60.41045911959597,61.227825922816855,62.25561951684852,64.17953451363317,66.12248627899831,80.44431905847306,82.41233460815972,82.03818009480887,80.12855744603739,82.71822249429687,SSP3,released 4p5,Pakistan,missing,missing,missing,missing,missing,missing,missing,missing,missing,MTC
18.0003097982,35.5339188484,42.34560222037002,48.53482949179,55.64049946051001,59.00931192279399,62.078367977105984,63.06350645902004,63.10434530136603,63.31821375282996,63.64400051426601,64.25633942247659,64.43731388635493,64.15228912241318,63.647409005241826,61.82265993346949,59.164158712703916,60.398644703254966,64.70537600005501,67.22066239273948,71.89164965322604,SSP4,released 4p5,Pakistan,missing,missing,missing,missing,missing,missing,missing,missing,missing,MTC
18.0003097982,35.5339188484,42.34560222037002,48.53482949179,56.167840215459975,67.77419499224003,84.60611449096997,107.72334607226995,105.59051757571591,95.77841385952598,84.8689885299861,87.409049100341,93.27618878957445,104.39434920048072,99.79720187168263,102.8884761007216,87.7008354172468,92.66292668001286,69.19481634954822,92.67813977679306,31.831860064918214,SSP5,released 4p5,Pakistan,missing,missing,missing,missing,missing,missing,missing,missing,missing,MTC
687.3974358999997,466.9120144129999,482.79299784399996,489.06468838999973,568.2815803230002,570.6426283350598,566.9257902436498,550.2067027747706,523.6372403052501,493.47705763953957,459.47537941595056,430.50053399856665,407.39453860316166,378.3876202028144,366.96280430556743,353.4930916099356,330.26136169457897,305.18528793173203,281.09058266180335,260.7691157996974,245.42571401605065,SSP1,released 4p5,Russia,missing,missing,missing,missing,missing,missing,missing,missing,missing,MTC
687.3974358999997,466.9120144129999,482.79299784399996,489.06468838999973,561.8877517690001,588.3268587110003,607.1315931151529,613.0562168031198,538.4012686855197,457.4651787871246,388.38368352576884,348.32624540266715,311.09036983446765,267.19394672601015,232.4470319901044,201.19258138576998,141.77740577901093,168.3166743329412,-162.50893834461417,-35.84227684307269,-91.16581643318884,SSP2,released 4p5,Russia,missing,missing,missing,missing,missing,missing,missing,missing,missing,MTC
687.3974358999997,466.9120144129999,482.79299784399996,489.06468838999973,576.0507886170003,590.5123279539999,602.6956869786767,603.1432537185958,426.7933841913843,293.608309924825,201.38092221496694,139.0764282592699,87.47043857230605,34.13159647492018,-23.235099169019524,-47.523962285034266,-66.49284777929488,-87.40134309409869,-113.28600318152165,-136.25124024945677,-136.58624852182658,SSP3,released 4p5,Russia,missing,missing,missing,missing,missing,missing,missing,missing,missing,MTC
687.3974358999997,466.9120144129999,482.79299784399996,489.06468838999973,574.086194459,560.8052571345005,535.1523299759302,490.47908935233,443.9544070884504,395.1940104899799,351.0196314129803,314.0163864162161,280.57614938110714,238.85991298015247,215.33353820054072,179.3433654852899,130.29084801578537,109.52780529111303,87.68085674134366,68.6471720271677,60.22302249667469,SSP4,released 4p5,Russia,missing,missing,missing,missing,missing,missing,missing,missing,missing,MTC
687.3974358999997,466.9120144129999,482.79299784399996,489.06468838999973,588.3077497390001,640.4473619630002,694.690106083609,749.1031350758865,619.8096495232204,461.5609357788227,327.70137710039404,289.86168993015383,268.36381258275577,255.1812889402454,212.79949471248364,228.08727984134367,116.70121473372198,151.17713282330806,-48.5020339310023,87.35621165341088,-258.72402132226,SSP5,released 4p5,Russia,missing,missing,missing,missing,missing,missing,missing,missing,missing,MTC
110.80587143884003,135.97206984000002,147.49665811999995,144.37611907500002,149.70354764411707,164.87252296999813,169.64396378468822,169.431426522641,165.2595544563759,158.04571156055366,149.41076770736575,140.80503269097866,131.97659864641767,122.86429948611195,114.02679088358944,103.47626699375662,89.75065073735604,76.97655856872072,66.39676736193626,58.25928814574733,53.419775322788595,SSP1,released 4p5,South Africa,missing,missing,missing,missing,missing,missing,missing,missing,missing,MTC
110.80587143884003,135.97206984000002,147.49665811999995,144.37611907500002,149.53106719314297,161.377320839275,168.2956556419738,170.54462564915096,165.0717488905812,149.2375237083189,131.4779684571278,120.41708943531052,109.86905959461075,99.09737167276256,87.24266109031457,79.38873956294863,65.50366331458208,77.93677699933794,25.4967318632161,39.15016010123871,33.53421900169312,SSP2,released 4p5,South Africa,missing,missing,missing,missing,missing,missing,missing,missing,missing,MTC
110.80587143884003,135.97206984000002,147.49665811999995,144.37611907500002,151.42440648851897,160.86161807497,165.4645832621981,165.99147428275103,146.870350137593,112.69989207527928,84.39900877512297,72.63060459849854,62.64153024459449,54.218408179341466,47.39792177940771,41.6535032212896,36.568644015062105,35.320956686105525,31.663212687572035,27.220336045181565,25.431029604993377,SSP3,released 4p5,South Africa,missing,missing,missing,missing,missing,missing,missing,missing,missing,MTC
110.80587143884003,135.97206984000002,147.49665811999995,144.37611907500002,151.41843298499998,162.91556197854098,162.47368869351592,155.08839293407306,144.84962425356895,132.1904681936469,118.84845678813419,105.83758106972067,93.10170775777885,80.5228832160149,68.27646534955888,56.40341881594998,45.68504579603806,41.061873079518804,38.201465357213635,34.54894251850176,32.657838115591055,SSP4,released 4p5,South Africa,missing,missing,missing,missing,missing,missing,missing,missing,missing,MTC
110.80587143884003,135.97206984000002,147.49665811999995,144.37611907500002,155.582612281512,172.52963589599995,187.58990744267905,199.97576168302822,184.02065300316607,143.64275785787996,104.75611036156135,99.63013532645857,97.21052578408407,97.07246090294426,83.85016790262192,84.68049162843582,68.63870409136271,71.4669851270641,54.192860129637786,65.50135605040748,37.408187748473324,SSP5,released 4p5,South Africa,missing,missing,missing,missing,missing,missing,missing,missing,missing,MTC
29.44348320839999,45.315720995465995,57.9726238026,48.93943717642997,61.11847692622002,69.83848698160399,73.26175581889795,74.62803016224196,76.26303515643296,75.98943838191596,74.760699584726,71.61072773658715,67.33930088085702,65.25141990824095,64.78475494709342,63.84687790180851,62.20458126329301,59.62929760506568,56.361034786881135,53.048672921856415,50.013996820241545,SSP1,released 4p5,South America_Northern,missing,missing,missing,missing,missing,missing,missing,missing,missing,MTC
29.44348320839999,45.315720995465995,57.9726238026,48.93943717642997,60.15540715829,67.40271392108006,75.726913786044,82.19729624928905,77.62089789095893,71.22475381802793,62.99980145404899,59.63098242053788,57.880305817731035,54.38769728930901,51.12732489525249,47.77546365082323,39.97044022606933,43.75461489519794,-0.7209491145302733,7.526013420806481,-4.554475037858812,SSP2,released 4p5,South America_Northern,missing,missing,missing,missing,missing,missing,missing,missing,missing,MTC
29.44348320839999,45.315720995465995,57.9726238026,48.93943717642997,64.58301904664998,72.556844362391,80.91178568983604,88.83590636823395,72.67884449698103,54.806378830202966,44.298399546777006,40.759025361167986,36.76657689882602,31.104862764336517,29.55320465354323,24.069725669005184,17.062834143855177,8.558347980220171,-1.924949227119427,-12.649170106210937,-20.098145935438975,SSP3,released 4p5,South America_Northern,missing,missing,missing,missing,missing,missing,missing,missing,missing,MTC
29.44348320839999,45.315720995465995,57.9726238026,48.93943717642997,63.268969633519994,72.65275114737305,74.43807239160002,74.24100022034506,70.91137753056996,64.89382831950495,56.949649126210986,51.37400600176812,48.52745074829202,45.94097591569602,43.63034994029071,40.33980238890714,34.83094892961513,30.966530740477562,27.045201345832275,23.59546798027717,20.34697473310995,SSP4,released 4p5,South America_Northern,missing,missing,missing,missing,missing,missing,missing,missing,missing,MTC
29.44348320839999,45.315720995465995,57.9726238026,48.93943717642997,65.77569571712,80.83460406689699,98.67274139316697,113.72011920721597,102.36879022879701,86.92057721203898,70.81476165894298,63.41647496469311,60.317872214953,59.63324505357598,55.757686698379324,59.04655569952707,51.13132385016142,53.649541823533845,37.64687537759016,47.21999645997065,14.08674990542016,SSP5,released 4p5,South America_Northern,missing,missing,missing,missing,missing,missing,missing,missing,missing,MTC
24.219490148999995,40.535096069999994,54.056837840000014,62.11418195200002,69.17251943696999,74.99283922712002,79.13536867831999,82.10580167207995,82.9385614064,81.87444679127601,79.80132426031898,78.55748023693661,77.66333488745232,75.88063233662876,74.08283803091508,70.65511355847056,65.60780846467594,59.76848017722546,53.93822524975585,48.94474658220182,45.6154469645988,SSP1,released 4p5,South America_Southern,missing,missing,missing,missing,missing,missing,missing,missing,missing,MTC
24.219490148999995,40.535096069999994,54.056837840000014,62.11418195200002,69.16757467573998,75.549963575,81.66989422550002,87.74376681351002,84.71070769947003,76.67763393387102,66.25863868415895,59.61230457884685,52.138076548274704,42.44458751556111,31.280622576670925,19.252242490708767,2.0235362202704525,4.049887346097442,-70.03417432805404,-59.72180399531423,-82.72361730502942,SSP2,released 4p5,South America_Southern,missing,missing,missing,missing,missing,missing,missing,missing,missing,MTC
24.219490148999995,40.535096069999994,54.056837840000014,62.11418195200002,71.91031539915002,77.68317723071995,83.92188170801995,89.19746819940995,76.06101275281,55.0294526456891,33.86389949507102,20.23272388714432,8.250614033744451,-2.9322686089294274,-13.045768601166335,-25.480649790676527,-38.85242160216924,-52.410183636614796,-66.76438172616464,-80.14679303731036,-91.25604576099168,SSP3,released 4p5,South America_Southern,missing,missing,missing,missing,missing,missing,missing,missing,missing,MTC
24.219490148999995,40.535096069999994,54.056837840000014,62.11418195200002,71.95553892330999,76.66959480570002,78.97268502570002,77.74061592521998,73.60933210144002,67.67083164310702,61.71023054596,57.26384082840431,52.628755646940434,46.17286738314131,38.40785369471675,27.624996397672135,15.055762184687635,7.354475459883018,0.18508871264797172,-5.771772495653135,-8.952503361888798,SSP4,released 4p5,South America_Southern,missing,missing,missing,missing,missing,missing,missing,missing,missing,MTC
24.219490148999995,40.535096069999994,54.056837840000014,62.11418195200002,72.55769649289999,82.11708666316997,95.01298248353999,109.85335343667998,101.99254339396997,78.10039538169602,50.34076703476897,39.80331854016309,32.39317894666002,26.79804591325184,15.5377542934025,11.42190736137773,-4.219879157465834,-3.2555009148948293,-24.824755385346617,-13.769217059468641,-53.54977403622775,SSP5,released 4p5,South America_Southern,missing,missing,missing,missing,missing,missing,missing,missing,missing,MTC
7.26684275803,18.837419710444998,24.711533291581,36.47257858375799,45.66433679267001,51.23667537835512,59.138891446615396,68.16703519444617,76.92336690134033,84.11150374012627,90.61951466431444,96.5177262520429,99.88826778524968,99.80824763813773,98.03884406576202,95.61388465963697,91.8353983143931,87.92403821395085,83.34088584215152,79.849529181092,82.63333183737585,SSP1,released 4p5,South Asia,missing,missing,missing,missing,missing,missing,missing,missing,missing,MTC
7.26684275803,18.837419710444998,24.711533291581,36.47257858375799,47.81515617376999,57.899393247936096,69.15807102057641,80.60385310821421,80.64636446666431,79.37863533080632,78.11094919457744,80.7653672435539,82.75806612284372,83.39541999110978,82.17174477363199,83.33613742663006,80.85642997149648,98.4560151564599,50.819003348760766,73.95103480208626,74.64316353262792,SSP2,released 4p5,South Asia,missing,missing,missing,missing,missing,missing,missing,missing,missing,MTC
7.26684275803,18.837419710444998,24.711533291581,36.47257858375799,48.05313829207001,57.57445072047311,67.46922075614239,75.53384509983817,65.0697459948353,54.39848598641623,44.834703508272376,42.22116413908982,41.123884017600645,40.68177848357566,41.10667802418791,41.73176014183673,42.61674875469269,52.14416128976089,55.315243502134834,53.806637445129844,55.89103809080269,SSP3,released 4p5,South Asia,missing,missing,missing,missing,missing,missing,missing,missing,missing,MTC
7.26684275803,18.837419710444998,24.711533291581,36.47257858375799,47.401231956370005,50.79051763266508,53.46234366707044,53.66391974857321,53.025976753519345,51.8346882374242,50.80698695343741,50.37696566810474,48.70716003294568,45.075663303344776,40.598319967723036,36.082761020649976,31.762930037193314,30.246234424683646,29.540134287338415,29.450438652158915,31.67851841873725,SSP4,released 4p5,South Asia,missing,missing,missing,missing,missing,missing,missing,missing,missing,MTC
7.26684275803,18.837419710444998,24.711533291581,36.47257858375799,49.44405007407002,65.26998788262611,89.3018362947314,116.96221438312027,111.20250538146732,100.4338424286733,87.45410356997333,87.08394557826385,89.72978756461663,98.39906026750177,93.03834027670078,96.48563566002606,83.71171114218608,86.59032038402138,60.534977005036474,77.73992258567175,27.99215420354052,SSP5,released 4p5,South Asia,missing,missing,missing,missing,missing,missing,missing,missing,missing,MTC
76.41944241145198,144.7092859435,169.8134321765199,181.484604031588,184.70900747521424,195.7911527169974,194.18232535117485,188.12145320282937,177.4004585770441,162.54750023399777,146.3800161710499,132.07500217237168,119.7373711240063,108.9434201564836,99.90408813141998,89.72803566949055,79.89547769465838,69.72314941477947,60.98900688803333,54.131558114500415,49.657569402875666,SSP1,released 4p5,South Korea,missing,missing,missing,missing,missing,missing,missing,missing,missing,MTC
76.41944241145198,144.7092859435,169.8134321765199,181.484604031588,175.62553566864423,179.95966509343867,180.34037248992666,176.77281577205179,165.87649214125574,143.05818584542612,118.2450780771586,101.1010106770911,86.05377317183006,72.89761806700626,62.2260153572393,55.285144056653664,47.21234756481911,51.37923728200037,23.751248312229848,30.8954254975597,27.264554039471296,SSP2,released 4p5,South Korea,missing,missing,missing,missing,missing,missing,missing,missing,missing,MTC
76.41944241145198,144.7092859435,169.8134321765199,181.484604031588,186.52555646010424,188.93692916205478,189.19451141582113,185.66360126315186,164.79902635898173,127.71964148063887,97.64886169949311,83.01847453393218,70.51079656149922,59.36501646498954,50.966735308658265,44.027175332395736,37.72080794372709,31.763971038146774,26.597441518917634,22.42536932137782,20.484145129307514,SSP3,released 4p5,South Korea,missing,missing,missing,missing,missing,missing,missing,missing,missing,MTC
76.41944241145198,144.7092859435,169.8134321765199,181.484604031588,187.87448683060336,196.1045197021914,190.1949007131505,177.10555058227237,160.2580103682899,139.9974051708517,120.22913361231237,103.59632083613491,88.86977402040226,75.9798615297577,65.79154394324343,56.11026589879487,47.083415191374144,41.56778251720163,37.0353480491634,33.27723901928918,31.095548692263048,SSP4,released 4p5,South Korea,missing,missing,missing,missing,missing,missing,missing,missing,missing,MTC
76.41944241145198,144.7092859435,169.8134321765199,181.484604031588,191.1833962340203,199.43562404172545,204.7193044248931,206.82764022615348,186.83223971949099,143.81019187968286,106.69833476562238,96.81508651149184,91.05948371541808,88.26299816023624,80.44551290339462,80.04196632139347,70.14985168960757,71.91438701054082,58.95121516502372,68.66980016495447,45.15835251377594,SSP5,released 4p5,South Korea,missing,missing,missing,missing,missing,missing,missing,missing,missing,MTC
120.78878222141998,233.89700743197997,282.33468403999996,326.6939382810101,373.49044256705423,402.6796501335449,429.7479946471383,446.1113391864899,454.447128958647,454.0845269996841,447.9614130781536,448.2330139932768,449.481011347396,443.8910959196483,437.82883579763006,422.5501736296935,392.2517496481678,363.0762361268307,333.844981800364,309.9280390351232,295.39050247202096,SSP1,released 4p5,Southeast Asia,missing,missing,missing,missing,missing,missing,missing,missing,missing,MTC
120.78878222141998,233.89700743197997,282.33468403999996,326.6939382810101,382.4159015188678,429.7389340936755,471.0888448533404,505.889341593244,486.5061782528288,449.5644253815733,398.3121016989932,365.1235715698353,329.1137196548991,283.14173390063155,231.82071975471746,192.0910032361983,136.2129852039474,174.454423311549,-108.91110403873033,4.149223118178005,-30.334037586378862,SSP2,released 4p5,Southeast Asia,missing,missing,missing,missing,missing,missing,missing,missing,missing,MTC
120.78878222141998,233.89700743197997,282.33468403999996,326.6939382810101,386.7176638442581,431.5337827783302,469.34976372496516,497.79133953767035,431.17257773171536,331.9142888050863,229.38251846148242,168.8835611475936,118.5250638839056,74.20154175299413,46.22120902954582,20.087933665321984,-4.097998425643117,-27.043976628084486,-49.392172654220936,-68.1240126333337,-70.05778055749795,SSP3,released 4p5,Southeast Asia,missing,missing,missing,missing,missing,missing,missing,missing,missing,MTC
120.78878222141998,233.89700743197997,282.33468403999996,326.6939382810101,382.93494741709105,401.8350453973039,413.5385935883424,405.63440532872676,386.15902892896565,357.13424227215444,323.87793137487756,297.7703659087123,270.5109263950988,232.60954373934982,189.465005743764,132.07007966824352,66.03660601814448,35.70940852921303,9.983439414410226,-12.841857328518785,-22.887743041827147,SSP4,released 4p5,Southeast Asia,missing,missing,missing,missing,missing,missing,missing,missing,missing,MTC
120.78878222141998,233.89700743197997,282.33468403999996,326.6939382810101,390.1398258058561,455.98662107877476,530.799588028129,613.4449911087298,570.1178878513799,447.6171425084575,294.1209076234179,249.28002662200532,222.00682782472947,208.23982734052416,165.44516880093784,170.82534296336596,121.36095629670432,143.66150952302988,77.33952661362886,151.64095105160146,-11.241823436058892,SSP5,released 4p5,Southeast Asia,missing,missing,missing,missing,missing,missing,missing,missing,missing,MTC
35.94823240209998,79.14951934726005,79.34489852502999,78.21465949915701,79.093263854026,83.15572062870704,81.56451618943524,78.88211172770691,74.82430682122782,69.22268028583387,63.101370075627436,57.55173711744025,52.41869900078099,47.14253843705376,42.88390863928061,37.98662775923716,31.720677871205204,26.35311397581516,22.14274678122114,19.19067866079273,17.538430637947197,SSP1,released 4p5,Taiwan,missing,missing,missing,missing,missing,missing,missing,missing,missing,MTC
35.94823240209998,79.14951934726005,79.34489852502999,78.21465949915701,80.94000279657001,82.63727015144997,81.92758057137995,80.13383580587993,77.5168995318381,69.12920518704907,59.760551426655404,52.691109108768984,47.4587390774684,40.143222769539584,33.392368345339314,28.112461083721,20.3603261890416,23.29775029337454,-5.8249559428234905,4.753583694010326,1.4209734086468095,SSP2,released 4p5,Taiwan,missing,missing,missing,missing,missing,missing,missing,missing,missing,MTC
35.94823240209998,79.14951934726005,79.34489852502999,78.21465949915701,80.70682166993,81.81108468239,80.83595909445995,78.85364264123203,71.67912245147,58.83628926292499,46.52414357495988,39.44421744458961,33.5848758094619,27.868842654876925,23.326036778586225,18.799762614674634,13.674855228687932,8.552773376267615,3.9329486864185292,0.07843553230114945,-0.8979384289311413,SSP3,released 4p5,Taiwan,missing,missing,missing,missing,missing,missing,missing,missing,missing,MTC
35.94823240209998,79.14951934726005,79.34489852502999,78.21465949915701,80.56266598285004,83.68761204383003,80.91753725623997,76.01996899551999,69.73633916931999,62.02576473968105,53.78747188600853,46.01837066195287,38.495612743715526,30.672589166806517,23.94766987874943,16.860377019001593,9.395677589997694,5.863529592946454,3.3166358383299612,1.029708307295813,-0.03693021285736537,SSP4,released 4p5,Taiwan,missing,missing,missing,missing,missing,missing,missing,missing,missing,MTC
35.94823240209998,79.14951934726005,79.34489852502999,78.21465949915701,82.25358538442997,85.67025331748002,87.00033735226997,86.87535796134003,79.85831316923,63.412868729741966,42.88648735883095,35.6619090896541,30.938276637951493,27.22359858144479,20.89525031622833,19.993701792154585,12.977813386464867,13.455815941471844,5.605245854943529,10.563725245409298,-3.5255503444416685,SSP5,released 4p5,Taiwan,missing,missing,missing,missing,missing,missing,missing,missing,missing,MTC
30.3089825164,42.680011877,52.009640392200005,56.06245077749999,60.651032168789996,63.04962692199002,63.66167732844001,63.47710577629999,62.10265950279,59.55207321462801,56.77133179822298,54.611686711804275,52.820764253563325,49.77630570445951,48.083580475852806,45.96699521419746,43.41782324338479,40.70184752330865,38.01201541189434,35.55562064604975,33.63372923816154,SSP1,released 4p5,Argentina,missing,missing,missing,missing,missing,missing,missing,missing,missing,MTC
30.3089825164,42.680011877,52.009640392200005,56.06245077749999,61.12736641044005,63.56107995655005,66.01390604720004,68.22407278503002,64.60629350685997,58.36888499096402,51.694859439758034,47.51849159833948,43.55008971579398,38.009550705145045,33.110069752856255,27.551434690258628,18.77053818061888,19.996307943699257,-25.42151987423197,-12.022791769120188,-23.749056409691992,SSP2,released 4p5,Argentina,missing,missing,missing,missing,missing,missing,missing,missing,missing,MTC
30.3089825164,42.680011877,52.009640392200005,56.06245077749999,61.78586580423998,63.87184771201003,66.25132700156996,67.90366562284002,57.77076770146899,44.07613620595196,32.81294878120298,25.571546538031814,18.706269800999173,11.129870564744715,3.1585355316734405,-5.703945041941658,-14.755239735833246,-24.215144122954264,-34.4879930937181,-44.14350867876948,-52.118518345026,SSP3,released 4p5,Argentina,missing,missing,missing,missing,missing,missing,missing,missing,missing,MTC
30.3089825164,42.680011877,52.009640392200005,56.06245077749999,62.20637853644998,64.13660031040001,63.46026792112005,60.99353763881002,57.41928159302002,52.59440344760703,47.929454577475994,44.26471109128799,40.75941754989962,35.89493358752989,31.646639325517498,26.630783212024163,20.533081288988182,16.505925187695208,12.998424572760266,10.043547467975829,8.425734531536346,SSP4,released 4p5,Argentina,missing,missing,missing,missing,missing,missing,missing,missing,missing,MTC
30.3089825164,42.680011877,52.009640392200005,56.06245077749999,63.117680565380034,67.17084271983998,71.87004166151006,77.31848794246002,69.57387950888995,56.52024605754201,43.77326386896399,38.966128635679794,35.6072739700077,33.062333629055395,28.53219756710621,27.622690957875086,20.308538770523104,21.181486710817268,11.193174532626836,17.391488626716633,-3.6802657426746506,SSP5,released 4p5,Argentina,missing,missing,missing,missing,missing,missing,missing,missing,missing,MTC
15.573703409999998,17.907555672999994,21.705283382000005,26.053131339000004,28.900817128920018,31.755615822039992,34.146288921799986,37.19737271527,39.43337443818002,40.601654071849985,41.038524651934,41.696761270814015,42.53541597632201,42.53480578725549,42.09973971588097,40.733091708319165,38.446677812277066,35.72759448537691,32.873387776351464,30.243114659641492,28.30292122926116,SSP1,released 4p5,Colombia,missing,missing,missing,missing,missing,missing,missing,missing,missing,MTC
15.573703409999998,17.907555672999994,21.705283382000005,26.053131339000004,28.977337572099998,31.840278304780007,34.85104514720004,38.67929448296001,39.06855101503001,37.231405219240045,33.91093086412898,32.356911726837964,30.88485102041651,27.83639174964629,23.333250335200816,18.133907859153172,9.775681724275554,11.941688360500851,-26.600489812801534,-21.324925721901405,-31.887362565625153,SSP2,released 4p5,Colombia,missing,missing,missing,missing,missing,missing,missing,missing,missing,MTC
15.573703409999998,17.907555672999994,21.705283382000005,26.053131339000004,30.105966561099986,32.6830812631,35.4474071887,38.29658795156,32.65030721525997,25.95283510824,19.29340339690301,14.644558555470004,10.12980534752149,6.65416498874672,3.2991421567748707,-1.4062261941202359,-6.530671540594545,-11.992142140815318,-17.859835972094196,-23.727389321666546,-28.78289704605627,SSP3,released 4p5,Colombia,missing,missing,missing,missing,missing,missing,missing,missing,missing,MTC
15.573703409999998,17.907555672999994,21.705283382000005,26.053131339000004,29.830351788599998,32.06651689479999,33.74724667199,34.67285762480999,34.21932039459001,32.65520162592,30.546365159982024,29.213199472627007,28.1539223863835,26.026518698586415,22.81332209595021,18.026593819911096,12.253684334274134,8.470031820175988,5.17135123183343,2.3489752221646514,0.7154324233539036,SSP4,released 4p5,Colombia,missing,missing,missing,missing,missing,missing,missing,missing,missing,MTC
15.573703409999998,17.907555672999994,21.705283382000005,26.053131339000004,30.225462837399977,34.49510791940998,42.69362842425001,52.00394187122002,51.20384526807999,43.82217155814002,32.48385587208,28.964261633622037,26.438114992220502,24.282049961069994,17.51034328542714,15.837301508964647,5.446008818399381,6.8686395315749165,-7.772711961819745,1.0034516942843257,-27.516830284873702,SSP5,released 4p5,Colombia,missing,missing,missing,missing,missing,missing,missing,missing,missing,MTC
