,Unnamed: 0,1990,2005,2020,2025,2030,2035,2040,2045,2050,scenario,baseline,GCAM,sector,subsector,technology,output,concentration,input,product,fuel,LandLeaf,GHG,Units
0,0,0.0,0.0,0.0,0.0022084422199999,0.025649622,0.16347644,0.29315917,0.4659702,0.6713119000000001,innovation-rhodium18b,high,AK,CDR_regionalCDR_regionalCDR_regional,CDRCDRCDR,BECCSDACOEW,CDR_regionalCDR_regionalCDR_regional,missingmissingmissing,missingmissingmissing,missingmissingmissing,missingmissingmissing,missingmissingmissing,missingmissingmissing,Mt
1,1,0.0,0.0,0.0,0.0695097575,0.16660199,0.4678399,1.3014204,2.941479,6.795673,innovation-rhodium18b,high,AL,CDR_regionalCDR_regionalCDR_regionalCDR_regional,CDRCDRCDRCDR,BECCSDACOEWTEW,CDR_regionalCDR_regionalCDR_regionalCDR_regional,missingmissingmissingmissing,missingmissingmissingmissing,missingmissingmissingmissing,missingmissingmissingmissing,missingmissingmissingmissing,missingmissingmissingmissing,Mt
2,2,0.0,0.0,0.0,0.0541946368,0.13041047,0.364398,1.0332629,2.198867,4.47029,innovation-rhodium18b,high,AR,CDR_regionalCDR_regionalCDR_regional,CDRCDRCDR,BECCSDACTEW,CDR_regionalCDR_regionalCDR_regional,missingmissingmissing,missingmissingmissing,missingmissingmissing,missingmissingmissing,missingmissingmissing,missingmissingmissing,Mt
3,3,0.0,0.0,0.0,0.0696315571999999,0.18181677,0.3953054,1.149526,2.631093,5.1607,innovation-rhodium18b,high,AZ,CDR_regionalCDR_regionalCDR_regional,CDRCDRCDR,BECCSDACTEW,CDR_regionalCDR_regionalCDR_regional,missingmissingmissing,missingmissingmissing,missingmissingmissing,missingmissingmissing,missingmissingmissing,missingmissingmissing,Mt
4,4,0.0,0.0,0.0,,,0.2772409,0.4345969,0.6482789,0.938259,innovation-rhodium18b,high,Africa_Eastern,CDR_regionalCDR_regionalCDR_regionalCDR_regional,CDRCDRCDRCDR,BECCSDACOEWTEW,CDR_regionalCDR_regionalCDR_regionalCDR_regional,missingmissingmissingmissing,missingmissingmissingmissing,missingmissingmissingmissing,missingmissingmissingmissing,missingmissingmissingmissing,missingmissingmissingmissing,Mt
5,5,0.0,0.0,0.0,,,0.3009618,0.4006344,0.4758603,0.5521153,innovation-rhodium18b,high,Africa_Northern,CDR_regionalCDR_regionalCDR_regionalCDR_regional,CDRCDRCDRCDR,BECCSDACOEWTEW,CDR_regionalCDR_regionalCDR_regionalCDR_regional,missingmissingmissingmissing,missingmissingmissingmissing,missingmissingmissingmissing,missingmissingmissingmissing,missingmissingmissingmissing,missingmissingmissingmissing,Mt
6,6,0.0,0.0,0.0,,,0.05496523,0.0713283,0.0962037,0.1302468,innovation-rhodium18b,high,Africa_Southern,CDR_regionalCDR_regionalCDR_regionalCDR_regional,CDRCDRCDRCDR,BECCSDACOEWTEW,CDR_regionalCDR_regionalCDR_regionalCDR_regional,missingmissingmissingmissing,missingmissingmissingmissing,missingmissingmissingmissing,missingmissingmissingmissing,missingmissingmissingmissing,missingmissingmissingmissing,Mt
7,7,0.0,0.0,0.0,,,0.3867781,0.5835828000000001,0.8044830000000001,1.060381,innovation-rhodium18b,high,Africa_Western,CDR_regionalCDR_regionalCDR_regionalCDR_regional,CDRCDRCDRCDR,BECCSDACOEWTEW,CDR_regionalCDR_regionalCDR_regionalCDR_regional,missingmissingmissingmissing,missingmissingmissingmissing,missingmissingmissingmissing,missingmissingmissingmissing,missingmissingmissingmissing,missingmissingmissingmissing,Mt
8,8,0.0,0.0,0.0,,,0.2105571,0.318596,0.3913435,0.4551101,innovation-rhodium18b,high,Argentina,CDR_regionalCDR_regionalCDR_regionalCDR_regional,CDRCDRCDRCDR,BECCSDACOEWTEW,CDR_regionalCDR_regionalCDR_regionalCDR_regional,missingmissingmissingmissing,missingmissingmissingmissing,missingmissingmissingmissing,missingmissingmissingmissing,missingmissingmissingmissing,missingmissingmissingmissing,Mt
9,9,0.0,0.0,0.0,,,0.7528146,0.953313,1.063737,1.204293,innovation-rhodium18b,high,Australia_NZ,CDR_regionalCDR_regionalCDR_regionalCDR_regional,CDRCDRCDRCDR,BECCSDACOEWTEW,CDR_regionalCDR_regionalCDR_regionalCDR_regional,missingmissingmissingmissing,missingmissingmissingmissing,missingmissingmissingmissing,missingmissingmissingmissing,missingmissingmissingmissing,missingmissingmissingmissing,Mt
10,10,0.0,0.0,0.0,,,0.6708845,1.147841,1.31616,1.497825,innovation-rhodium18b,high,Brazil,CDR_regionalCDR_regionalCDR_regionalCDR_regional,CDRCDRCDRCDR,BECCSDACOEWTEW,CDR_regionalCDR_regionalCDR_regionalCDR_regional,missingmissingmissingmissing,missingmissingmissingmissing,missingmissingmissingmissing,missingmissingmissingmissing,missingmissingmissingmissing,missingmissingmissingmissing,Mt
11,11,0.0,0.0,0.0,0.1797184771,0.4808695,1.6670120000000002,3.371132,9.58841,26.73648,innovation-rhodium18b,high,CA,CDR_regionalCDR_regionalCDR_regionalCDR_regional,CDRCDRCDRCDR,BECCSDACOEWTEW,CDR_regionalCDR_regionalCDR_regionalCDR_regional,missingmissingmissingmissing,missingmissingmissingmissing,missingmissingmissingmissing,missingmissingmissingmissing,missingmissingmissingmissing,missingmissingmissingmissing,Mt
12,12,0.0,0.0,0.0,0.0836974177,0.21873398,0.4702383,1.365079,3.007985,7.64422,innovation-rhodium18b,high,CO,CDR_regionalCDR_regionalCDR_regional,CDRCDRCDR,BECCSDACTEW,CDR_regionalCDR_regionalCDR_regional,missingmissingmissing,missingmissingmissing,missingmissingmissing,missingmissingmissing,missingmissingmissing,missingmissingmissing,Mt
13,13,0.0,0.0,0.0,0.00984884896,0.03179779,0.1487680599999999,0.4044961,1.3749485,2.239472,innovation-rhodium18b,high,CT,CDR_regionalCDR_regionalCDR_regionalCDR_regional,CDRCDRCDRCDR,BECCSDACOEWTEW,CDR_regionalCDR_regionalCDR_regionalCDR_regional,missingmissingmissingmissing,missingmissingmissingmissing,missingmissingmissingmissing,missingmissingmissingmissing,missingmissingmissingmissing,missingmissingmissingmissing,Mt
14,14,0.0,0.0,0.0,,,0.5979345,0.8083815999999999,0.8817510000000001,1.017808,innovation-rhodium18b,high,Canada,CDR_regionalCDR_regionalCDR_regionalCDR_regional,CDRCDRCDRCDR,BECCSDACOEWTEW,CDR_regionalCDR_regionalCDR_regionalCDR_regional,missingmissingmissingmissing,missingmissingmissingmissing,missingmissingmissingmissing,missingmissingmissingmissing,missingmissingmissingmissing,missingmissingmissingmissing,Mt
15,15,0.0,0.0,0.0,,,0.1241883,0.1676363,0.1947681,0.2454803,innovation-rhodium18b,high,Central America and Caribbean,CDR_regionalCDR_regionalCDR_regionalCDR_regional,CDRCDRCDRCDR,BECCSDACOEWTEW,CDR_regionalCDR_regionalCDR_regionalCDR_regional,missingmissingmissingmissing,missingmissingmissingmissing,missingmissingmissingmissing,missingmissingmissingmissing,missingmissingmissingmissing,missingmissingmissingmissing,Mt
16,16,0.0,0.0,0.0,,,0.2138151,0.2828968,0.3227821,0.3616792,innovation-rhodium18b,high,Central Asia,CDR_regionalCDR_regionalCDR_regionalCDR_regional,CDRCDRCDRCDR,BECCSDACOEWTEW,CDR_regionalCDR_regionalCDR_regionalCDR_regional,missingmissingmissingmissing,missingmissingmissingmissing,missingmissingmissingmissing,missingmissingmissingmissing,missingmissingmissingmissing,missingmissingmissingmissing,Mt
17,17,0.0,0.0,0.0,,,5.019775,6.318268,6.845134,7.459635,innovation-rhodium18b,high,China,CDR_regionalCDR_regionalCDR_regionalCDR_regional,CDRCDRCDRCDR,BECCSDACOEWTEW,CDR_regionalCDR_regionalCDR_regionalCDR_regional,missingmissingmissingmissing,missingmissingmissingmissing,missingmissingmissingmissing,missingmissingmissingmissing,missingmissingmissingmissing,missingmissingmissingmissing,Mt
18,18,0.0,0.0,0.0,,,0.1670871,0.2251604999999999,0.2728879999999999,0.3293972,innovation-rhodium18b,high,Colombia,CDR_regionalCDR_regionalCDR_regionalCDR_regional,CDRCDRCDRCDR,BECCSDACOEWTEW,CDR_regionalCDR_regionalCDR_regionalCDR_regional,missingmissingmissingmissing,missingmissingmissingmissing,missingmissingmissingmissing,missingmissingmissingmissing,missingmissingmissingmissing,missingmissingmissingmissing,Mt
19,19,0.0,0.0,0.0,0.0057407779,0.01551906,0.0588097199999999,0.17090915,0.56709,2.211558,innovation-rhodium18b,high,DE,CDR_regionalCDR_regionalCDR_regionalCDR_regional,CDRCDRCDRCDR,BECCSDACOEWTEW,CDR_regionalCDR_regionalCDR_regionalCDR_regional,missingmissingmissingmissing,missingmissingmissingmissing,missingmissingmissingmissing,missingmissingmissingmissing,missingmissingmissingmissing,missingmissingmissingmissing,Mt
20,20,0.0,0.0,0.0,,,0.5007424,0.6162607,0.682878,0.742575,innovation-rhodium18b,high,EU-12,CDR_regionalCDR_regionalCDR_regionalCDR_regional,CDRCDRCDRCDR,BECCSDACOEWTEW,CDR_regionalCDR_regionalCDR_regionalCDR_regional,missingmissingmissingmissing,missingmissingmissingmissing,missingmissingmissingmissing,missingmissingmissingmissing,missingmissingmissingmissing,missingmissingmissingmissing,Mt
21,21,0.0,0.0,0.0,,,4.506523,5.868312,6.810419,7.387786,innovation-rhodium18b,high,EU-15,CDR_regionalCDR_regionalCDR_regionalCDR_regional,CDRCDRCDRCDR,BECCSDACOEWTEW,CDR_regionalCDR_regionalCDR_regionalCDR_regional,missingmissingmissingmissing,missingmissingmissingmissing,missingmissingmissingmissing,missingmissingmissingmissing,missingmissingmissingmissing,missingmissingmissingmissing,Mt
22,22,0.0,0.0,0.0,,,0.07184286,0.0980262,0.1271112,0.1553661999999999,innovation-rhodium18b,high,Europe_Eastern,CDR_regionalCDR_regionalCDR_regionalCDR_regional,CDRCDRCDRCDR,BECCSDACOEWTEW,CDR_regionalCDR_regionalCDR_regionalCDR_regional,missingmissingmissingmissing,missingmissingmissingmissing,missingmissingmissingmissing,missingmissingmissingmissing,missingmissingmissingmissing,missingmissingmissingmissing,Mt
23,23,0.0,0.0,0.0,,,0.495034,0.6029159,0.6480542,0.6974618,innovation-rhodium18b,high,Europe_Non_EU,CDR_regionalCDR_regionalCDR_regionalCDR_regional,CDRCDRCDRCDR,BECCSDACOEWTEW,CDR_regionalCDR_regionalCDR_regionalCDR_regional,missingmissingmissingmissing,missingmissingmissingmissing,missingmissingmissingmissing,missingmissingmissingmissing,missingmissingmissingmissing,missingmissingmissingmissing,Mt
24,24,0.0,0.0,0.0,,,0.38815169,0.6206413000000001,0.8455102,0.978979,innovation-rhodium18b,high,European Free Trade Association,CDR_regionalCDR_regionalCDR_regionalCDR_regional,CDRCDRCDRCDR,BECCSDACOEWTEW,CDR_regionalCDR_regionalCDR_regionalCDR_regional,missingmissingmissingmissing,missingmissingmissingmissing,missingmissingmissingmissing,missingmissingmissingmissing,missingmissingmissingmissing,missingmissingmissingmissing,Mt
25,25,0.0,0.0,0.0,0.1706876378,0.38392238,1.2506416,3.079031,8.615291,29.86007,innovation-rhodium18b,high,FL,CDR_regionalCDR_regionalCDR_regionalCDR_regional,CDRCDRCDRCDR,BECCSDACOEWTEW,CDR_regionalCDR_regionalCDR_regionalCDR_regional,missingmissingmissingmissing,missingmissingmissingmissing,missingmissingmissingmissing,missingmissingmissingmissing,missingmissingmissingmissing,missingmissingmissingmissing,Mt
26,26,0.0,0.0,0.0,0.076295789,0.18248655,0.5239551,1.4685964,3.284649,8.00722,innovation-rhodium18b,high,GA,CDR_regionalCDR_regionalCDR_regionalCDR_regional,CDRCDRCDRCDR,BECCSDACOEWTEW,CDR_regionalCDR_regionalCDR_regionalCDR_regional,missingmissingmissingmissing,missingmissingmissingmissing,missingmissingmissingmissing,missingmissingmissingmissing,missingmissingmissingmissing,missingmissingmissingmissing,Mt
27,27,0.0,0.0,0.0,0.0755370279999999,0.18940553,0.5181198,1.512244,3.210406,8.58181,innovation-rhodium18b,high,IA,CDR_regionalCDR_regionalCDR_regional,CDRCDRCDR,BECCSDACTEW,CDR_regionalCDR_regionalCDR_regional,missingmissingmissing,missingmissingmissing,missingmissingmissing,missingmissingmissing,missingmissingmissing,missingmissingmissing,Mt
28,28,0.0,0.0,0.0,0.01841302887,0.05255186,0.1407635,0.4382665,1.6698406,4.256518,innovation-rhodium18b,high,ID,CDR_regionalCDR_regionalCDR_regional,CDRCDRCDR,BECCSDACTEW,CDR_regionalCDR_regionalCDR_regional,missingmissingmissing,missingmissingmissing,missingmissingmissing,missingmissingmissing,missingmissingmissing,missingmissingmissing,Mt
29,29,0.0,0.0,0.0,0.113667416,0.29282884,0.9695895,2.208638,5.533409,16.59925,innovation-rhodium18b,high,IL,CDR_regionalCDR_regionalCDR_regionalCDR_regional,CDRCDRCDRCDR,BECCSDACOEWTEW,CDR_regionalCDR_regionalCDR_regionalCDR_regional,missingmissingmissingmissing,missingmissingmissingmissing,missingmissingmissingmissing,missingmissingmissingmissing,missingmissingmissingmissing,missingmissingmissingmissing,Mt
30,30,0.0,0.0,0.0,0.1278112266,0.3097839,0.8952407,1.7129659999999998,4.037285000000001,9.65105,innovation-rhodium18b,high,IN,CDR_regionalCDR_regionalCDR_regional,CDRCDRCDR,BECCSDACTEW,CDR_regionalCDR_regionalCDR_regional,missingmissingmissing,missingmissingmissing,missingmissingmissing,missingmissingmissing,missingmissingmissing,missingmissingmissing,Mt
31,31,0.0,0.0,0.0,,,1.42502,1.908015,2.27427,2.670607,innovation-rhodium18b,high,India,CDR_regionalCDR_regionalCDR_regionalCDR_regional,CDRCDRCDRCDR,BECCSDACOEWTEW,CDR_regionalCDR_regionalCDR_regionalCDR_regional,missingmissingmissingmissing,missingmissingmissingmissing,missingmissingmissingmissing,missingmissingmissingmissing,missingmissingmissingmissing,missingmissingmissingmissing,Mt
32,32,0.0,0.0,0.0,,,0.529562,0.6359552,0.735448,0.829507,innovation-rhodium18b,high,Indonesia,CDR_regionalCDR_regionalCDR_regionalCDR_regional,CDRCDRCDRCDR,BECCSDACOEWTEW,CDR_regionalCDR_regionalCDR_regionalCDR_regional,missingmissingmissingmissing,missingmissingmissingmissing,missingmissingmissingmissing,missingmissingmissingmissing,missingmissingmissingmissing,missingmissingmissingmissing,Mt
33,33,0.0,0.0,0.0,,,2.2322768,2.8875147,3.8555711,4.502339,innovation-rhodium18b,high,Japan,CDR_regionalCDR_regionalCDR_regionalCDR_regional,CDRCDRCDRCDR,BECCSDACOEWTEW,CDR_regionalCDR_regionalCDR_regionalCDR_regional,missingmissingmissingmissing,missingmissingmissingmissing,missingmissingmissingmissing,missingmissingmissingmissing,missingmissingmissingmissing,missingmissingmissingmissing,Mt
34,34,0.0,0.0,0.0,0.0696122981,0.1850369899999999,0.4002477,1.144023,2.528925,6.32841,innovation-rhodium18b,high,KS,CDR_regionalCDR_regionalCDR_regional,CDRCDRCDR,BECCSDACTEW,CDR_regionalCDR_regionalCDR_regional,missingmissingmissing,missingmissingmissing,missingmissingmissing,missingmissingmissing,missingmissingmissing,missingmissingmissing,Mt
35,35,0.0,0.0,0.0,0.0795418036,0.19280448,0.5540423999999999,1.590165,2.916597,6.26486,innovation-rhodium18b,high,KY,CDR_regionalCDR_regionalCDR_regional,CDRCDRCDR,BECCSDACTEW,CDR_regionalCDR_regionalCDR_regional,missingmissingmissing,missingmissingmissing,missingmissingmissing,missingmissingmissing,missingmissingmissing,missingmissingmissing,Mt
36,36,0.0,0.0,0.0,0.1239692901,0.2965339,0.8249753,1.808531,3.955564,10.02008,innovation-rhodium18b,high,LA,CDR_regionalCDR_regionalCDR_regionalCDR_regional,CDRCDRCDRCDR,BECCSDACOEWTEW,CDR_regionalCDR_regionalCDR_regionalCDR_regional,missingmissingmissingmissing,missingmissingmissingmissing,missingmissingmissingmissing,missingmissingmissingmissing,missingmissingmissingmissing,missingmissingmissingmissing,Mt
37,37,0.0,0.0,0.0,0.0165536033,0.05398328,0.2491145,0.6735675999999999,1.6036513,2.748138,innovation-rhodium18b,high,MA,CDR_regionalCDR_regionalCDR_regionalCDR_regional,CDRCDRCDRCDR,BECCSDACOEWTEW,CDR_regionalCDR_regionalCDR_regionalCDR_regional,missingmissingmissingmissing,missingmissingmissingmissing,missingmissingmissingmissing,missingmissingmissingmissing,missingmissingmissingmissing,missingmissingmissingmissing,Mt
38,38,0.0,0.0,0.0,0.028669136,0.07403129,0.284726,0.8221148,2.633604,5.144693999999999,innovation-rhodium18b,high,MD,CDR_regionalCDR_regionalCDR_regionalCDR_regional,CDRCDRCDRCDR,BECCSDACOEWTEW,CDR_regionalCDR_regionalCDR_regionalCDR_regional,missingmissingmissingmissing,missingmissingmissingmissing,missingmissingmissingmissing,missingmissingmissingmissing,missingmissingmissingmissing,missingmissingmissingmissing,Mt
39,39,0.0,0.0,0.0,0.003721954,0.012918132,0.0597432399999999,0.16891344,0.5951607999999999,1.7575794,innovation-rhodium18b,high,ME,CDR_regionalCDR_regionalCDR_regionalCDR_regional,CDRCDRCDRCDR,BECCSDACOEWTEW,CDR_regionalCDR_regionalCDR_regionalCDR_regional,missingmissingmissingmissing,missingmissingmissingmissing,missingmissingmissingmissing,missingmissingmissingmissing,missingmissingmissingmissing,missingmissingmissingmissing,Mt
40,40,0.0,0.0,0.0,0.1034593489,0.2507553999999999,0.7286525,1.609631,3.564832,7.933590000000001,innovation-rhodium18b,high,MI,CDR_regionalCDR_regionalCDR_regional,CDRCDRCDR,BECCSDACTEW,CDR_regionalCDR_regionalCDR_regional,missingmissingmissing,missingmissingmissing,missingmissingmissing,missingmissingmissing,missingmissingmissing,missingmissingmissing,Mt
41,41,0.0,0.0,0.0,0.0704307665999999,0.17657418,0.4824315999999999,1.406388,3.019056,7.69855,innovation-rhodium18b,high,MN,CDR_regionalCDR_regionalCDR_regional,CDRCDRCDR,BECCSDACTEW,CDR_regionalCDR_regionalCDR_regional,missingmissingmissing,missingmissingmissing,missingmissingmissing,missingmissingmissing,missingmissingmissing,missingmissingmissing,Mt
42,42,0.0,0.0,0.0,0.0734659151,0.19211107,0.6129179,1.419207,3.045843,7.4708,innovation-rhodium18b,high,MO,CDR_regionalCDR_regionalCDR_regional,CDRCDRCDR,BECCSDACTEW,CDR_regionalCDR_regionalCDR_regional,missingmissingmissing,missingmissingmissing,missingmissingmissing,missingmissingmissing,missingmissingmissing,missingmissingmissing,Mt
43,43,0.0,0.0,0.0,0.042680853,0.10235889,0.2833136,0.7854473000000001,2.275444,4.662342,innovation-rhodium18b,high,MS,CDR_regionalCDR_regionalCDR_regionalCDR_regional,CDRCDRCDRCDR,BECCSDACOEWTEW,CDR_regionalCDR_regionalCDR_regionalCDR_regional,missingmissingmissingmissing,missingmissingmissingmissing,missingmissingmissingmissing,missingmissingmissingmissing,missingmissingmissingmissing,missingmissingmissingmissing,Mt
44,44,0.0,0.0,0.0,0.0257080061,0.07330259,0.1858138999999999,0.552263,2.041803,4.831415,innovation-rhodium18b,high,MT,CDR_regionalCDR_regionalCDR_regional,CDRCDRCDR,BECCSDACTEW,CDR_regionalCDR_regionalCDR_regional,missingmissingmissing,missingmissingmissing,missingmissingmissing,missingmissingmissing,missingmissingmissing,missingmissingmissing,Mt
45,45,0.0,0.0,0.0,,,0.5243152,0.6723072,0.7403492,0.8141639,innovation-rhodium18b,high,Mexico,CDR_regionalCDR_regionalCDR_regionalCDR_regional,CDRCDRCDRCDR,BECCSDACOEWTEW,CDR_regionalCDR_regionalCDR_regionalCDR_regional,missingmissingmissingmissing,missingmissingmissingmissing,missingmissingmissingmissing,missingmissingmissingmissing,missingmissingmissingmissing,missingmissingmissingmissing,Mt
46,46,0.0,0.0,0.0,,,0.7343554,0.858966,1.000102,1.187954,innovation-rhodium18b,high,Middle East,CDR_regionalCDR_regionalCDR_regionalCDR_regional,CDRCDRCDRCDR,BECCSDACOEWTEW,CDR_regionalCDR_regionalCDR_regionalCDR_regional,missingmissingmissingmissing,missingmissingmissingmissing,missingmissingmissingmissing,missingmissingmissingmissing,missingmissingmissingmissing,missingmissingmissingmissing,Mt
47,47,0.0,0.0,0.0,0.0715040129,0.1719086,0.5150079,1.4746231,3.612104,8.757833,innovation-rhodium18b,high,NC,CDR_regionalCDR_regionalCDR_regionalCDR_regional,CDRCDRCDRCDR,BECCSDACOEWTEW,CDR_regionalCDR_regionalCDR_regionalCDR_regional,missingmissingmissingmissing,missingmissingmissingmissing,missingmissingmissingmissing,missingmissingmissingmissing,missingmissingmissingmissing,missingmissingmissingmissing,Mt
48,48,0.0,0.0,0.0,0.0521370253999999,0.13098116,0.3532748,1.008473,2.26194,5.232085,innovation-rhodium18b,high,ND,CDR_regionalCDR_regionalCDR_regional,CDRCDRCDR,BECCSDACTEW,CDR_regionalCDR_regionalCDR_regional,missingmissingmissing,missingmissingmissing,missingmissingmissing,missingmissingmissing,missingmissingmissing,missingmissingmissing,Mt
49,49,0.0,0.0,0.0,0.0532044075,0.1336976799999999,0.360133,1.02677,2.273822,5.365222,innovation-rhodium18b,high,NE,CDR_regionalCDR_regionalCDR_regional,CDRCDRCDR,BECCSDACTEW,CDR_regionalCDR_regionalCDR_regional,missingmissingmissing,missingmissingmissing,missingmissingmissing,missingmissingmissing,missingmissingmissing,missingmissingmissing,Mt
50,50,0.0,0.0,0.0,0.0034362788,0.011805927,0.0551353,0.15331424,0.5183551000000001,1.564873,innovation-rhodium18b,high,NH,CDR_regionalCDR_regionalCDR_regionalCDR_regional,CDRCDRCDRCDR,BECCSDACOEWTEW,CDR_regionalCDR_regionalCDR_regionalCDR_regional,missingmissingmissingmissing,missingmissingmissingmissing,missingmissingmissingmissing,missingmissingmissingmissing,missingmissingmissingmissing,missingmissingmissingmissing,Mt
51,51,0.0,0.0,0.0,0.0490877882,0.1261083399999999,0.4675615999999999,1.2784671,2.928761,6.875736000000001,innovation-rhodium18b,high,NJ,CDR_regionalCDR_regionalCDR_regionalCDR_regional,CDRCDRCDRCDR,BECCSDACOEWTEW,CDR_regionalCDR_regionalCDR_regionalCDR_regional,missingmissingmissingmissing,missingmissingmissingmissing,missingmissingmissingmissing,missingmissingmissingmissing,missingmissingmissingmissing,missingmissingmissingmissing,Mt
52,52,0.0,0.0,0.0,0.049842316,0.12999135,0.2858682999999999,0.8486049,2.526373,5.471229,innovation-rhodium18b,high,NM,CDR_regionalCDR_regionalCDR_regional,CDRCDRCDR,BECCSDACTEW,CDR_regionalCDR_regionalCDR_regional,missingmissingmissing,missingmissingmissing,missingmissingmissing,missingmissingmissing,missingmissingmissing,missingmissingmissing,Mt
53,53,0.0,0.0,0.0,0.02341082327,0.0667975,0.1775753,0.5456263,2.001714,4.067016,innovation-rhodium18b,high,NV,CDR_regionalCDR_regionalCDR_regional,CDRCDRCDR,BECCSDACTEW,CDR_regionalCDR_regionalCDR_regional,missingmissingmissing,missingmissingmissing,missingmissingmissing,missingmissingmissing,missingmissingmissing,missingmissingmissing,Mt
54,54,0.0,0.0,0.0,0.0691303935,0.1968056,0.7758094999999999,2.069263,5.604206,16.56968,innovation-rhodium18b,high,NY,CDR_regionalCDR_regionalCDR_regionalCDR_regional,CDRCDRCDRCDR,BECCSDACOEWTEW,CDR_regionalCDR_regionalCDR_regionalCDR_regional,missingmissingmissingmissing,missingmissingmissingmissing,missingmissingmissingmissing,missingmissingmissingmissing,missingmissingmissingmissing,missingmissingmissingmissing,Mt
55,55,0.0,0.0,0.0,0.1346793942,0.3266261,0.9631329,1.861827,4.534356,10.55047,innovation-rhodium18b,high,OH,CDR_regionalCDR_regionalCDR_regional,CDRCDRCDR,BECCSDACTEW,CDR_regionalCDR_regionalCDR_regional,missingmissingmissing,missingmissingmissing,missingmissingmissing,missingmissingmissing,missingmissingmissing,missingmissingmissing,Mt
56,56,0.0,0.0,0.0,0.0901303277,0.23888066,0.5253448000000001,1.542679,3.450504,9.0596,innovation-rhodium18b,high,OK,CDR_regionalCDR_regionalCDR_regional,CDRCDRCDR,BECCSDACTEW,CDR_regionalCDR_regionalCDR_regional,missingmissingmissing,missingmissingmissing,missingmissingmissing,missingmissingmissing,missingmissingmissing,missingmissingmissing,Mt
57,57,0.0,0.0,0.0,0.02536079305,0.07218546,0.1821329,0.5353157000000001,1.986325,4.713644,innovation-rhodium18b,high,OR,CDR_regionalCDR_regionalCDR_regionalCDR_regional,CDRCDRCDRCDR,BECCSDACOEWTEW,CDR_regionalCDR_regionalCDR_regionalCDR_regional,missingmissingmissingmissing,missingmissingmissingmissing,missingmissingmissingmissing,missingmissingmissingmissing,missingmissingmissingmissing,missingmissingmissingmissing,Mt
58,58,0.0,0.0,0.0,0.1083350437,0.2786122,1.0324564,2.449616,5.913486,14.40397,innovation-rhodium18b,high,PA,CDR_regionalCDR_regionalCDR_regionalCDR_regional,CDRCDRCDRCDR,BECCSDACOEWTEW,CDR_regionalCDR_regionalCDR_regionalCDR_regional,missingmissingmissingmissing,missingmissingmissingmissing,missingmissingmissingmissing,missingmissingmissingmissing,missingmissingmissingmissing,missingmissingmissingmissing,Mt
59,59,0.0,0.0,0.0,,,0.06706298,0.0973373999999999,0.1298618,0.1609262,innovation-rhodium18b,high,Pakistan,CDR_regionalCDR_regionalCDR_regionalCDR_regional,CDRCDRCDRCDR,BECCSDACOEWTEW,CDR_regionalCDR_regionalCDR_regionalCDR_regional,missingmissingmissingmissing,missingmissingmissingmissing,missingmissingmissingmissing,missingmissingmissingmissing,missingmissingmissingmissing,missingmissingmissingmissing,Mt
60,60,0.0,0.0,0.0,0.0026680472,0.009242716,0.04250109,0.11470947,0.4032744,1.3983684,innovation-rhodium18b,high,RI,CDR_regionalCDR_regionalCDR_regionalCDR_regional,CDRCDRCDRCDR,BECCSDACOEWTEW,CDR_regionalCDR_regionalCDR_regionalCDR_regional,missingmissingmissingmissing,missingmissingmissingmissing,missingmissingmissingmissing,missingmissingmissingmissing,missingmissingmissingmissing,missingmissingmissingmissing,Mt
61,61,0.0,0.0,0.0,,,0.6456562,0.8055635,0.8543608,0.913447,innovation-rhodium18b,high,Russia,CDR_regionalCDR_regionalCDR_regionalCDR_regional,CDRCDRCDRCDR,BECCSDACOEWTEW,CDR_regionalCDR_regionalCDR_regionalCDR_regional,missingmissingmissingmissing,missingmissingmissingmissing,missingmissingmissingmissing,missingmissingmissingmissing,missingmissingmissingmissing,missingmissingmissingmissing,Mt
62,62,0.0,0.0,0.0,0.0426085994,0.1019810999999999,0.3020766,0.8582198,2.573132,5.351519,innovation-rhodium18b,high,SC,CDR_regionalCDR_regionalCDR_regionalCDR_regional,CDRCDRCDRCDR,BECCSDACOEWTEW,CDR_regionalCDR_regionalCDR_regionalCDR_regional,missingmissingmissingmissing,missingmissingmissingmissing,missingmissingmissingmissing,missingmissingmissingmissing,missingmissingmissingmissing,missingmissingmissingmissing,Mt
63,63,0.0,0.0,0.0,0.0236104923799999,0.05932144,0.1599614,0.4567252,1.623009,3.213158,innovation-rhodium18b,high,SD,CDR_regionalCDR_regionalCDR_regional,CDRCDRCDR,BECCSDACTEW,CDR_regionalCDR_regionalCDR_regional,missingmissingmissing,missingmissingmissing,missingmissingmissing,missingmissingmissing,missingmissingmissing,missingmissingmissing,Mt
64,64,0.0,0.0,0.0,,,0.1212809,0.1553549,0.1769717,0.1970685,innovation-rhodium18b,high,South Africa,CDR_regionalCDR_regionalCDR_regionalCDR_regional,CDRCDRCDRCDR,BECCSDACOEWTEW,CDR_regionalCDR_regionalCDR_regionalCDR_regional,missingmissingmissingmissing,missingmissingmissingmissing,missingmissingmissingmissing,missingmissingmissingmissing,missingmissingmissingmissing,missingmissingmissingmissing,Mt
65,65,0.0,0.0,0.0,,,0.0234129699999999,0.03570243,0.04467229,0.05498811,innovation-rhodium18b,high,South America_Northern,CDR_regionalCDR_regionalCDR_regionalCDR_regional,CDRCDRCDRCDR,BECCSDACOEWTEW,CDR_regionalCDR_regionalCDR_regionalCDR_regional,missingmissingmissingmissing,missingmissingmissingmissing,missingmissingmissingmissing,missingmissingmissingmissing,missingmissingmissingmissing,missingmissingmissingmissing,Mt
66,66,0.0,0.0,0.0,,,0.2844572,0.3810775,0.4482929,0.5323431,innovation-rhodium18b,high,South America_Southern,CDR_regionalCDR_regionalCDR_regionalCDR_regional,CDRCDRCDRCDR,BECCSDACOEWTEW,CDR_regionalCDR_regionalCDR_regionalCDR_regional,missingmissingmissingmissing,missingmissingmissingmissing,missingmissingmissingmissing,missingmissingmissingmissing,missingmissingmissingmissing,missingmissingmissingmissing,Mt
67,67,0.0,0.0,0.0,,,0.1494996,0.2114362,0.2521316,0.2964602,innovation-rhodium18b,high,South Asia,CDR_regionalCDR_regionalCDR_regionalCDR_regional,CDRCDRCDRCDR,BECCSDACOEWTEW,CDR_regionalCDR_regionalCDR_regionalCDR_regional,missingmissingmissingmissing,missingmissingmissingmissing,missingmissingmissingmissing,missingmissingmissingmissing,missingmissingmissingmissing,missingmissingmissingmissing,Mt
68,68,0.0,0.0,0.0,,,0.2423163,0.2364753,0.2395716,0.2332831,innovation-rhodium18b,high,South Korea,CDR_regionalCDR_regionalCDR_regionalCDR_regional,CDRCDRCDRCDR,BECCSDACOEWTEW,CDR_regionalCDR_regionalCDR_regionalCDR_regional,missingmissingmissingmissing,missingmissingmissingmissing,missingmissingmissingmissing,missingmissingmissingmissing,missingmissingmissingmissing,missingmissingmissingmissing,Mt
69,69,0.0,0.0,0.0,,,0.948379,1.189732,1.371242,1.583896,innovation-rhodium18b,high,Southeast Asia,CDR_regionalCDR_regionalCDR_regionalCDR_regional,CDRCDRCDRCDR,BECCSDACOEWTEW,CDR_regionalCDR_regionalCDR_regionalCDR_regional,missingmissingmissingmissing,missingmissingmissingmissing,missingmissingmissingmissing,missingmissingmissingmissing,missingmissingmissingmissing,missingmissingmissingmissing,Mt
70,70,0.0,0.0,0.0,0.0656831368,0.15796133,0.445173,1.270407,2.460242,5.07691,innovation-rhodium18b,high,TN,CDR_regionalCDR_regionalCDR_regional,CDRCDRCDR,BECCSDACTEW,CDR_regionalCDR_regionalCDR_regional,missingmissingmissing,missingmissingmissing,missingmissingmissing,missingmissingmissing,missingmissingmissing,missingmissingmissing,Mt
71,71,0.0,0.0,0.0,0.79161238886,2.1005019000000003,2.448116,6.003229,19.57436,65.56578999999999,innovation-rhodium18b,high,TX,CDR_regionalCDR_regionalCDR_regionalCDR_regional,CDRCDRCDRCDR,BECCSDACOEWTEW,CDR_regionalCDR_regionalCDR_regionalCDR_regional,missingmissingmissingmissing,missingmissingmissingmissing,missingmissingmissingmissing,missingmissingmissingmissing,missingmissingmissingmissing,missingmissingmissingmissing,Mt
72,72,0.0,0.0,0.0,,,0.3195057,0.3212821,0.2936729,0.2553313,innovation-rhodium18b,high,Taiwan,CDR_regionalCDR_regionalCDR_regional,CDRCDRCDR,BECCSDACOEW,CDR_regionalCDR_regionalCDR_regional,missingmissingmissing,missingmissingmissing,missingmissingmissing,missingmissingmissing,missingmissingmissing,missingmissingmissing,Mt
73,73,0.0,0.0,0.0,0.0378532645,0.10797877,0.2734901,0.7983599,2.178126,3.862416,innovation-rhodium18b,high,UT,CDR_regionalCDR_regionalCDR_regional,CDRCDRCDR,BECCSDACTEW,CDR_regionalCDR_regionalCDR_regional,missingmissingmissing,missingmissingmissing,missingmissingmissing,missingmissingmissing,missingmissingmissing,missingmissingmissing,Mt
74,74,0.0,0.0,0.0,0.0637680899,0.15301838,0.4669738,1.3518895,3.438989,7.854456,innovation-rhodium18b,high,VA,CDR_regionalCDR_regionalCDR_regionalCDR_regional,CDRCDRCDRCDR,BECCSDACOEWTEW,CDR_regionalCDR_regionalCDR_regionalCDR_regional,missingmissingmissingmissing,missingmissingmissingmissing,missingmissingmissingmissing,missingmissingmissingmissing,missingmissingmissingmissing,missingmissingmissingmissing,Mt
75,75,0.0,0.0,0.0,0.0018207051,0.006615001,0.03231718,0.09495811,0.3383466,1.3925664,innovation-rhodium18b,high,VT,CDR_regionalCDR_regionalCDR_regional,CDRCDRCDR,BECCSDACTEW,CDR_regionalCDR_regionalCDR_regional,missingmissingmissing,missingmissingmissing,missingmissingmissing,missingmissingmissing,missingmissingmissing,missingmissingmissing,Mt
76,76,0.0,0.0,0.0,0.0472954197,0.13297893,0.3556633,1.0648265,3.241765,7.593881,innovation-rhodium18b,high,WA,CDR_regionalCDR_regionalCDR_regionalCDR_regional,CDRCDRCDRCDR,BECCSDACOEWTEW,CDR_regionalCDR_regionalCDR_regionalCDR_regional,missingmissingmissingmissing,missingmissingmissingmissing,missingmissingmissingmissing,missingmissingmissingmissing,missingmissingmissingmissing,missingmissingmissingmissing,Mt
77,77,0.0,0.0,0.0,0.0578217212,0.15114497,0.5198266,1.594764,3.719712,7.98968,innovation-rhodium18b,high,WI,CDR_regionalCDR_regionalCDR_regional,CDRCDRCDR,BECCSDACTEW,CDR_regionalCDR_regionalCDR_regional,missingmissingmissing,missingmissingmissing,missingmissingmissing,missingmissingmissing,missingmissingmissing,missingmissingmissing,Mt
78,78,0.0,0.0,0.0,0.0624621005999999,0.15166684,0.4524735,1.279194,2.413264,3.655091,innovation-rhodium18b,high,WV,CDR_regionalCDR_regionalCDR_regional,CDRCDRCDR,BECCSDACTEW,CDR_regionalCDR_regionalCDR_regional,missingmissingmissing,missingmissingmissing,missingmissingmissing,missingmissingmissing,missingmissingmissing,missingmissingmissing,Mt
79,79,0.0,0.0,0.0,0.0595795814,0.15566147,0.3385197,0.9899921,2.582693,5.759639999999999,innovation-rhodium18b,high,WY,CDR_regionalCDR_regionalCDR_regional,CDRCDRCDR,BECCSDACTEW,CDR_regionalCDR_regionalCDR_regional,missingmissingmissing,missingmissingmissing,missingmissingmissing,missingmissingmissing,missingmissingmissing,missingmissingmissing,Mt
