1990,2005,2020,2025,2030,2035,2040,2045,2050,scenario,baseline,GCAM,sector,subsector,technology,output,concentration,input,product,fuel,LandLeaf,GHG,Units
0.0,0.0,0.0,,,0.132067,0.194903,0.290075,0.424672,innovation-maintain,high,Africa_Eastern,CDR_regional,CDR,BECCS,CDR_regional,missing,missing,missing,missing,missing,missing,Mt
0.0,0.0,0.0,,,0.0177199,0.0296341,0.0533677,0.0944192,innovation-maintain,high,Africa_Eastern,CDR_regional,CDR,DAC,CDR_regional,missing,missing,missing,missing,missing,missing,Mt
0.0,0.0,0.0,,,0.0523999,0.0939167,0.132421,0.180328,innovation-maintain,high,Africa_Eastern,CDR_regional,CDR,OEW,CDR_regional,missing,missing,missing,missing,missing,missing,Mt
0.0,0.0,0.0,,,0.0189675,0.0420945,0.0776032,0.109163,innovation-maintain,high,Africa_Eastern,CDR_regional,CDR,TEW,CDR_regional,missing,missing,missing,missing,missing,missing,Mt
0.0,0.0,0.0,,,0.137677,0.171832,0.203864,0.240911,innovation-maintain,high,Africa_Northern,CDR_regional,CDR,BECCS,CDR_regional,missing,missing,missing,missing,missing,missing,Mt
0.0,0.0,0.0,,,0.0514265,0.0644192,0.0808093,0.101012,innovation-maintain,high,Africa_Northern,CDR_regional,CDR,DAC,CDR_regional,missing,missing,missing,missing,missing,missing,Mt
0.0,0.0,0.0,,,0.0822619,0.125133,0.141097,0.156207,innovation-maintain,high,Africa_Northern,CDR_regional,CDR,OEW,CDR_regional,missing,missing,missing,missing,missing,missing,Mt
0.0,0.0,0.0,,,0.0323253,0.0497294,0.0683157,0.0783393,innovation-maintain,high,Africa_Northern,CDR_regional,CDR,TEW,CDR_regional,missing,missing,missing,missing,missing,missing,Mt
0.0,0.0,0.0,,,0.0274997,0.0333879,0.0436252,0.0588976,innovation-maintain,high,Africa_Southern,CDR_regional,CDR,BECCS,CDR_regional,missing,missing,missing,missing,missing,missing,Mt
0.0,0.0,0.0,,,0.00915139,0.0111101,0.0159456,0.0238161,innovation-maintain,high,Africa_Southern,CDR_regional,CDR,DAC,CDR_regional,missing,missing,missing,missing,missing,missing,Mt
0.0,0.0,0.0,,,0.0141884,0.0207155,0.0258828,0.0332893,innovation-maintain,high,Africa_Southern,CDR_regional,CDR,OEW,CDR_regional,missing,missing,missing,missing,missing,missing,Mt
0.0,0.0,0.0,,,0.00677365,0.0112542,0.0185195,0.0249876,innovation-maintain,high,Africa_Southern,CDR_regional,CDR,TEW,CDR_regional,missing,missing,missing,missing,missing,missing,Mt
0.0,0.0,0.0,,,0.172133,0.243718,0.331448,0.443641,innovation-maintain,high,Africa_Western,CDR_regional,CDR,BECCS,CDR_regional,missing,missing,missing,missing,missing,missing,Mt
0.0,0.0,0.0,,,0.0624424,0.0876731,0.127102,0.183698,innovation-maintain,high,Africa_Western,CDR_regional,CDR,DAC,CDR_regional,missing,missing,missing,missing,missing,missing,Mt
0.0,0.0,0.0,,,0.0994709,0.170328,0.218004,0.272406,innovation-maintain,high,Africa_Western,CDR_regional,CDR,OEW,CDR_regional,missing,missing,missing,missing,missing,missing,Mt
0.0,0.0,0.0,,,0.0487296,0.0938678,0.156165,0.203393,innovation-maintain,high,Africa_Western,CDR_regional,CDR,TEW,CDR_regional,missing,missing,missing,missing,missing,missing,Mt
0.0,0.0,0.0,,,0.321448,0.381527,0.42586,0.485282,innovation-maintain,high,Australia_NZ,CDR_regional,CDR,BECCS,CDR_regional,missing,missing,missing,missing,missing,missing,Mt
0.0,0.0,0.0,,,0.134715,0.158793,0.186107,0.22598,innovation-maintain,high,Australia_NZ,CDR_regional,CDR,DAC,CDR_regional,missing,missing,missing,missing,missing,missing,Mt
0.0,0.0,0.0,,,0.209725,0.301188,0.316009,0.335809,innovation-maintain,high,Australia_NZ,CDR_regional,CDR,OEW,CDR_regional,missing,missing,missing,missing,missing,missing,Mt
0.0,0.0,0.0,,,0.0714279,0.102143,0.129999,0.143676,innovation-maintain,high,Australia_NZ,CDR_regional,CDR,TEW,CDR_regional,missing,missing,missing,missing,missing,missing,Mt
0.0,0.0,0.0,,,0.368613,0.457338,0.51805,0.592276,innovation-maintain,high,Brazil,CDR_regional,CDR,BECCS,CDR_regional,missing,missing,missing,missing,missing,missing,Mt
0.0,0.0,0.0,,,0.148744,0.189999,0.229114,0.28083,innovation-maintain,high,Brazil,CDR_regional,CDR,DAC,CDR_regional,missing,missing,missing,missing,missing,missing,Mt
0.0,0.0,0.0,,,0.228813,0.351836,0.37859,0.405902,innovation-maintain,high,Brazil,CDR_regional,CDR,OEW,CDR_regional,missing,missing,missing,missing,missing,missing,Mt
0.0,0.0,0.0,,,0.0954169,0.151544,0.20366,0.229374,innovation-maintain,high,Brazil,CDR_regional,CDR,TEW,CDR_regional,missing,missing,missing,missing,missing,missing,Mt
0.0,0.0,0.0,,,0.265814,0.328355,0.361665,0.417367,innovation-maintain,high,Canada,CDR_regional,CDR,BECCS,CDR_regional,missing,missing,missing,missing,missing,missing,Mt
0.0,0.0,0.0,,,0.103479,0.131672,0.151772,0.190031,innovation-maintain,high,Canada,CDR_regional,CDR,DAC,CDR_regional,missing,missing,missing,missing,missing,missing,Mt
0.0,0.0,0.0,,,0.162235,0.250458,0.261538,0.285578,innovation-maintain,high,Canada,CDR_regional,CDR,OEW,CDR_regional,missing,missing,missing,missing,missing,missing,Mt
0.0,0.0,0.0,,,0.0607848,0.0947321,0.123665,0.139994,innovation-maintain,high,Canada,CDR_regional,CDR,TEW,CDR_regional,missing,missing,missing,missing,missing,missing,Mt
0.0,0.0,0.0,,,0.0570071,0.0705382,0.0817989,0.102576,innovation-maintain,high,Central America and Caribbean,CDR_regional,CDR,BECCS,CDR_regional,missing,missing,missing,missing,missing,missing,Mt
0.0,0.0,0.0,,,0.0224768,0.0282208,0.0344598,0.0474066,innovation-maintain,high,Central America and Caribbean,CDR_regional,CDR,DAC,CDR_regional,missing,missing,missing,missing,missing,missing,Mt
0.0,0.0,0.0,,,0.0334632,0.0513453,0.0567567,0.0684401,innovation-maintain,high,Central America and Caribbean,CDR_regional,CDR,OEW,CDR_regional,missing,missing,missing,missing,missing,missing,Mt
0.0,0.0,0.0,,,0.014066,0.0226742,0.0315725,0.038488,innovation-maintain,high,Central America and Caribbean,CDR_regional,CDR,TEW,CDR_regional,missing,missing,missing,missing,missing,missing,Mt
0.0,0.0,0.0,,,0.0918489,0.112936,0.127716,0.144485,innovation-maintain,high,Central Asia,CDR_regional,CDR,BECCS,CDR_regional,missing,missing,missing,missing,missing,missing,Mt
0.0,0.0,0.0,,,0.0377027,0.0459802,0.054214,0.0653397,innovation-maintain,high,Central Asia,CDR_regional,CDR,DAC,CDR_regional,missing,missing,missing,missing,missing,missing,Mt
0.0,0.0,0.0,,,0.0570392,0.084876,0.0895995,0.0939924,innovation-maintain,high,Central Asia,CDR_regional,CDR,OEW,CDR_regional,missing,missing,missing,missing,missing,missing,Mt
0.0,0.0,0.0,,,0.0257733,0.0417896,0.0579135,0.0656343,innovation-maintain,high,Central Asia,CDR_regional,CDR,TEW,CDR_regional,missing,missing,missing,missing,missing,missing,Mt
0.0,0.0,0.0,,,2.32703,2.73373,2.96341,3.26604,innovation-maintain,high,China,CDR_regional,CDR,BECCS,CDR_regional,missing,missing,missing,missing,missing,missing,Mt
0.0,0.0,0.0,,,0.822638,0.983825,1.1273,1.35138,innovation-maintain,high,China,CDR_regional,CDR,DAC,CDR_regional,missing,missing,missing,missing,missing,missing,Mt
0.0,0.0,0.0,,,1.36413,1.94112,1.96171,2.01339,innovation-maintain,high,China,CDR_regional,CDR,OEW,CDR_regional,missing,missing,missing,missing,missing,missing,Mt
0.0,0.0,0.0,,,0.415812,0.567295,0.69123,0.742894,innovation-maintain,high,China,CDR_regional,CDR,TEW,CDR_regional,missing,missing,missing,missing,missing,missing,Mt
0.0,0.0,0.0,,,0.226401,0.263352,0.288534,0.316706,innovation-maintain,high,EU-12,CDR_regional,CDR,BECCS,CDR_regional,missing,missing,missing,missing,missing,missing,Mt
0.0,0.0,0.0,,,0.079506,0.0947661,0.111412,0.131441,innovation-maintain,high,EU-12,CDR_regional,CDR,DAC,CDR_regional,missing,missing,missing,missing,missing,missing,Mt
0.0,0.0,0.0,,,0.131009,0.187126,0.194647,0.199524,innovation-maintain,high,EU-12,CDR_regional,CDR,OEW,CDR_regional,missing,missing,missing,missing,missing,missing,Mt
0.0,0.0,0.0,,,0.0540406,0.0805855,0.105707,0.115907,innovation-maintain,high,EU-12,CDR_regional,CDR,TEW,CDR_regional,missing,missing,missing,missing,missing,missing,Mt
0.0,0.0,0.0,,,2.13682,2.57702,2.9741,3.25489,innovation-maintain,high,EU-15,CDR_regional,CDR,BECCS,CDR_regional,missing,missing,missing,missing,missing,missing,Mt
0.0,0.0,0.0,,,0.785237,0.976318,1.20523,1.39737,innovation-maintain,high,EU-15,CDR_regional,CDR,DAC,CDR_regional,missing,missing,missing,missing,missing,missing,Mt
0.0,0.0,0.0,,,1.27829,1.91184,2.11062,2.15697,innovation-maintain,high,EU-15,CDR_regional,CDR,OEW,CDR_regional,missing,missing,missing,missing,missing,missing,Mt
0.0,0.0,0.0,,,0.314133,0.425052,0.525424,0.558448,innovation-maintain,high,EU-15,CDR_regional,CDR,TEW,CDR_regional,missing,missing,missing,missing,missing,missing,Mt
0.0,0.0,0.0,,,0.0316836,0.0398485,0.0504837,0.0619636,innovation-maintain,high,Europe_Eastern,CDR_regional,CDR,BECCS,CDR_regional,missing,missing,missing,missing,missing,missing,Mt
0.0,0.0,0.0,,,0.0116207,0.0143603,0.0197375,0.0264883,innovation-maintain,high,Europe_Eastern,CDR_regional,CDR,DAC,CDR_regional,missing,missing,missing,missing,missing,missing,Mt
0.0,0.0,0.0,,,0.0184445,0.028044,0.0339049,0.0392868,innovation-maintain,high,Europe_Eastern,CDR_regional,CDR,OEW,CDR_regional,missing,missing,missing,missing,missing,missing,Mt
0.0,0.0,0.0,,,0.00925536,0.016593,0.0270862,0.0339717,innovation-maintain,high,Europe_Eastern,CDR_regional,CDR,TEW,CDR_regional,missing,missing,missing,missing,missing,missing,Mt
0.0,0.0,0.0,,,0.22376,0.259409,0.280893,0.308557,innovation-maintain,high,Europe_Non_EU,CDR_regional,CDR,BECCS,CDR_regional,missing,missing,missing,missing,missing,missing,Mt
0.0,0.0,0.0,,,0.0793374,0.0916631,0.103798,0.120931,innovation-maintain,high,Europe_Non_EU,CDR_regional,CDR,DAC,CDR_regional,missing,missing,missing,missing,missing,missing,Mt
0.0,0.0,0.0,,,0.132839,0.18491,0.185757,0.187548,innovation-maintain,high,Europe_Non_EU,CDR_regional,CDR,OEW,CDR_regional,missing,missing,missing,missing,missing,missing,Mt
0.0,0.0,0.0,,,0.0509524,0.0726256,0.0915266,0.0988745,innovation-maintain,high,Europe_Non_EU,CDR_regional,CDR,TEW,CDR_regional,missing,missing,missing,missing,missing,missing,Mt
0.0,0.0,0.0,,,0.183291,0.265491,0.355519,0.416471,innovation-maintain,high,European Free Trade Association,CDR_regional,CDR,BECCS,CDR_regional,missing,missing,missing,missing,missing,missing,Mt
0.0,0.0,0.0,,,0.0709712,0.107415,0.151708,0.187782,innovation-maintain,high,European Free Trade Association,CDR_regional,CDR,DAC,CDR_regional,missing,missing,missing,missing,missing,missing,Mt
0.0,0.0,0.0,,,0.112587,0.205416,0.261265,0.286888,innovation-maintain,high,European Free Trade Association,CDR_regional,CDR,OEW,CDR_regional,missing,missing,missing,missing,missing,missing,Mt
0.0,0.0,0.0,,,0.00974041,0.0125583,0.0148178,0.0156421,innovation-maintain,high,European Free Trade Association,CDR_regional,CDR,TEW,CDR_regional,missing,missing,missing,missing,missing,missing,Mt
0.0,0.0,0.0,,,0.663544,0.833748,0.992639,1.18846,innovation-maintain,high,India,CDR_regional,CDR,BECCS,CDR_regional,missing,missing,missing,missing,missing,missing,Mt
0.0,0.0,0.0,,,0.232287,0.291105,0.362894,0.458785,innovation-maintain,high,India,CDR_regional,CDR,DAC,CDR_regional,missing,missing,missing,missing,missing,missing,Mt
0.0,0.0,0.0,,,0.378442,0.574153,0.641487,0.716681,innovation-maintain,high,India,CDR_regional,CDR,OEW,CDR_regional,missing,missing,missing,missing,missing,missing,Mt
0.0,0.0,0.0,,,0.163973,0.264016,0.376732,0.446341,innovation-maintain,high,India,CDR_regional,CDR,TEW,CDR_regional,missing,missing,missing,missing,missing,missing,Mt
0.0,0.0,0.0,,,0.246608,0.283654,0.327658,0.373553,innovation-maintain,high,Indonesia,CDR_regional,CDR,BECCS,CDR_regional,missing,missing,missing,missing,missing,missing,Mt
0.0,0.0,0.0,,,0.0858531,0.094296,0.114663,0.136755,innovation-maintain,high,Indonesia,CDR_regional,CDR,DAC,CDR_regional,missing,missing,missing,missing,missing,missing,Mt
0.0,0.0,0.0,,,0.142774,0.191441,0.206797,0.217066,innovation-maintain,high,Indonesia,CDR_regional,CDR,OEW,CDR_regional,missing,missing,missing,missing,missing,missing,Mt
0.0,0.0,0.0,,,0.0563296,0.0797649,0.108527,0.123457,innovation-maintain,high,Indonesia,CDR_regional,CDR,TEW,CDR_regional,missing,missing,missing,missing,missing,missing,Mt
0.0,0.0,0.0,,,1.02164,1.23099,1.62681,1.88821,innovation-maintain,high,Japan,CDR_regional,CDR,BECCS,CDR_regional,missing,missing,missing,missing,missing,missing,Mt
0.0,0.0,0.0,,,0.398855,0.466141,0.666235,0.837704,innovation-maintain,high,Japan,CDR_regional,CDR,DAC,CDR_regional,missing,missing,missing,missing,missing,missing,Mt
0.0,0.0,0.0,,,0.636748,0.923252,1.17084,1.28681,innovation-maintain,high,Japan,CDR_regional,CDR,OEW,CDR_regional,missing,missing,missing,missing,missing,missing,Mt
0.0,0.0,0.0,,,0.0455572,0.0545892,0.0645174,0.0681776,innovation-maintain,high,Japan,CDR_regional,CDR,TEW,CDR_regional,missing,missing,missing,missing,missing,missing,Mt
0.0,0.0,0.0,,,0.231305,0.278966,0.310083,0.353633,innovation-maintain,high,Mexico,CDR_regional,CDR,BECCS,CDR_regional,missing,missing,missing,missing,missing,missing,Mt
0.0,0.0,0.0,,,0.0958715,0.11487,0.131546,0.157033,innovation-maintain,high,Mexico,CDR_regional,CDR,DAC,CDR_regional,missing,missing,missing,missing,missing,missing,Mt
0.0,0.0,0.0,,,0.146542,0.215088,0.224335,0.238743,innovation-maintain,high,Mexico,CDR_regional,CDR,OEW,CDR_regional,missing,missing,missing,missing,missing,missing,Mt
0.0,0.0,0.0,,,0.0468685,0.0669419,0.0843609,0.0928083,innovation-maintain,high,Mexico,CDR_regional,CDR,TEW,CDR_regional,missing,missing,missing,missing,missing,missing,Mt
0.0,0.0,0.0,,,0.348912,0.389479,0.449661,0.535623,innovation-maintain,high,Middle East,CDR_regional,CDR,BECCS,CDR_regional,missing,missing,missing,missing,missing,missing,Mt
0.0,0.0,0.0,,,0.135986,0.146599,0.182339,0.23581,innovation-maintain,high,Middle East,CDR_regional,CDR,DAC,CDR_regional,missing,missing,missing,missing,missing,missing,Mt
0.0,0.0,0.0,,,0.204719,0.274898,0.305229,0.347506,innovation-maintain,high,Middle East,CDR_regional,CDR,OEW,CDR_regional,missing,missing,missing,missing,missing,missing,Mt
0.0,0.0,0.0,,,0.0684959,0.0943749,0.124541,0.142343,innovation-maintain,high,Middle East,CDR_regional,CDR,TEW,CDR_regional,missing,missing,missing,missing,missing,missing,Mt
0.0,0.0,0.0,,,0.0320529,0.0425962,0.0554536,0.0693318,innovation-maintain,high,Pakistan,CDR_regional,CDR,BECCS,CDR_regional,missing,missing,missing,missing,missing,missing,Mt
0.0,0.0,0.0,,,0.0109994,0.0148988,0.020684,0.0271352,innovation-maintain,high,Pakistan,CDR_regional,CDR,DAC,CDR_regional,missing,missing,missing,missing,missing,missing,Mt
0.0,0.0,0.0,,,0.0173821,0.0282654,0.0348134,0.0402474,innovation-maintain,high,Pakistan,CDR_regional,CDR,OEW,CDR_regional,missing,missing,missing,missing,missing,missing,Mt
0.0,0.0,0.0,,,0.0087707,0.0160891,0.0264117,0.0334359,innovation-maintain,high,Pakistan,CDR_regional,CDR,TEW,CDR_regional,missing,missing,missing,missing,missing,missing,Mt
0.0,0.0,0.0,,,0.286358,0.334334,0.355815,0.387046,innovation-maintain,high,Russia,CDR_regional,CDR,BECCS,CDR_regional,missing,missing,missing,missing,missing,missing,Mt
0.0,0.0,0.0,,,0.119251,0.137646,0.151533,0.175043,innovation-maintain,high,Russia,CDR_regional,CDR,DAC,CDR_regional,missing,missing,missing,missing,missing,missing,Mt
0.0,0.0,0.0,,,0.181936,0.2584,0.258701,0.263451,innovation-maintain,high,Russia,CDR_regional,CDR,OEW,CDR_regional,missing,missing,missing,missing,missing,missing,Mt
0.0,0.0,0.0,,,0.0565298,0.0792901,0.0978223,0.105558,innovation-maintain,high,Russia,CDR_regional,CDR,TEW,CDR_regional,missing,missing,missing,missing,missing,missing,Mt
0.0,0.0,0.0,,,0.0568976,0.0676188,0.076585,0.0864896,innovation-maintain,high,South Africa,CDR_regional,CDR,BECCS,CDR_regional,missing,missing,missing,missing,missing,missing,Mt
0.0,0.0,0.0,,,0.0185183,0.023118,0.0283868,0.0344536,innovation-maintain,high,South Africa,CDR_regional,CDR,DAC,CDR_regional,missing,missing,missing,missing,missing,missing,Mt
0.0,0.0,0.0,,,0.0316829,0.04624,0.0497533,0.052366,innovation-maintain,high,South Africa,CDR_regional,CDR,OEW,CDR_regional,missing,missing,missing,missing,missing,missing,Mt
0.0,0.0,0.0,,,0.013351,0.0191016,0.0246423,0.0271589,innovation-maintain,high,South Africa,CDR_regional,CDR,TEW,CDR_regional,missing,missing,missing,missing,missing,missing,Mt
0.0,0.0,0.0,,,0.010802,0.0146623,0.0179094,0.0221777,innovation-maintain,high,South America_Northern,CDR_regional,CDR,BECCS,CDR_regional,missing,missing,missing,missing,missing,missing,Mt
0.0,0.0,0.0,,,0.0048392,0.006964,0.00911205,0.0120053,innovation-maintain,high,South America_Northern,CDR_regional,CDR,DAC,CDR_regional,missing,missing,missing,missing,missing,missing,Mt
0.0,0.0,0.0,,,0.00652788,0.0114312,0.0136739,0.0163903,innovation-maintain,high,South America_Northern,CDR_regional,CDR,OEW,CDR_regional,missing,missing,missing,missing,missing,missing,Mt
0.0,0.0,0.0,,,0.00284289,0.00512846,0.00754026,0.00909955,innovation-maintain,high,South America_Northern,CDR_regional,CDR,TEW,CDR_regional,missing,missing,missing,missing,missing,missing,Mt
0.0,0.0,0.0,,,0.12543,0.155887,0.181577,0.21626,innovation-maintain,high,South America_Southern,CDR_regional,CDR,BECCS,CDR_regional,missing,missing,missing,missing,missing,missing,Mt
0.0,0.0,0.0,,,0.0499943,0.0629042,0.0777902,0.0995861,innovation-maintain,high,South America_Southern,CDR_regional,CDR,DAC,CDR_regional,missing,missing,missing,missing,missing,missing,Mt
0.0,0.0,0.0,,,0.0773006,0.117725,0.130063,0.145717,innovation-maintain,high,South America_Southern,CDR_regional,CDR,OEW,CDR_regional,missing,missing,missing,missing,missing,missing,Mt
0.0,0.0,0.0,,,0.0299937,0.0464642,0.0630201,0.0727556,innovation-maintain,high,South America_Southern,CDR_regional,CDR,TEW,CDR_regional,missing,missing,missing,missing,missing,missing,Mt
0.0,0.0,0.0,,,0.0686936,0.0897578,0.106611,0.127731,innovation-maintain,high,South Asia,CDR_regional,CDR,BECCS,CDR_regional,missing,missing,missing,missing,missing,missing,Mt
0.0,0.0,0.0,,,0.0236835,0.0319061,0.0401566,0.051329,innovation-maintain,high,South Asia,CDR_regional,CDR,DAC,CDR_regional,missing,missing,missing,missing,missing,missing,Mt
0.0,0.0,0.0,,,0.0391529,0.0628025,0.0697113,0.0772285,innovation-maintain,high,South Asia,CDR_regional,CDR,OEW,CDR_regional,missing,missing,missing,missing,missing,missing,Mt
0.0,0.0,0.0,,,0.0182114,0.0302871,0.0420654,0.0488619,innovation-maintain,high,South Asia,CDR_regional,CDR,TEW,CDR_regional,missing,missing,missing,missing,missing,missing,Mt
0.0,0.0,0.0,,,0.158819,0.153048,0.163079,0.167087,innovation-maintain,high,South Korea,CDR_regional,CDR,BECCS,CDR_regional,missing,missing,missing,missing,missing,missing,Mt
0.0,0.0,0.0,,,0.0138067,0.0147233,0.0177505,0.0205357,innovation-maintain,high,South Korea,CDR_regional,CDR,DAC,CDR_regional,missing,missing,missing,missing,missing,missing,Mt
0.0,0.0,0.0,,,0.050862,0.0603811,0.0608815,0.0584956,innovation-maintain,high,South Korea,CDR_regional,CDR,OEW,CDR_regional,missing,missing,missing,missing,missing,missing,Mt
0.0,0.0,0.0,,,0.0146366,0.0169365,0.01948,0.0200266,innovation-maintain,high,South Korea,CDR_regional,CDR,TEW,CDR_regional,missing,missing,missing,missing,missing,missing,Mt
0.0,0.0,0.0,,,0.411092,0.493815,0.56883,0.664868,innovation-maintain,high,Southeast Asia,CDR_regional,CDR,BECCS,CDR_regional,missing,missing,missing,missing,missing,missing,Mt
0.0,0.0,0.0,,,0.152903,0.177055,0.216237,0.273478,innovation-maintain,high,Southeast Asia,CDR_regional,CDR,DAC,CDR_regional,missing,missing,missing,missing,missing,missing,Mt
0.0,0.0,0.0,,,0.250983,0.358037,0.384297,0.415095,innovation-maintain,high,Southeast Asia,CDR_regional,CDR,OEW,CDR_regional,missing,missing,missing,missing,missing,missing,Mt
0.0,0.0,0.0,,,0.104818,0.159866,0.215088,0.244274,innovation-maintain,high,Southeast Asia,CDR_regional,CDR,TEW,CDR_regional,missing,missing,missing,missing,missing,missing,Mt
0.0,0.0,0.0,,,0.145428,0.147959,0.155622,0.156606,innovation-maintain,high,Taiwan,CDR_regional,CDR,BECCS,CDR_regional,missing,missing,missing,missing,missing,missing,Mt
0.0,0.0,0.0,,,0.050255,0.038921,0.0312563,0.0253953,innovation-maintain,high,Taiwan,CDR_regional,CDR,DAC,CDR_regional,missing,missing,missing,missing,missing,missing,Mt
0.0,0.0,0.0,,,0.0868109,0.0940969,0.078721,0.0633968,innovation-maintain,high,Taiwan,CDR_regional,CDR,OEW,CDR_regional,missing,missing,missing,missing,missing,missing,Mt
0.0,0.0,0.0,,,0.0867404,0.119258,0.144634,0.170622,innovation-maintain,high,Argentina,CDR_regional,CDR,BECCS,CDR_regional,missing,missing,missing,missing,missing,missing,Mt
0.0,0.0,0.0,,,0.0378416,0.0539294,0.0690911,0.0858153,innovation-maintain,high,Argentina,CDR_regional,CDR,DAC,CDR_regional,missing,missing,missing,missing,missing,missing,Mt
0.0,0.0,0.0,,,0.0560977,0.0968055,0.112328,0.124721,innovation-maintain,high,Argentina,CDR_regional,CDR,OEW,CDR_regional,missing,missing,missing,missing,missing,missing,Mt
0.0,0.0,0.0,,,0.0261028,0.0482462,0.0714721,0.0837637,innovation-maintain,high,Argentina,CDR_regional,CDR,TEW,CDR_regional,missing,missing,missing,missing,missing,missing,Mt
0.0,0.0,0.0,,,0.0755477,0.0956222,0.116133,0.140817,innovation-maintain,high,Colombia,CDR_regional,CDR,BECCS,CDR_regional,missing,missing,missing,missing,missing,missing,Mt
0.0,0.0,0.0,,,0.0305536,0.0387852,0.049717,0.06414,innovation-maintain,high,Colombia,CDR_regional,CDR,DAC,CDR_regional,missing,missing,missing,missing,missing,missing,Mt
0.0,0.0,0.0,,,0.0474355,0.0731684,0.0841433,0.095603,innovation-maintain,high,Colombia,CDR_regional,CDR,OEW,CDR_regional,missing,missing,missing,missing,missing,missing,Mt
0.0,0.0,0.0,,,0.0125932,0.0177671,0.0227401,0.0254609,innovation-maintain,high,Colombia,CDR_regional,CDR,TEW,CDR_regional,missing,missing,missing,missing,missing,missing,Mt
0.0,0.0,0.0,2.65005E-5,0.0555462,0.261642,0.608873,1.51736,1.83119,innovation-maintain,high,AL,CDR_regional,CDR,BECCS,CDR_regional,missing,missing,missing,missing,missing,missing,Mt
0.0,0.0,0.0,0.0623896,0.0944409,0.0471507,0.102346,0.270013,0.960931,innovation-maintain,high,AL,CDR_regional,CDR,DAC,CDR_regional,missing,missing,missing,missing,missing,missing,Mt
0.0,0.0,0.0,0.00535955,0.0155239,0.100584,0.290645,0.7077,2.27082,innovation-maintain,high,AL,CDR_regional,CDR,OEW,CDR_regional,missing,missing,missing,missing,missing,missing,Mt
0.0,0.0,0.0,0.00153596,0.00588974,0.0524895,0.193498,0.66546,1.92213,innovation-maintain,high,AL,CDR_regional,CDR,TEW,CDR_regional,missing,missing,missing,missing,missing,missing,Mt
0.0,0.0,0.0,7.55787E-6,0.0215335,0.126903,0.256502,0.386811,0.469817,innovation-maintain,high,AK,CDR_regional,CDR,BECCS,CDR_regional,missing,missing,missing,missing,missing,missing,Mt
0.0,0.0,0.0,0.00177303,0.00366191,0.00562643,0.011869,0.0247086,0.0612844,innovation-maintain,high,AK,CDR_regional,CDR,DAC,CDR_regional,missing,missing,missing,missing,missing,missing,Mt
0.0,0.0,0.0,3.42707E-4,0.00118723,0.00928142,0.0270713,0.0577841,0.159493,innovation-maintain,high,AK,CDR_regional,CDR,OEW,CDR_regional,missing,missing,missing,missing,missing,missing,Mt
0.0,0.0,0.0,2.36674E-5,0.0513818,0.253857,0.623053,1.59879,1.91718,innovation-maintain,high,AZ,CDR_regional,CDR,BECCS,CDR_regional,missing,missing,missing,missing,missing,missing,Mt
0.0,0.0,0.0,0.0682288,0.11903,0.0531129,0.123963,0.331014,1.19968,innovation-maintain,high,AZ,CDR_regional,CDR,DAC,CDR_regional,missing,missing,missing,missing,missing,missing,Mt
0.0,0.0,0.0,0.00157789,0.00683521,0.067121,0.268014,0.896968,2.27489,innovation-maintain,high,AZ,CDR_regional,CDR,TEW,CDR_regional,missing,missing,missing,missing,missing,missing,Mt
0.0,0.0,0.0,2.22452E-5,0.0471958,0.249195,0.611477,1.52073,1.81918,innovation-maintain,high,AR,CDR_regional,CDR,BECCS,CDR_regional,missing,missing,missing,missing,missing,missing,Mt
0.0,0.0,0.0,0.0529463,0.0811892,0.0451746,0.103421,0.265901,0.913745,innovation-maintain,high,AR,CDR_regional,CDR,DAC,CDR_regional,missing,missing,missing,missing,missing,missing,Mt
0.0,0.0,0.0,0.00113791,0.00438323,0.04371,0.172955,0.616363,1.97712,innovation-maintain,high,AR,CDR_regional,CDR,TEW,CDR_regional,missing,missing,missing,missing,missing,missing,Mt
0.0,0.0,0.0,8.21775E-5,0.171953,0.844202,1.22004,2.07164,3.04113,innovation-maintain,high,CA,CDR_regional,CDR,BECCS,CDR_regional,missing,missing,missing,missing,missing,missing,Mt
0.0,0.0,0.0,0.148428,0.238114,0.139218,0.302597,0.793816,2.91117,innovation-maintain,high,CA,CDR_regional,CDR,DAC,CDR_regional,missing,missing,missing,missing,missing,missing,Mt
0.0,0.0,0.0,0.0226802,0.0657718,0.436798,1.20429,2.98947,10.5836,innovation-maintain,high,CA,CDR_regional,CDR,OEW,CDR_regional,missing,missing,missing,missing,missing,missing,Mt
0.0,0.0,0.0,0.00695223,0.0297818,0.295883,1.10406,3.84239,10.1299,innovation-maintain,high,CA,CDR_regional,CDR,TEW,CDR_regional,missing,missing,missing,missing,missing,missing,Mt
0.0,0.0,0.0,2.84905E-5,0.0619644,0.306232,0.749526,1.63839,2.02827,innovation-maintain,high,CO,CDR_regional,CDR,BECCS,CDR_regional,missing,missing,missing,missing,missing,missing,Mt
0.0,0.0,0.0,0.0821328,0.143545,0.0640708,0.149126,0.389632,1.50513,innovation-maintain,high,CO,CDR_regional,CDR,DAC,CDR_regional,missing,missing,missing,missing,missing,missing,Mt
0.0,0.0,0.0,0.00177996,0.00754284,0.0737343,0.305242,1.16481,4.23539,innovation-maintain,high,CO,CDR_regional,CDR,TEW,CDR_regional,missing,missing,missing,missing,missing,missing,Mt
0.0,0.0,0.0,7.3436E-6,0.0157009,0.0816517,0.191415,0.605506,1.22249,innovation-maintain,high,CT,CDR_regional,CDR,BECCS,CDR_regional,missing,missing,missing,missing,missing,missing,Mt
0.0,0.0,0.0,0.00746002,0.0116355,0.00936388,0.0202403,0.0509669,0.16102,innovation-maintain,high,CT,CDR_regional,CDR,DAC,CDR_regional,missing,missing,missing,missing,missing,missing,Mt
0.0,0.0,0.0,0.00155054,0.00461474,0.0326157,0.0936518,0.24962,0.867401,innovation-maintain,high,CT,CDR_regional,CDR,OEW,CDR_regional,missing,missing,missing,missing,missing,missing,Mt
0.0,0.0,0.0,6.43988E-4,0.00273424,0.0242825,0.0664779,0.112761,0.131987,innovation-maintain,high,CT,CDR_regional,CDR,TEW,CDR_regional,missing,missing,missing,missing,missing,missing,Mt
0.0,0.0,0.0,4.39411E-5,0.00556837,0.0277353,0.0647835,0.189337,0.844484,innovation-maintain,high,DE,CDR_regional,CDR,BECCS,CDR_regional,missing,missing,missing,missing,missing,missing,Mt
0.0,0.0,0.0,0.00463664,0.00744968,0.00444305,0.00970429,0.0255483,0.0997964,innovation-maintain,high,DE,CDR_regional,CDR,DAC,CDR_regional,missing,missing,missing,missing,missing,missing,Mt
0.0,0.0,0.0,7.46443E-4,0.00236483,0.0160805,0.046145,0.11739,0.429003,innovation-maintain,high,DE,CDR_regional,CDR,OEW,CDR_regional,missing,missing,missing,missing,missing,missing,Mt
0.0,0.0,0.0,2.57642E-4,0.0011844,0.0118449,0.0430962,0.133456,0.274547,innovation-maintain,high,DE,CDR_regional,CDR,TEW,CDR_regional,missing,missing,missing,missing,missing,missing,Mt
0.0,0.0,0.0,4.99402E-5,0.105435,0.521853,1.14059,1.7624,2.44548,innovation-maintain,high,FL,CDR_regional,CDR,BECCS,CDR_regional,missing,missing,missing,missing,missing,missing,Mt
0.0,0.0,0.0,0.143274,0.201694,0.0993448,0.213893,0.626379,2.62664,innovation-maintain,high,FL,CDR_regional,CDR,DAC,CDR_regional,missing,missing,missing,missing,missing,missing,Mt
0.0,0.0,0.0,0.0240948,0.0796359,0.548266,1.58166,4.17987,15.9591,innovation-maintain,high,FL,CDR_regional,CDR,OEW,CDR_regional,missing,missing,missing,missing,missing,missing,Mt
0.0,0.0,0.0,0.00322524,0.0122815,0.116855,0.439599,1.63068,6.23726,innovation-maintain,high,FL,CDR_regional,CDR,TEW,CDR_regional,missing,missing,missing,missing,missing,missing,Mt
0.0,0.0,0.0,2.8653E-5,0.0600705,0.283996,0.660177,1.53388,1.87653,innovation-maintain,high,GA,CDR_regional,CDR,BECCS,CDR_regional,missing,missing,missing,missing,missing,missing,Mt
0.0,0.0,0.0,0.0674573,0.102133,0.0511791,0.11097,0.290418,1.06182,innovation-maintain,high,GA,CDR_regional,CDR,DAC,CDR_regional,missing,missing,missing,missing,missing,missing,Mt
0.0,0.0,0.0,0.0067549,0.0193955,0.126319,0.365321,0.87907,2.89965,innovation-maintain,high,GA,CDR_regional,CDR,OEW,CDR_regional,missing,missing,missing,missing,missing,missing,Mt
0.0,0.0,0.0,0.00179635,0.00697079,0.0629477,0.233186,0.800627,2.33405,innovation-maintain,high,GA,CDR_regional,CDR,TEW,CDR_regional,missing,missing,missing,missing,missing,missing,Mt
0.0,0.0,0.0,7.67385E-6,0.016432,0.0841896,0.208865,0.603974,1.64296,innovation-maintain,high,ID,CDR_regional,CDR,BECCS,CDR_regional,missing,missing,missing,missing,missing,missing,Mt
0.0,0.0,0.0,0.0176466,0.0327958,0.0166496,0.039279,0.103348,0.400052,innovation-maintain,high,ID,CDR_regional,CDR,DAC,CDR_regional,missing,missing,missing,missing,missing,missing,Mt
0.0,0.0,0.0,7.07857E-4,0.00321047,0.0342817,0.150246,0.636595,2.33926,innovation-maintain,high,ID,CDR_regional,CDR,TEW,CDR_regional,missing,missing,missing,missing,missing,missing,Mt
0.0,0.0,0.0,4.9343E-5,0.103399,0.505516,1.15344,1.74252,2.35451,innovation-maintain,high,IL,CDR_regional,CDR,BECCS,CDR_regional,missing,missing,missing,missing,missing,missing,Mt
0.0,0.0,0.0,0.0956346,0.15062,0.0844851,0.185178,0.45389,1.77072,innovation-maintain,high,IL,CDR_regional,CDR,DAC,CDR_regional,missing,missing,missing,missing,missing,missing,Mt
0.0,0.0,0.0,0.0142094,0.0423425,0.282811,0.803022,1.92773,6.86753,innovation-maintain,high,IL,CDR_regional,CDR,OEW,CDR_regional,missing,missing,missing,missing,missing,missing,Mt
0.0,0.0,0.0,0.00296197,0.0117989,0.112259,0.428196,1.58589,5.50805,innovation-maintain,high,IL,CDR_regional,CDR,TEW,CDR_regional,missing,missing,missing,missing,missing,missing,Mt
0.0,0.0,0.0,5.30455E-5,0.111944,0.589209,1.18491,1.85139,2.5359,innovation-maintain,high,IN,CDR_regional,CDR,BECCS,CDR_regional,missing,missing,missing,missing,missing,missing,Mt
0.0,0.0,0.0,0.123896,0.189718,0.105648,0.238705,0.596611,2.28076,innovation-maintain,high,IN,CDR_regional,CDR,DAC,CDR_regional,missing,missing,missing,missing,missing,missing,Mt
0.0,0.0,0.0,0.00359607,0.0145892,0.148687,0.56739,1.85402,5.25048,innovation-maintain,high,IN,CDR_regional,CDR,TEW,CDR_regional,missing,missing,missing,missing,missing,missing,Mt
0.0,0.0,0.0,3.10282E-5,0.065905,0.342828,0.835846,1.5539,1.97992,innovation-maintain,high,IA,CDR_regional,CDR,BECCS,CDR_regional,missing,missing,missing,missing,missing,missing,Mt
0.0,0.0,0.0,0.0736215,0.11914,0.0626262,0.1454,0.356017,1.38397,innovation-maintain,high,IA,CDR_regional,CDR,DAC,CDR_regional,missing,missing,missing,missing,missing,missing,Mt
0.0,0.0,0.0,0.00177826,0.00741875,0.0781403,0.332454,1.35919,5.09879,innovation-maintain,high,IA,CDR_regional,CDR,TEW,CDR_regional,missing,missing,missing,missing,missing,missing,Mt
0.0,0.0,0.0,2.46493E-5,0.0537183,0.267462,0.654245,1.56401,1.89816,innovation-maintain,high,KS,CDR_regional,CDR,BECCS,CDR_regional,missing,missing,missing,missing,missing,missing,Mt
0.0,0.0,0.0,0.0684236,0.121609,0.0559118,0.129407,0.327335,1.20757,innovation-maintain,high,KS,CDR_regional,CDR,DAC,CDR_regional,missing,missing,missing,missing,missing,missing,Mt
0.0,0.0,0.0,0.0013076,0.00531569,0.0512607,0.210272,0.818591,3.28213,innovation-maintain,high,KS,CDR_regional,CDR,TEW,CDR_regional,missing,missing,missing,missing,missing,missing,Mt
0.0,0.0,0.0,3.30535E-5,0.0698114,0.367682,0.901486,1.67479,2.10956,innovation-maintain,high,KY,CDR_regional,CDR,BECCS,CDR_regional,missing,missing,missing,missing,missing,missing,Mt
0.0,0.0,0.0,0.0772012,0.118314,0.0659272,0.152985,0.381695,1.39542,innovation-maintain,high,KY,CDR_regional,CDR,DAC,CDR_regional,missing,missing,missing,missing,missing,missing,Mt
0.0,0.0,0.0,0.00214377,0.00860687,0.0871373,0.339706,1.10577,3.0869,innovation-maintain,high,KY,CDR_regional,CDR,TEW,CDR_regional,missing,missing,missing,missing,missing,missing,Mt
0.0,0.0,0.0,4.70374E-5,0.0992052,0.467248,1.08818,1.66652,2.19035,innovation-maintain,high,LA,CDR_regional,CDR,BECCS,CDR_regional,missing,missing,missing,missing,missing,missing,Mt
0.0,0.0,0.0,0.110739,0.168671,0.0842032,0.182913,0.45713,1.70794,innovation-maintain,high,LA,CDR_regional,CDR,DAC,CDR_regional,missing,missing,missing,missing,missing,missing,Mt
0.0,0.0,0.0,0.0100846,0.0269962,0.174665,0.50555,1.11552,3.73579,innovation-maintain,high,LA,CDR_regional,CDR,OEW,CDR_regional,missing,missing,missing,missing,missing,missing,Mt
0.0,0.0,0.0,0.00271408,0.0100722,0.0892878,0.324328,0.997254,2.72913,innovation-maintain,high,LA,CDR_regional,CDR,TEW,CDR_regional,missing,missing,missing,missing,missing,missing,Mt
0.0,0.0,0.0,4.94958E-5,0.00659923,0.034175,0.0796229,0.237351,1.07682,innovation-maintain,high,ME,CDR_regional,CDR,BECCS,CDR_regional,missing,missing,missing,missing,missing,missing,Mt
0.0,0.0,0.0,0.0028936,0.00489051,0.00391921,0.00841937,0.0199784,0.066633,innovation-maintain,high,ME,CDR_regional,CDR,DAC,CDR_regional,missing,missing,missing,missing,missing,missing,Mt
0.0,0.0,0.0,4.99793E-4,0.00157008,0.0109687,0.0310563,0.0768843,0.279929,innovation-maintain,high,ME,CDR_regional,CDR,OEW,CDR_regional,missing,missing,missing,missing,missing,missing,Mt
0.0,0.0,0.0,2.05497E-4,9.21557E-4,0.00934733,0.0353099,0.127577,0.370656,innovation-maintain,high,ME,CDR_regional,CDR,TEW,CDR_regional,missing,missing,missing,missing,missing,missing,Mt
0.0,0.0,0.0,1.25908E-5,0.0262309,0.131142,0.305721,0.893231,1.66616,innovation-maintain,high,MD,CDR_regional,CDR,BECCS,CDR_regional,missing,missing,missing,missing,missing,missing,Mt
0.0,0.0,0.0,0.0230859,0.0350932,0.0210083,0.0457957,0.120528,0.440049,innovation-maintain,high,MD,CDR_regional,CDR,DAC,CDR_regional,missing,missing,missing,missing,missing,missing,Mt
0.0,0.0,0.0,0.00401079,0.0122282,0.0835616,0.23952,0.615204,2.10626,innovation-maintain,high,MD,CDR_regional,CDR,OEW,CDR_regional,missing,missing,missing,missing,missing,missing,Mt
0.0,0.0,0.0,0.00130048,0.00567444,0.0564612,0.199012,0.582732,1.02752,innovation-maintain,high,MD,CDR_regional,CDR,TEW,CDR_regional,missing,missing,missing,missing,missing,missing,Mt
0.0,0.0,0.0,1.26735E-5,0.0271918,0.141619,0.333345,1.07356,1.27337,innovation-maintain,high,MA,CDR_regional,CDR,BECCS,CDR_regional,missing,missing,missing,missing,missing,missing,Mt
0.0,0.0,0.0,0.0128744,0.0201511,0.016241,0.0352481,0.090364,0.261749,innovation-maintain,high,MA,CDR_regional,CDR,DAC,CDR_regional,missing,missing,missing,missing,missing,missing,Mt
0.0,0.0,0.0,0.0022835,0.00669692,0.0472163,0.135618,0.363104,1.14999,innovation-maintain,high,MA,CDR_regional,CDR,OEW,CDR_regional,missing,missing,missing,missing,missing,missing,Mt
0.0,0.0,0.0,0.00107583,0.00453919,0.0393315,0.104697,0.162827,0.189323,innovation-maintain,high,MA,CDR_regional,CDR,TEW,CDR_regional,missing,missing,missing,missing,missing,missing,Mt
0.0,0.0,0.0,4.28921E-5,0.0904532,0.475983,1.16809,1.75991,2.31846,innovation-maintain,high,MI,CDR_regional,CDR,BECCS,CDR_regional,missing,missing,missing,missing,missing,missing,Mt
0.0,0.0,0.0,0.100181,0.153296,0.0853461,0.198228,0.488266,1.83118,innovation-maintain,high,MI,CDR_regional,CDR,DAC,CDR_regional,missing,missing,missing,missing,missing,missing,Mt
0.0,0.0,0.0,0.00301666,0.0123524,0.12645,0.492866,1.55242,4.13639,innovation-maintain,high,MI,CDR_regional,CDR,TEW,CDR_regional,missing,missing,missing,missing,missing,missing,Mt
0.0,0.0,0.0,2.89464E-5,0.0614892,0.319878,0.779655,1.51823,1.90949,innovation-maintain,high,MN,CDR_regional,CDR,BECCS,CDR_regional,missing,missing,missing,missing,missing,missing,Mt
0.0,0.0,0.0,0.068682,0.111157,0.0584338,0.135625,0.332778,1.27381,innovation-maintain,high,MN,CDR_regional,CDR,DAC,CDR_regional,missing,missing,missing,missing,missing,missing,Mt
0.0,0.0,0.0,0.00162134,0.006772,0.0715075,0.304408,1.23887,4.45512,innovation-maintain,high,MN,CDR_regional,CDR,TEW,CDR_regional,missing,missing,missing,missing,missing,missing,Mt
0.0,0.0,0.0,1.63811E-5,0.0343938,0.16179,0.376431,1.11,1.69284,innovation-maintain,high,MS,CDR_regional,CDR,BECCS,CDR_regional,missing,missing,missing,missing,missing,missing,Mt
0.0,0.0,0.0,0.0385657,0.0584771,0.0291564,0.0632748,0.171029,0.597153,innovation-maintain,high,MS,CDR_regional,CDR,DAC,CDR_regional,missing,missing,missing,missing,missing,missing,Mt
0.0,0.0,0.0,0.0030925,0.00881391,0.0569997,0.164702,0.405451,1.27168,innovation-maintain,high,MS,CDR_regional,CDR,OEW,CDR_regional,missing,missing,missing,missing,missing,missing,Mt
0.0,0.0,0.0,8.93304E-4,0.0033774,0.02999,0.112144,0.41544,1.34603,innovation-maintain,high,MS,CDR_regional,CDR,TEW,CDR_regional,missing,missing,missing,missing,missing,missing,Mt
0.0,0.0,0.0,3.66992E-5,0.0772859,0.418129,1.02058,1.67615,2.1635,innovation-maintain,high,MO,CDR_regional,CDR,BECCS,CDR_regional,missing,missing,missing,missing,missing,missing,Mt
0.0,0.0,0.0,0.0711289,0.112582,0.0698805,0.16206,0.379161,1.39806,innovation-maintain,high,MO,CDR_regional,CDR,DAC,CDR_regional,missing,missing,missing,missing,missing,missing,Mt
0.0,0.0,0.0,0.00198397,0.00780371,0.08162,0.329614,1.18217,4.10127,innovation-maintain,high,MO,CDR_regional,CDR,TEW,CDR_regional,missing,missing,missing,missing,missing,missing,Mt
0.0,0.0,0.0,1.08014E-5,0.0232027,0.118005,0.289671,0.830532,1.67865,innovation-maintain,high,MT,CDR_regional,CDR,BECCS,CDR_regional,missing,missing,missing,missing,missing,missing,Mt
0.0,0.0,0.0,0.0248386,0.0463091,0.023337,0.0544754,0.142115,0.547435,innovation-maintain,high,MT,CDR_regional,CDR,DAC,CDR_regional,missing,missing,missing,missing,missing,missing,Mt
0.0,0.0,0.0,7.91183E-4,0.0034438,0.0354282,0.150703,0.630002,2.71419,innovation-maintain,high,MT,CDR_regional,CDR,TEW,CDR_regional,missing,missing,missing,missing,missing,missing,Mt
0.0,0.0,0.0,2.18854E-5,0.046634,0.243822,0.595516,1.47808,1.7776,innovation-maintain,high,NE,CDR_regional,CDR,BECCS,CDR_regional,missing,missing,missing,missing,missing,missing,Mt
0.0,0.0,0.0,0.051928,0.0843029,0.0445403,0.103593,0.2598,0.931867,innovation-maintain,high,NE,CDR_regional,CDR,DAC,CDR_regional,missing,missing,missing,missing,missing,missing,Mt
0.0,0.0,0.0,0.00118443,0.00469507,0.0471529,0.1909,0.724991,2.82632,innovation-maintain,high,NE,CDR_regional,CDR,TEW,CDR_regional,missing,missing,missing,missing,missing,missing,Mt
0.0,0.0,0.0,9.76756E-6,0.0209261,0.107049,0.264927,0.762327,1.66498,innovation-maintain,high,NV,CDR_regional,CDR,BECCS,CDR_regional,missing,missing,missing,missing,missing,missing,Mt
0.0,0.0,0.0,0.0224612,0.0417653,0.0211703,0.049822,0.130444,0.491555,innovation-maintain,high,NV,CDR_regional,CDR,DAC,CDR_regional,missing,missing,missing,missing,missing,missing,Mt
0.0,0.0,0.0,8.75413E-4,0.0039387,0.0416786,0.178111,0.703722,2.09975,innovation-maintain,high,NV,CDR_regional,CDR,TEW,CDR_regional,missing,missing,missing,missing,missing,missing,Mt
0.0,0.0,0.0,4.44996E-5,0.00590558,0.0306106,0.0713592,0.214783,1.05879,innovation-maintain,high,NH,CDR_regional,CDR,BECCS,CDR_regional,missing,missing,missing,missing,missing,missing,Mt
0.0,0.0,0.0,0.00260151,0.00437647,0.00351044,0.00754557,0.0180788,0.0655171,innovation-maintain,high,NH,CDR_regional,CDR,DAC,CDR_regional,missing,missing,missing,missing,missing,missing,Mt
0.0,0.0,0.0,5.16552E-4,0.00164752,0.0115886,0.0330442,0.0833348,0.331267,innovation-maintain,high,NH,CDR_regional,CDR,OEW,CDR_regional,missing,missing,missing,missing,missing,missing,Mt
0.0,0.0,0.0,2.04185E-4,9.23631E-4,0.00899546,0.02975,0.0816136,0.12275,innovation-maintain,high,NH,CDR_regional,CDR,TEW,CDR_regional,missing,missing,missing,missing,missing,missing,Mt
0.0,0.0,0.0,2.16151E-5,0.0450667,0.225228,0.527606,1.49982,1.82356,innovation-maintain,high,NJ,CDR_regional,CDR,BECCS,CDR_regional,missing,missing,missing,missing,missing,missing,Mt
0.0,0.0,0.0,0.0396325,0.0602928,0.0360804,0.0790331,0.218685,0.841545,innovation-maintain,high,NJ,CDR_regional,CDR,DAC,CDR_regional,missing,missing,missing,missing,missing,missing,Mt
0.0,0.0,0.0,0.00678659,0.0199464,0.135978,0.391077,1.03918,3.74355,innovation-maintain,high,NJ,CDR_regional,CDR,OEW,CDR_regional,missing,missing,missing,missing,missing,missing,Mt
0.0,0.0,0.0,0.00219813,0.009505,0.0807716,0.213975,0.335086,0.390845,innovation-maintain,high,NJ,CDR_regional,CDR,TEW,CDR_regional,missing,missing,missing,missing,missing,missing,Mt
0.0,0.0,0.0,1.69384E-5,0.0367044,0.181077,0.444169,1.2675,1.82279,innovation-maintain,high,NM,CDR_regional,CDR,BECCS,CDR_regional,missing,missing,missing,missing,missing,missing,Mt
0.0,0.0,0.0,0.0488303,0.0850286,0.0378855,0.0883718,0.238445,0.89898,innovation-maintain,high,NM,CDR_regional,CDR,DAC,CDR_regional,missing,missing,missing,missing,missing,missing,Mt
0.0,0.0,0.0,0.00113482,0.00507766,0.0516492,0.220383,0.880553,2.8902,innovation-maintain,high,NM,CDR_regional,CDR,TEW,CDR_regional,missing,missing,missing,missing,missing,missing,Mt
0.0,0.0,0.0,3.62908E-5,0.0762124,0.382794,0.893792,1.53473,2.02103,innovation-maintain,high,NY,CDR_regional,CDR,BECCS,CDR_regional,missing,missing,missing,missing,missing,missing,Mt
0.0,0.0,0.0,0.0544666,0.0904001,0.0571908,0.125436,0.311496,1.17133,innovation-maintain,high,NY,CDR_regional,CDR,DAC,CDR_regional,missing,missing,missing,missing,missing,missing,Mt
0.0,0.0,0.0,0.0102981,0.0297029,0.20307,0.581297,1.43657,5.21504,innovation-maintain,high,NY,CDR_regional,CDR,OEW,CDR_regional,missing,missing,missing,missing,missing,missing,Mt
0.0,0.0,0.0,0.00336883,0.0144675,0.148299,0.590642,2.36061,7.98154,innovation-maintain,high,NY,CDR_regional,CDR,TEW,CDR_regional,missing,missing,missing,missing,missing,missing,Mt
0.0,0.0,0.0,2.68147E-5,0.0558402,0.264377,0.617406,1.52062,1.84988,innovation-maintain,high,NC,CDR_regional,CDR,BECCS,CDR_regional,missing,missing,missing,missing,missing,missing,Mt
0.0,0.0,0.0,0.0631294,0.0949407,0.0476436,0.103781,0.274035,1.01203,innovation-maintain,high,NC,CDR_regional,CDR,DAC,CDR_regional,missing,missing,missing,missing,missing,missing,Mt
0.0,0.0,0.0,0.00594092,0.0179789,0.117319,0.340109,0.869352,2.94172,innovation-maintain,high,NC,CDR_regional,CDR,OEW,CDR_regional,missing,missing,missing,missing,missing,missing,Mt
0.0,0.0,0.0,0.00217713,0.00899136,0.0838701,0.314799,1.07179,2.82938,innovation-maintain,high,NC,CDR_regional,CDR,TEW,CDR_regional,missing,missing,missing,missing,missing,missing,Mt
0.0,0.0,0.0,2.14399E-5,0.0456579,0.238553,0.582648,1.47431,1.76852,innovation-maintain,high,ND,CDR_regional,CDR,BECCS,CDR_regional,missing,missing,missing,missing,missing,missing,Mt
0.0,0.0,0.0,0.0508712,0.0825382,0.0435777,0.101355,0.255081,0.912367,innovation-maintain,high,ND,CDR_regional,CDR,DAC,CDR_regional,missing,missing,missing,missing,missing,missing,Mt
0.0,0.0,0.0,0.00117508,0.00470144,0.0473732,0.191943,0.724845,2.74728,innovation-maintain,high,ND,CDR_regional,CDR,TEW,CDR_regional,missing,missing,missing,missing,missing,missing,Mt
0.0,0.0,0.0,5.5645E-5,0.117192,0.617107,1.18728,1.88332,2.61007,innovation-maintain,high,OH,CDR_regional,CDR,BECCS,CDR_regional,missing,missing,missing,missing,missing,missing,Mt
0.0,0.0,0.0,0.129967,0.198612,0.11065,0.250298,0.635115,2.4338,innovation-maintain,high,OH,CDR_regional,CDR,DAC,CDR_regional,missing,missing,missing,missing,missing,missing,Mt
0.0,0.0,0.0,0.00436261,0.0181428,0.18707,0.708953,2.26757,5.93195,innovation-maintain,high,OH,CDR_regional,CDR,TEW,CDR_regional,missing,missing,missing,missing,missing,missing,Mt
0.0,0.0,0.0,3.18867E-5,0.0692491,0.34293,0.83721,1.62389,2.05909,innovation-maintain,high,OK,CDR_regional,CDR,BECCS,CDR_regional,missing,missing,missing,missing,missing,missing,Mt
0.0,0.0,0.0,0.0885138,0.156768,0.0716883,0.165597,0.413492,1.61959,innovation-maintain,high,OK,CDR_regional,CDR,DAC,CDR_regional,missing,missing,missing,missing,missing,missing,Mt
0.0,0.0,0.0,0.00176315,0.00759446,0.0773196,0.335493,1.4095,5.13824,innovation-maintain,high,OK,CDR_regional,CDR,TEW,CDR_regional,missing,missing,missing,missing,missing,missing,Mt
0.0,0.0,0.0,1.01112E-5,0.0215984,0.0987924,0.233522,0.694847,1.64604,innovation-maintain,high,OR,CDR_regional,CDR,BECCS,CDR_regional,missing,missing,missing,missing,missing,missing,Mt
0.0,0.0,0.0,0.023008,0.0425893,0.0194203,0.0436382,0.118038,0.448292,innovation-maintain,high,OR,CDR_regional,CDR,DAC,CDR_regional,missing,missing,missing,missing,missing,missing,Mt
0.0,0.0,0.0,0.00141406,0.00414105,0.0259215,0.0756474,0.190776,0.644663,innovation-maintain,high,OR,CDR_regional,CDR,OEW,CDR_regional,missing,missing,missing,missing,missing,missing,Mt
0.0,0.0,0.0,8.52034E-4,0.00371941,0.0346089,0.141383,0.592954,2.14227,innovation-maintain,high,OR,CDR_regional,CDR,TEW,CDR_regional,missing,missing,missing,missing,missing,missing,Mt
0.0,0.0,0.0,4.81331E-5,0.100234,0.497366,1.12622,1.71297,2.31658,innovation-maintain,high,PA,CDR_regional,CDR,BECCS,CDR_regional,missing,missing,missing,missing,missing,missing,Mt
0.0,0.0,0.0,0.089114,0.135493,0.0801059,0.17451,0.445012,1.68911,innovation-maintain,high,PA,CDR_regional,CDR,DAC,CDR_regional,missing,missing,missing,missing,missing,missing,Mt
0.0,0.0,0.0,0.013462,0.0402298,0.272481,0.779899,1.91029,6.76034,innovation-maintain,high,PA,CDR_regional,CDR,OEW,CDR_regional,missing,missing,missing,missing,missing,missing,Mt
0.0,0.0,0.0,0.00479341,0.0207295,0.203118,0.708524,2.00693,3.51854,innovation-maintain,high,PA,CDR_regional,CDR,TEW,CDR_regional,missing,missing,missing,missing,missing,missing,Mt
0.0,0.0,0.0,3.49878E-5,0.00465689,0.0242778,0.0572926,0.187507,0.951946,innovation-maintain,high,RI,CDR_regional,CDR,BECCS,CDR_regional,missing,missing,missing,missing,missing,missing,Mt
0.0,0.0,0.0,0.00204544,0.0034511,0.0027842,0.00605815,0.015783,0.0589056,innovation-maintain,high,RI,CDR_regional,CDR,DAC,CDR_regional,missing,missing,missing,missing,missing,missing,Mt
0.0,0.0,0.0,3.64121E-4,0.00115555,0.00816909,0.0235699,0.0641987,0.262188,innovation-maintain,high,RI,CDR_regional,CDR,OEW,CDR_regional,missing,missing,missing,missing,missing,missing,Mt
0.0,0.0,0.0,1.70453E-4,7.67748E-4,0.00643647,0.0164796,0.0230274,0.0277931,innovation-maintain,high,RI,CDR_regional,CDR,TEW,CDR_regional,missing,missing,missing,missing,missing,missing,Mt
0.0,0.0,0.0,1.58497E-5,0.0331549,0.157059,0.365957,1.07515,1.69294,innovation-maintain,high,SC,CDR_regional,CDR,BECCS,CDR_regional,missing,missing,missing,missing,missing,missing,Mt
0.0,0.0,0.0,0.0373147,0.0563706,0.0283038,0.0615142,0.165661,0.597783,innovation-maintain,high,SC,CDR_regional,CDR,DAC,CDR_regional,missing,missing,missing,missing,missing,missing,Mt
0.0,0.0,0.0,0.00391579,0.0112354,0.0732535,0.211947,0.533613,1.74973,innovation-maintain,high,SC,CDR_regional,CDR,OEW,CDR_regional,missing,missing,missing,missing,missing,missing,Mt
0.0,0.0,0.0,0.00120766,0.00487109,0.0449889,0.16643,0.559873,1.43897,innovation-maintain,high,SC,CDR_regional,CDR,TEW,CDR_regional,missing,missing,missing,missing,missing,missing,Mt
0.0,0.0,0.0,9.7093E-6,0.0206811,0.108068,0.26388,0.754594,1.60879,innovation-maintain,high,SD,CDR_regional,CDR,BECCS,CDR_regional,missing,missing,missing,missing,missing,missing,Mt
0.0,0.0,0.0,0.0230375,0.0373864,0.0197414,0.0459033,0.117498,0.423757,innovation-maintain,high,SD,CDR_regional,CDR,DAC,CDR_regional,missing,missing,missing,missing,missing,missing,Mt
0.0,0.0,0.0,5.31915E-4,0.00211979,0.0213483,0.0867985,0.340847,1.40185,innovation-maintain,high,SD,CDR_regional,CDR,TEW,CDR_regional,missing,missing,missing,missing,missing,missing,Mt
0.0,0.0,0.0,2.68685E-5,0.0568743,0.299124,0.734509,1.55039,1.90067,innovation-maintain,high,TN,CDR_regional,CDR,BECCS,CDR_regional,missing,missing,missing,missing,missing,missing,Mt
0.0,0.0,0.0,0.0639503,0.0978387,0.0542257,0.12423,0.313077,1.10696,innovation-maintain,high,TN,CDR_regional,CDR,DAC,CDR_regional,missing,missing,missing,missing,missing,missing,Mt
0.0,0.0,0.0,0.00159349,0.00628463,0.062915,0.245637,0.817982,2.3557,innovation-maintain,high,TN,CDR_regional,CDR,TEW,CDR_regional,missing,missing,missing,missing,missing,missing,Mt
0.0,0.0,0.0,1.03163E-5,0.395581,1.21094,1.36872,2.82637,4.73339,innovation-maintain,high,TX,CDR_regional,CDR,BECCS,CDR_regional,missing,missing,missing,missing,missing,missing,Mt
0.0,0.0,0.0,0.733314,1.30968,0.394618,0.870385,2.40748,10.1471,innovation-maintain,high,TX,CDR_regional,CDR,DAC,CDR_regional,missing,missing,missing,missing,missing,missing,Mt
0.0,0.0,0.0,0.0559951,0.168254,0.948339,2.79435,6.95329,25.5149,innovation-maintain,high,TX,CDR_regional,CDR,OEW,CDR_regional,missing,missing,missing,missing,missing,missing,Mt
0.0,0.0,0.0,0.0114898,0.0500477,0.416793,1.70143,6.98748,23.4368,innovation-maintain,high,TX,CDR_regional,CDR,TEW,CDR_regional,missing,missing,missing,missing,missing,missing,Mt
0.0,0.0,0.0,1.58842E-5,0.0341412,0.173889,0.42753,1.23092,1.72954,innovation-maintain,high,UT,CDR_regional,CDR,BECCS,CDR_regional,missing,missing,missing,missing,missing,missing,Mt
0.0,0.0,0.0,0.036527,0.0681407,0.0343889,0.080401,0.210627,0.749012,innovation-maintain,high,UT,CDR_regional,CDR,DAC,CDR_regional,missing,missing,missing,missing,missing,missing,Mt
0.0,0.0,0.0,0.00121084,0.00519854,0.0520927,0.204077,0.664265,1.62656,innovation-maintain,high,UT,CDR_regional,CDR,TEW,CDR_regional,missing,missing,missing,missing,missing,missing,Mt
0.0,0.0,0.0,2.7598E-5,0.00370139,0.0214065,0.0524563,0.151685,0.683429,innovation-maintain,high,VT,CDR_regional,CDR,BECCS,CDR_regional,missing,missing,missing,missing,missing,missing,Mt
0.0,0.0,0.0,0.00163575,0.00278476,0.00247704,0.0056019,0.0129215,0.0429607,innovation-maintain,high,VT,CDR_regional,CDR,DAC,CDR_regional,missing,missing,missing,missing,missing,missing,Mt
0.0,0.0,0.0,1.26073E-4,5.78799E-4,0.00660065,0.0264091,0.0951828,0.289965,innovation-maintain,high,VT,CDR_regional,CDR,TEW,CDR_regional,missing,missing,missing,missing,missing,missing,Mt
0.0,0.0,0.0,2.36136E-5,0.0492173,0.234262,0.548391,1.49787,1.79593,innovation-maintain,high,VA,CDR_regional,CDR,BECCS,CDR_regional,missing,missing,missing,missing,missing,missing,Mt
0.0,0.0,0.0,0.0555931,0.0836802,0.0422166,0.0921796,0.246106,0.900235,innovation-maintain,high,VA,CDR_regional,CDR,DAC,CDR_regional,missing,missing,missing,missing,missing,missing,Mt
0.0,0.0,0.0,0.00577501,0.0169548,0.110589,0.319872,0.795711,2.62603,innovation-maintain,high,VA,CDR_regional,CDR,OEW,CDR_regional,missing,missing,missing,missing,missing,missing,Mt
0.0,0.0,0.0,0.00214109,0.00907243,0.0861675,0.322892,1.07654,2.65803,innovation-maintain,high,VA,CDR_regional,CDR,TEW,CDR_regional,missing,missing,missing,missing,missing,missing,Mt
0.0,0.0,0.0,1.80553E-5,0.0386889,0.178635,0.421595,1.25396,1.73492,innovation-maintain,high,WA,CDR_regional,CDR,BECCS,CDR_regional,missing,missing,missing,missing,missing,missing,Mt
0.0,0.0,0.0,0.041085,0.0762896,0.0351156,0.0787834,0.213017,0.799634,innovation-maintain,high,WA,CDR_regional,CDR,DAC,CDR_regional,missing,missing,missing,missing,missing,missing,Mt
0.0,0.0,0.0,0.00430887,0.0113855,0.0716203,0.207873,0.496297,1.64693,innovation-maintain,high,WA,CDR_regional,CDR,OEW,CDR_regional,missing,missing,missing,missing,missing,missing,Mt
0.0,0.0,0.0,0.00166634,0.00756272,0.0727171,0.297414,1.17816,3.52467,innovation-maintain,high,WA,CDR_regional,CDR,TEW,CDR_regional,missing,missing,missing,missing,missing,missing,Mt
0.0,0.0,0.0,2.57027E-5,0.054063,0.285946,0.707634,1.61848,1.97396,innovation-maintain,high,WV,CDR_regional,CDR,BECCS,CDR_regional,missing,missing,missing,missing,missing,missing,Mt
0.0,0.0,0.0,0.0600324,0.0916238,0.0512715,0.120088,0.311993,1.11423,innovation-maintain,high,WV,CDR_regional,CDR,DAC,CDR_regional,missing,missing,missing,missing,missing,missing,Mt
0.0,0.0,0.0,0.00226273,0.00957592,0.0932795,0.299863,0.711165,0.822641,innovation-maintain,high,WV,CDR_regional,CDR,TEW,CDR_regional,missing,missing,missing,missing,missing,missing,Mt
0.0,0.0,0.0,2.86488E-5,0.0597395,0.321091,0.789616,1.61474,2.02712,innovation-maintain,high,WI,CDR_regional,CDR,BECCS,CDR_regional,missing,missing,missing,missing,missing,missing,Mt
0.0,0.0,0.0,0.0555259,0.0870222,0.0536628,0.125385,0.310267,1.16015,innovation-maintain,high,WI,CDR_regional,CDR,DAC,CDR_regional,missing,missing,missing,missing,missing,missing,Mt
0.0,0.0,0.0,0.0020028,0.00926881,0.108965,0.477746,1.81398,4.84254,innovation-maintain,high,WI,CDR_regional,CDR,TEW,CDR_regional,missing,missing,missing,missing,missing,missing,Mt
0.0,0.0,0.0,2.02326E-5,0.0439298,0.21709,0.532469,1.51946,1.86305,innovation-maintain,high,WY,CDR_regional,CDR,BECCS,CDR_regional,missing,missing,missing,missing,missing,missing,Mt
0.0,0.0,0.0,0.0583268,0.101767,0.0454202,0.10594,0.285844,1.06393,innovation-maintain,high,WY,CDR_regional,CDR,DAC,CDR_regional,missing,missing,missing,missing,missing,missing,Mt
0.0,0.0,0.0,0.0014033,0.00603035,0.0591318,0.243602,0.921312,3.0318,innovation-maintain,high,WY,CDR_regional,CDR,TEW,CDR_regional,missing,missing,missing,missing,missing,missing,Mt
