,2025_supply,2030_supply,2035_supply,2040_supply,2045_supply,2050_supply,2025_price,2030_price,2035_price,2040_price,2045_price,2050_price,product_price,GCAM,Units_supply,Units_price,colors,2025_subsidized,2030_subsidized,2035_subsidized,2040_subsidized,2045_subsidized,2050_subsidized
236,0.011447773333333335,0.057784833333333334,0.10386713333333333,0.2191643666666667,0.6832723333333335,3.347380666666667,217.59864545454542,178.70615454545452,159.50962090909087,145.75883454545453,133.19338909090905,121.71113727272724,BECCS,VT,Mt CO$_{2}$-eq,2025USD/t CO$_{2}$-eq,#BFBE43,132.59864545454542,93.70615454545452,159.50962090909087,145.75883454545453,133.19338909090905,121.71113727272724
93,0.021712056666666667,0.11041616666666668,0.16713326666666667,0.3372017,1.0836796666666668,5.350583333333334,217.59864545454542,178.70615454545452,159.50962090909087,145.75883454545453,133.19338909090905,121.71113727272724,BECCS,ME,Mt CO$_{2}$-eq,2025USD/t CO$_{2}$-eq,#BFBE43,132.59864545454542,93.70615454545452,159.50962090909087,145.75883454545453,133.19338909090905,121.71113727272724
147,0.01940466,0.09833486666666667,0.14916843333333332,0.3018983,0.9898606666666666,5.332433333333333,217.59864545454542,178.70615454545452,159.50962090909087,145.75883454545453,133.19338909090905,121.71113727272724,BECCS,NH,Mt CO$_{2}$-eq,2025USD/t CO$_{2}$-eq,#BFBE43,132.59864545454542,93.70615454545452,159.50962090909087,145.75883454545453,133.19338909090905,121.71113727272724
203,0.015327656666666667,0.07773956666666668,0.11897343333333334,0.24471333333333334,0.8773893333333334,4.802600000000001,217.59864545454542,178.70615454545452,159.50962090909087,145.75883454545453,133.19338909090905,121.71113727272724,BECCS,RI,Mt CO$_{2}$-eq,2025USD/t CO$_{2}$-eq,#BFBE43,132.59864545454542,93.70615454545452,159.50962090909087,145.75883454545453,133.19338909090905,121.71113727272724
38,0.016123763333333336,0.0809127,0.1324766666666667,0.26702353333333334,0.8424386666666667,4.101313333333334,217.59864545454542,178.70615454545452,159.50962090909087,145.75883454545453,133.19338909090905,121.71113727272724,BECCS,DE,Mt CO$_{2}$-eq,2025USD/t CO$_{2}$-eq,#BFBE43,132.59864545454542,93.70615454545452,159.50962090909087,145.75883454545453,133.19338909090905,121.71113727272724
48,0.04403886666666667,0.1330461,2.340869666666667,5.830990000000001,16.28517,66.85910000000001,193.26297272727268,161.40916090909087,148.18874181818177,138.32903454545453,130.63821,126.6363327272727,OEW,FL,Mt CO$_{2}$-eq,2025USD/t CO$_{2}$-eq,#698FC6,193.26297272727268,161.40916090909087,148.18874181818177,138.32903454545453,130.63821,126.6363327272727
60,,,0.14341213333333333,0.5223423333333334,2.3070923333333333,8.615200000000002,,,190.21519090909086,159.8900945454545,139.6453036363636,135.13751454545454,TEW,ID,Mt CO$_{2}$-eq,2025USD/t CO$_{2}$-eq,#DD9452,,,190.21519090909086,159.8900945454545,139.6453036363636,135.13751454545454
136,,,0.13974950000000003,0.48155800000000004,2.087305,9.05927,,,215.3244545454545,183.96823636363632,161.31266999999997,146.9919218181818,TEW,MT,Mt CO$_{2}$-eq,2025USD/t CO$_{2}$-eq,#DD9452,,,215.3244545454545,183.96823636363632,161.31266999999997,146.9919218181818
196,,,0.13979716666666667,0.4688676666666666,2.044449,7.505850000000001,,,203.1632727272727,173.0381454545454,153.1448809090909,147.23597727272724,TEW,OR,Mt CO$_{2}$-eq,2025USD/t CO$_{2}$-eq,#DD9452,,,203.1632727272727,173.0381454545454,153.1448809090909,147.23597727272724
252,,,0.3080968,1.0593880000000002,4.349656666666667,12.993970000000001,,,189.79595454545452,160.4492427272727,145.14378818181817,149.00924727272726,TEW,WA,Mt CO$_{2}$-eq,2025USD/t CO$_{2}$-eq,#DD9452,,,189.79595454545452,160.4492427272727,145.14378818181817,149.00924727272726
169,,0.029166243333333335,0.608014,2.017656666666667,8.304486666666667,28.86708,,234.7773545454545,194.4025636363636,165.53880545454544,147.63924272727272,149.2431545454545,TEW,NY,Mt CO$_{2}$-eq,2025USD/t CO$_{2}$-eq,#DD9452,,234.7773545454545,194.4025636363636,165.53880545454544,147.63924272727272,149.2431545454545
146,,,0.17674506666666667,0.6375783333333335,2.6383170000000002,7.854330000000001,,,192.23151818181813,162.04966090909087,144.54637636363634,149.36326909090909,TEW,NV,Mt CO$_{2}$-eq,2025USD/t CO$_{2}$-eq,#DD9452,,,192.23151818181813,162.04966090909087,144.54637636363634,149.36326909090909
56,0.04104833333333334,0.20528126666666668,0.4053353333333334,0.8618353333333334,2.6588650000000005,6.235533333333334,217.59864545454542,178.70615454545452,159.50962090909087,145.75883454545453,133.19338909090905,150.51250909090905,BECCS,ID,Mt CO$_{2}$-eq,2025USD/t CO$_{2}$-eq,#BFBE43,132.59864545454542,93.70615454545452,159.50962090909087,145.75883454545453,133.19338909090905,150.51250909090905
191,0.05732980000000001,0.28835400000000005,0.48142233333333334,0.9805913333333334,3.107676,6.254123333333334,217.59864545454542,178.70615454545452,159.50962090909087,145.75883454545453,133.19338909090905,156.46799454545453,BECCS,OR,Mt CO$_{2}$-eq,2025USD/t CO$_{2}$-eq,#BFBE43,132.59864545454542,93.70615454545452,159.50962090909087,145.75883454545453,133.19338909090905,156.46799454545453
190,,,0.33991393333333336,1.3324410000000002,6.077280000000001,21.503276666666668,,,228.23094545454543,186.31895454545452,157.84997727272724,156.99320454545452,TEW,OK,Mt CO$_{2}$-eq,2025USD/t CO$_{2}$-eq,#DD9452,,,228.23094545454543,186.31895454545452,157.84997727272724,156.99320454545452
103,,0.02177967,0.3261654,0.7953623333333334,2.2010009999999998,7.921576666666667,,192.78218181818178,179.99380909090905,169.7840727272727,162.11371090909088,157.86977454545453,OEW,MD,Mt CO$_{2}$-eq,2025USD/t CO$_{2}$-eq,#698FC6,,192.78218181818178,179.99380909090905,169.7840727272727,162.11371090909088,157.86977454545453
262,,,0.5320186666666668,2.013253,7.460236666666667,19.335250000000002,,,191.7673636363636,158.98324636363634,145.88693454545452,159.5370709090909,TEW,WI,Mt CO$_{2}$-eq,2025USD/t CO$_{2}$-eq,#DD9452,,,191.7673636363636,158.98324636363634,145.88693454545452,159.5370709090909
215,0.05129226666666667,0.2609922333333333,0.5317693333333333,1.1277163333333335,3.469884,6.1369733333333345,217.59864545454542,178.70615454545452,159.50962090909087,145.75883454545453,133.19338909090905,159.8691327272727,BECCS,SD,Mt CO$_{2}$-eq,2025USD/t CO$_{2}$-eq,#BFBE43,132.59864545454542,93.70615454545452,159.50962090909087,145.75883454545453,133.19338909090905,159.8691327272727
163,,,0.2156044,0.7625016666666667,3.1542646666666667,10.42448,,,214.77711818181814,181.89700909090905,161.84153999999998,160.0320027272727,TEW,NM,Mt CO$_{2}$-eq,2025USD/t CO$_{2}$-eq,#DD9452,,,214.77711818181814,181.89700909090905,161.84153999999998,160.0320027272727
142,0.05222433333333334,0.2612764,0.5155956666666667,1.0951783333333334,3.3721013333333336,6.328410000000001,217.59864545454542,178.70615454545452,159.50962090909087,145.75883454545453,133.19338909090905,160.51478999999998,BECCS,NV,Mt CO$_{2}$-eq,2025USD/t CO$_{2}$-eq,#BFBE43,132.59864545454542,93.70615454545452,159.50962090909087,145.75883454545453,133.19338909090905,160.51478999999998
76,,,0.33332896666666667,1.2277466666666668,5.228226666666667,19.703016666666667,,,229.92619090909085,191.66754545454543,165.44713909090905,160.95947999999996,TEW,IA,Mt CO$_{2}$-eq,2025USD/t CO$_{2}$-eq,#DD9452,,,229.92619090909085,191.66754545454543,165.44713909090905,160.95947999999996
157,0.013374863333333334,0.03562170333333334,0.524117,1.2833076666666667,3.6220470000000002,13.917750000000002,224.7206727272727,196.11444545454543,184.2460636363636,173.9797636363636,166.7412818181818,162.29454818181816,OEW,NJ,Mt CO$_{2}$-eq,2025USD/t CO$_{2}$-eq,#698FC6,224.7206727272727,196.11444545454543,184.2460636363636,173.9797636363636,166.7412818181818,162.29454818181816
120,,,0.3074599,1.1344666666666667,4.783716666666668,17.22358,,,230.7779727272727,192.2481545454545,166.6364727272727,163.75039636363633,TEW,MN,Mt CO$_{2}$-eq,2025USD/t CO$_{2}$-eq,#DD9452,,,230.7779727272727,192.2481545454545,166.6364727272727,163.75039636363633
42,,,0.06186180000000001,0.15044993333333334,0.41245233333333337,1.6576963333333334,,,186.80140909090906,176.4768818181818,168.99384545454544,164.61498818181818,OEW,DE,Mt CO$_{2}$-eq,2025USD/t CO$_{2}$-eq,#698FC6,,,186.80140909090906,176.4768818181818,168.99384545454544,164.61498818181818
132,0.05756446666666667,0.2894470333333333,0.572957,1.210286,3.7080266666666666,6.3782033333333334,217.59864545454542,178.70615454545452,159.50962090909087,145.75883454545453,133.19338909090905,165.23086636363632,BECCS,MT,Mt CO$_{2}$-eq,2025USD/t CO$_{2}$-eq,#BFBE43,132.59864545454542,93.70615454545452,159.50962090909087,145.75883454545453,133.19338909090905,165.23086636363632
32,0.051547833333333334,0.2603304,0.39689833333333335,0.808764,2.7995,4.746206666666667,217.59864545454542,178.70615454545452,159.50962090909087,145.75883454545453,133.19338909090905,166.52500909090907,BECCS,CT,Mt CO$_{2}$-eq,2025USD/t CO$_{2}$-eq,#BFBE43,132.59864545454542,93.70615454545452,159.50962090909087,145.75883454545453,133.19338909090905,166.52500909090907
230,0.018944713333333335,0.07433983333333334,1.7222920000000002,5.920860000000001,25.61221666666667,87.25383333333335,353.8338272727272,268.4227363636363,219.65489999999997,184.09134545454543,163.6138118181818,167.09230909090905,TEW,TX,Mt CO$_{2}$-eq,2025USD/t CO$_{2}$-eq,#DD9452,353.8338272727272,268.4227363636363,219.65489999999997,184.09134545454543,163.6138118181818,167.09230909090905
201,0.026525473333333337,0.07086163333333334,1.0323133333333334,2.4671350000000003,6.40948,24.171693333333334,233.54626363636362,203.8004454545454,191.4745636363636,181.19329090909088,173.79509999999996,169.42139999999998,OEW,PA,Mt CO$_{2}$-eq,2025USD/t CO$_{2}$-eq,#698FC6,233.54626363636362,203.8004454545454,191.4745636363636,181.19329090909088,173.79509999999996,169.42139999999998
229,0.09167143333333334,0.2267782,3.329953,7.938223333333333,21.156593333333337,83.52336666666667,225.34786363636357,199.37018181818178,189.9323727272727,179.84241818181815,174.37570909090908,169.54284545454541,OEW,TX,Mt CO$_{2}$-eq,2025USD/t CO$_{2}$-eq,#698FC6,225.34786363636357,199.37018181818178,189.9323727272727,179.84241818181815,174.37570909090908,169.54284545454541
31,,,0.28638830000000004,0.9734523333333333,3.84439,14.483223333333335,,,233.37324545454538,200.3450727272727,177.38522727272724,169.8073636363636,TEW,CO,Mt CO$_{2}$-eq,2025USD/t CO$_{2}$-eq,#DD9452,,,233.37324545454538,200.3450727272727,177.38522727272724,169.8073636363636
65,0.02728113666666667,0.07217943333333333,1.0586950000000002,2.489421,6.3265400000000005,23.96394,231.52660909090903,203.19820909090905,191.4246545454545,181.3713,174.18771818181816,169.83730909090906,OEW,IL,Mt CO$_{2}$-eq,2025USD/t CO$_{2}$-eq,#698FC6,231.52660909090903,203.19820909090905,191.4246545454545,181.3713,174.18771818181816,169.83730909090906
99,0.07582080000000001,0.37928733333333337,0.6248733333333333,1.2570360000000003,3.9685433333333338,6.352426666666667,217.59864545454542,178.70615454545452,159.50962090909087,145.75883454545453,133.19338909090905,169.92381818181815,BECCS,MD,Mt CO$_{2}$-eq,2025USD/t CO$_{2}$-eq,#BFBE43,132.59864545454542,93.70615454545452,159.50962090909087,145.75883454545453,133.19338909090905,169.92381818181815
174,0.011084883333333335,0.03095532,0.4809713333333334,1.210286,3.37777,12.327956666666667,252.28712727272725,217.2725727272727,200.59129090909087,187.25391818181816,175.86799090909088,170.34471818181814,OEW,NC,Mt CO$_{2}$-eq,2025USD/t CO$_{2}$-eq,#698FC6,252.28712727272725,217.2725727272727,200.59129090909087,187.25391818181816,175.86799090909088,170.34471818181814
267,,,0.22784996666666668,0.7591026666666667,2.955648666666667,10.072370000000001,,,224.44949999999997,194.0731636363636,175.17591818181816,170.78059090909088,TEW,WY,Mt CO$_{2}$-eq,2025USD/t CO$_{2}$-eq,#DD9452,,,224.44949999999997,194.0731636363636,175.17591818181816,170.78059090909088
168,0.021006003333333335,0.05432386666666667,0.7573646666666667,1.8232830000000002,4.753943333333334,18.448796666666667,232.81925454545447,205.5522545454545,194.63048181818178,184.44569999999996,177.8094545454545,173.26273636363635,OEW,NY,Mt CO$_{2}$-eq,2025USD/t CO$_{2}$-eq,#698FC6,232.81925454545447,205.5522545454545,194.63048181818178,184.44569999999996,177.8094545454545,173.26273636363635
25,0.04440553333333333,0.11599353333333334,1.6533550000000001,3.7907100000000002,10.057703333333334,38.16486666666667,234.90046363636358,206.66522727272724,195.22939090909088,185.12113636363634,178.67620909090905,174.83154545454542,OEW,CA,Mt CO$_{2}$-eq,2025USD/t CO$_{2}$-eq,#698FC6,234.90046363636358,206.66522727272724,195.22939090909088,185.12113636363634,178.67620909090905,174.83154545454542
81,,,0.19457900000000003,0.6604766666666667,2.7073530000000003,11.32626,,,254.18200909090905,218.48869090909088,191.4196636363636,174.85483636363634,TEW,KS,Mt CO$_{2}$-eq,2025USD/t CO$_{2}$-eq,#DD9452,,,254.18200909090905,218.48869090909088,191.4196636363636,174.85483636363634
213,,,0.2796621666666667,0.687698,1.9331216666666668,6.6204600000000005,,,202.25159999999997,190.31500909090906,180.96703636363634,175.69330909090905,OEW,SC,Mt CO$_{2}$-eq,2025USD/t CO$_{2}$-eq,#698FC6,,,202.25159999999997,190.31500909090906,180.96703636363634,175.69330909090905
26,0.013831620000000001,0.05771993333333334,1.2159033333333336,3.762256666666667,13.699803333333334,36.80820000000001,321.6873818181818,242.1023454545454,200.7842727272727,172.2828545454545,161.18656636363633,176.9526818181818,TEW,CA,Mt CO$_{2}$-eq,2025USD/t CO$_{2}$-eq,#DD9452,321.6873818181818,242.1023454545454,200.7842727272727,172.2828545454545,161.18656636363633,176.9526818181818
121,0.09277913333333335,0.47656033333333336,0.7991426666666668,1.621884,5.172346666666667,6.463673333333334,217.59864545454542,178.70615454545452,159.50962090909087,145.75883454545453,133.19338909090905,177.0757909090909,BECCS,MS,Mt CO$_{2}$-eq,2025USD/t CO$_{2}$-eq,#BFBE43,132.59864545454542,93.70615454545452,159.50962090909087,145.75883454545453,133.19338909090905,177.0757909090909
209,0.09027260000000001,0.4582746666666667,0.7601366666666667,1.5307893333333336,4.848506666666667,6.464003333333333,217.59864545454542,178.70615454545452,159.50962090909087,145.75883454545453,133.19338909090905,177.0990818181818,BECCS,SC,Mt CO$_{2}$-eq,2025USD/t CO$_{2}$-eq,#BFBE43,132.59864545454542,93.70615454545452,159.50962090909087,145.75883454545453,133.19338909090905,177.0990818181818
246,,,0.3495041,1.093719,3.7695533333333335,9.509206666666667,,,198.9043636363636,172.96993636363632,163.9160945454545,178.02739090909088,TEW,VA,Mt CO$_{2}$-eq,2025USD/t CO$_{2}$-eq,#DD9452,,,198.9043636363636,172.96993636363632,163.9160945454545,178.02739090909088
219,,,0.07906433333333333,0.25861696666666667,1.0719170000000002,4.399853333333334,,,253.95242727272725,221.06067272727267,197.03110909090904,178.6229727272727,TEW,SD,Mt CO$_{2}$-eq,2025USD/t CO$_{2}$-eq,#DD9452,,,253.95242727272725,221.06067272727267,197.03110909090904,178.6229727272727
240,,,,0.08436156666666667,0.3218702666666667,1.0400903333333333,,,,186.0111818181818,171.1798636363636,179.6976818181818,TEW,VT,Mt CO$_{2}$-eq,2025USD/t CO$_{2}$-eq,#DD9452,,,,186.0111818181818,171.1798636363636,179.6976818181818
245,0.010730243333333334,0.027972010000000002,0.40644633333333335,0.9802356666666667,2.5728340000000003,8.966686666666668,244.61443636363632,215.55237272727265,203.7488727272727,193.25631818181816,186.17255454545452,181.54764545454543,OEW,VA,Mt CO$_{2}$-eq,2025USD/t CO$_{2}$-eq,#698FC6,244.61443636363632,215.55237272727265,203.7488727272727,193.25631818181816,186.17255454545452,181.54764545454543
231,0.08471503333333334,0.4260703333333334,0.8448513333333334,1.791152,5.568456666666667,6.596296666666667,217.59864545454542,178.70615454545452,159.50962090909087,145.75883454545453,133.19338909090905,182.1082909090909,BECCS,UT,Mt CO$_{2}$-eq,2025USD/t CO$_{2}$-eq,#BFBE43,132.59864545454542,93.70615454545452,159.50962090909087,145.75883454545453,133.19338909090905,182.1082909090909
175,,,0.3285267333333334,1.0141743333333333,3.5865133333333334,9.92277,,,211.4415272727272,184.3824818181818,172.3876636363636,183.12643636363632,TEW,NC,Mt CO$_{2}$-eq,2025USD/t CO$_{2}$-eq,#DD9452,,,211.4415272727272,184.3824818181818,172.3876636363636,183.12643636363632
159,0.08659933333333333,0.4337593333333334,0.8772170000000001,1.8523596666666668,5.65873,6.929413333333334,217.59864545454542,178.70615454545452,159.50962090909087,145.75883454545453,133.19338909090905,183.36932727272725,BECCS,NM,Mt CO$_{2}$-eq,2025USD/t CO$_{2}$-eq,#BFBE43,132.59864545454542,93.70615454545452,159.50962090909087,145.75883454545453,133.19338909090905,183.36932727272725
141,,,0.17414210000000002,0.5681133333333334,2.209757,8.79978,,,256.04528181818176,223.1252454545454,199.49661818181815,183.3726545454545,TEW,NE,Mt CO$_{2}$-eq,2025USD/t CO$_{2}$-eq,#DD9452,,,256.04528181818176,223.1252454545454,199.49661818181815,183.3726545454545
66,,0.021372780000000004,0.4274966666666667,1.3270143333333333,5.184226666666667,18.88296666666667,,283.00949999999995,240.42040909090906,207.65342727272724,186.14260909090905,183.87673636363633,TEW,IL,Mt CO$_{2}$-eq,2025USD/t CO$_{2}$-eq,#DD9452,,283.00949999999995,240.42040909090906,207.65342727272724,186.14260909090905,183.87673636363633
180,,,0.17489340000000003,0.5674276666666667,2.1773840000000004,8.41258,,,253.79271818181812,221.58471818181815,199.33025454545452,184.80670909090907,TEW,ND,Mt CO$_{2}$-eq,2025USD/t CO$_{2}$-eq,#DD9452,,,253.79271818181812,221.58471818181815,199.33025454545452,184.80670909090907
247,0.10301536666666668,0.5166406666666667,0.8650326666666667,1.7663396666666669,5.62859,6.627243333333334,217.59864545454542,178.70615454545452,159.50962090909087,145.75883454545453,133.19338909090905,186.5019545454545,BECCS,WA,Mt CO$_{2}$-eq,2025USD/t CO$_{2}$-eq,#BFBE43,132.59864545454542,93.70615454545452,159.50962090909087,145.75883454545453,133.19338909090905,186.5019545454545
54,0.012447196666666669,0.03191914,0.4596606666666667,1.1071903333333333,2.802943,9.71223,247.9683272727272,220.47008181818177,209.40523636363633,198.58993636363633,191.58769090909087,186.6250636363636,OEW,GA,Mt CO$_{2}$-eq,2025USD/t CO$_{2}$-eq,#698FC6,247.9683272727272,220.47008181818177,209.40523636363633,198.58993636363633,191.58769090909087,186.6250636363636
131,,,0.3139766666666667,1.0555673333333335,3.9525200000000003,14.237630000000001,,,251.37545454545452,216.4873363636363,192.54261818181817,186.86462727272726,TEW,MO,Mt CO$_{2}$-eq,2025USD/t CO$_{2}$-eq,#DD9452,,,251.37545454545452,216.4873363636363,192.54261818181817,186.86462727272726
49,,0.020297346666666667,0.4259566666666667,1.2858486666666669,4.992606666666667,20.59475,,280.4225454545454,242.76280909090903,212.54950909090903,193.74209999999997,187.51011818181817,TEW,FL,Mt CO$_{2}$-eq,2025USD/t CO$_{2}$-eq,#DD9452,,280.4225454545454,242.76280909090903,212.54950909090903,193.74209999999997,187.51011818181817
185,,0.030259570000000003,0.7324716666666667,2.2372240000000003,7.487076666666667,20.53282,,254.14374545454544,215.21132727272723,188.4999818181818,177.26045454545454,190.0072363636363,TEW,OH,Mt CO$_{2}$-eq,2025USD/t CO$_{2}$-eq,#DD9452,,254.14374545454544,215.21132727272723,188.4999818181818,177.26045454545454,190.0072363636363
263,0.10351476666666667,0.5200286666666667,1.0580203333333333,2.2397430000000003,6.01447,7.1679666666666675,217.59864545454542,178.70615454545452,159.50962090909087,145.75883454545453,138.2380336363636,191.28490909090905,BECCS,WY,Mt CO$_{2}$-eq,2025USD/t CO$_{2}$-eq,#BFBE43,132.59864545454542,93.70615454545452,159.50962090909087,145.75883454545453,138.2380336363636,191.28490909090905
98,,,0.03724086666666667,0.11885096666666668,0.4616113333333334,1.3739513333333333,,,221.91411818181817,191.55441818181814,177.02089090909087,191.48787272727267,TEW,ME,Mt CO$_{2}$-eq,2025USD/t CO$_{2}$-eq,#DD9452,,,221.91411818181817,191.55441818181814,177.02089090909087,191.48787272727267
235,,,0.20345600000000003,0.6558970000000001,2.267188,5.6588400000000005,,,216.24278181818175,189.1321636363636,179.7076636363636,191.65423636363633,TEW,UT,Mt CO$_{2}$-eq,2025USD/t CO$_{2}$-eq,#DD9452,,,216.24278181818175,189.1321636363636,179.7076636363636,191.65423636363633
15,,,0.2696983666666667,0.8990666666666668,3.1136160000000004,8.0949,,,223.3631454545454,193.0932818181818,180.37145454545453,191.82392727272725,TEW,AZ,Mt CO$_{2}$-eq,2025USD/t CO$_{2}$-eq,#DD9452,,,223.3631454545454,193.0932818181818,180.37145454545453,191.82392727272725
105,0.08950626666666667,0.45385633333333336,0.6932713333333334,1.4215813333333334,4.360216666666667,4.9952466666666675,217.59864545454542,178.70615454545452,159.50962090909087,145.75883454545453,138.01643727272725,192.18327272727268,BECCS,MA,Mt CO$_{2}$-eq,2025USD/t CO$_{2}$-eq,#BFBE43,132.59864545454542,93.70615454545452,159.50962090909087,145.75883454545453,138.01643727272725,192.18327272727268
214,,,0.17383923333333334,0.5284363333333334,1.8847803333333335,4.9874366666666665,,,219.99760909090904,192.88865454545453,182.50090909090906,193.0899545454545,TEW,SC,Mt CO$_{2}$-eq,2025USD/t CO$_{2}$-eq,#DD9452,,,219.99760909090904,192.88865454545453,182.50090909090906,193.0899545454545
43,,,0.04937936666666667,0.15189313333333335,0.4878793333333334,1.010053,,,186.93949090909086,163.30587272727269,159.79293818181813,194.1729818181818,TEW,DE,Mt CO$_{2}$-eq,2025USD/t CO$_{2}$-eq,#DD9452,,,186.93949090909086,163.30587272727269,159.79293818181813,194.1729818181818
36,,,0.11816896666666667,0.28366543333333333,0.828905,2.938078,,,217.0363363636363,206.68352727272725,199.83599999999998,195.3907636363636,OEW,CT,Mt CO$_{2}$-eq,2025USD/t CO$_{2}$-eq,#698FC6,,,217.0363363636363,206.68352727272725,199.83599999999998,195.3907636363636
71,,0.023910260000000003,0.5674973333333333,1.725394,5.8909400000000005,17.64579666666667,,270.59544545454537,231.15395454545452,202.73738181818177,188.2537636363636,195.44899090909087,TEW,IN,Mt CO$_{2}$-eq,2025USD/t CO$_{2}$-eq,#DD9452,,270.59544545454537,231.15395454545452,202.73738181818177,188.2537636363636,195.44899090909087
115,,0.020441923333333334,0.490281,1.5455256666666668,5.100370000000001,14.221130000000002,,265.5745909090909,225.87523636363633,197.8063636363636,184.9780636363636,195.4789363636363,TEW,MI,Mt CO$_{2}$-eq,2025USD/t CO$_{2}$-eq,#DD9452,,265.5745909090909,225.87523636363633,197.8063636363636,184.9780636363636,195.4789363636363
4,,0.025521430000000005,0.37037000000000003,0.8946006666666667,2.2841756666666666,7.672536666666667,,231.48169090909084,219.41034545454542,208.09262727272724,200.62123636363634,195.5454818181818,OEW,AL,Mt CO$_{2}$-eq,2025USD/t CO$_{2}$-eq,#698FC6,,231.48169090909084,219.41034545454542,208.09262727272724,200.62123636363634,195.5454818181818
16,0.11822983333333335,0.6077683333333335,1.2303940000000002,2.627559,5.874513333333334,7.066253333333334,217.59864545454542,178.70615454545452,159.50962090909087,145.75883454545453,145.45438909090907,197.1475636363636,BECCS,AR,Mt CO$_{2}$-eq,2025USD/t CO$_{2}$-eq,#BFBE43,132.59864545454542,93.70615454545452,159.50962090909087,145.75883454545453,145.45438909090907,197.1475636363636
241,0.13473056666666666,0.6809256666666668,1.1294653333333333,2.284667,5.7761000000000005,6.96542,217.59864545454542,178.70615454545452,159.50962090909087,145.75883454545453,142.18051909090906,197.4919363636363,BECCS,VA,Mt CO$_{2}$-eq,2025USD/t CO$_{2}$-eq,#BFBE43,132.59864545454542,93.70615454545452,159.50962090909087,145.75883454545453,142.18051909090906,197.4919363636363
11,0.12100806666666668,0.6074163333333333,1.2342476666666666,2.612756666666667,6.131436666666667,7.415210000000001,217.59864545454542,178.70615454545452,159.50962090909087,145.75883454545453,143.9023827272727,197.51522727272723,BECCS,AZ,Mt CO$_{2}$-eq,2025USD/t CO$_{2}$-eq,#BFBE43,132.59864545454542,93.70615454545452,159.50962090909087,145.75883454545453,143.9023827272727,197.51522727272723
176,0.11326150000000001,0.5762606666666666,1.174085,2.4919363333333333,5.707973333333334,6.863413333333334,217.59864545454542,178.70615454545452,159.50962090909087,145.75883454545453,144.5630127272727,197.7780818181818,BECCS,ND,Mt CO$_{2}$-eq,2025USD/t CO$_{2}$-eq,#BFBE43,132.59864545454542,93.70615454545452,159.50962090909087,145.75883454545453,144.5630127272727,197.7780818181818
251,,,0.2499258666666667,0.6013626666666667,1.5743530000000001,5.5066733333333335,,,219.22069090909088,208.7447727272727,203.66402727272725,198.38031818181815,OEW,WA,Mt CO$_{2}$-eq,2025USD/t CO$_{2}$-eq,#698FC6,,,219.22069090909088,208.7447727272727,203.66402727272725,198.38031818181815
137,0.11559496666666669,0.5883533333333334,1.200441,2.5473250000000003,5.722053333333333,6.898980000000001,217.59864545454542,178.70615454545452,159.50962090909087,145.75883454545453,145.27820999999997,198.8677636363636,BECCS,NE,Mt CO$_{2}$-eq,2025USD/t CO$_{2}$-eq,#BFBE43,132.59864545454542,93.70615454545452,159.50962090909087,145.75883454545453,145.27820999999997,198.8677636363636
86,,,0.32765810000000006,1.0350926666666667,3.4642373333333336,10.220136666666669,,,237.40589999999995,209.17066363636363,194.36263636363634,199.35853636363632,TEW,KY,Mt CO$_{2}$-eq,2025USD/t CO$_{2}$-eq,#DD9452,,,237.40589999999995,209.17066363636363,194.36263636363634,199.35853636363632
151,,,0.04172263333333334,0.09914446666666668,0.2733283666666667,1.1987433333333335,,,221.60301818181813,211.2668454545454,204.5407636363636,200.16872727272724,OEW,NH,Mt CO$_{2}$-eq,2025USD/t CO$_{2}$-eq,#698FC6,,,221.60301818181813,211.2668454545454,204.5407636363636,200.16872727272724
0,0.1502754,0.7694280000000001,1.2852363333333334,2.603106,5.8635866666666665,7.116046666666667,217.59864545454542,178.70615454545452,159.50962090909087,145.75883454545453,146.52077999999997,200.51642727272724,BECCS,AL,Mt CO$_{2}$-eq,2025USD/t CO$_{2}$-eq,#BFBE43,132.59864545454542,93.70615454545452,159.50962090909087,145.75883454545453,146.52077999999997,200.51642727272724
77,0.12615276666666667,0.636889,1.312256,2.780704666666667,6.022573333333334,7.354086666666668,217.59864545454542,178.70615454545452,159.50962090909087,145.75883454545453,146.6364027272727,201.9288545454545,BECCS,KS,Mt CO$_{2}$-eq,2025USD/t CO$_{2}$-eq,#BFBE43,132.59864545454542,93.70615454545452,159.50962090909087,145.75883454545453,146.6364027272727,201.9288545454545
104,,,0.23522070000000003,0.7028010000000001,2.129955666666667,3.76596,,,186.32727272727269,164.24898818181813,163.8964636363636,202.27489090909089,TEW,MD,Mt CO$_{2}$-eq,2025USD/t CO$_{2}$-eq,#DD9452,,,186.32727272727269,164.24898818181813,163.8964636363636,202.27489090909089
55,,,0.23263863333333334,0.6968096666666668,2.4708750000000004,7.615776666666668,,,243.93400909090906,215.12481818181817,199.81104545454542,202.3813636363636,TEW,GA,Mt CO$_{2}$-eq,2025USD/t CO$_{2}$-eq,#DD9452,,,243.93400909090906,215.12481818181817,199.81104545454542,202.3813636363636
153,0.1302059,0.6530663333333333,1.0769733333333333,2.1823633333333334,5.774303333333334,7.083926666666668,217.59864545454542,178.70615454545452,159.50962090909087,145.75883454545453,142.7343436363636,203.26808181818177,BECCS,NJ,Mt CO$_{2}$-eq,2025USD/t CO$_{2}$-eq,#BFBE43,132.59864545454542,93.70615454545452,159.50962090909087,145.75883454545453,142.7343436363636,203.26808181818177
170,0.1526965,0.7717306666666667,1.2753510000000001,2.5660983333333336,5.860250000000001,7.188316666666667,217.59864545454542,178.70615454545452,159.50962090909087,145.75883454545453,146.36090454545453,203.9002636363636,BECCS,NC,Mt CO$_{2}$-eq,2025USD/t CO$_{2}$-eq,#BFBE43,132.59864545454542,93.70615454545452,159.50962090909087,145.75883454545453,146.36090454545453,203.9002636363636
126,,,0.1086723,0.3262526666666667,1.2840960000000001,4.214503333333334,,,261.62012727272725,230.93269090909087,211.92398181818177,204.20637272727268,TEW,MS,Mt CO$_{2}$-eq,2025USD/t CO$_{2}$-eq,#DD9452,,,261.62012727272725,230.93269090909087,211.92398181818177,204.20637272727268
20,,,0.15923453333333334,0.5107923333333333,1.8892903333333333,6.339923333333334,,,265.97386363636355,233.57953636363632,212.2999636363636,204.40600909090907,TEW,AR,Mt CO$_{2}$-eq,2025USD/t CO$_{2}$-eq,#DD9452,,,265.97386363636355,233.57953636363632,212.2999636363636,204.40600909090907
253,0.1377024,0.6964063333333333,1.3857140000000001,2.9648153333333336,6.214413333333334,7.664066666666667,217.59864545454542,178.70615454545452,159.50962090909087,145.75883454545453,149.63360999999998,204.62228181818176,BECCS,WV,Mt CO$_{2}$-eq,2025USD/t CO$_{2}$-eq,#BFBE43,132.59864545454542,93.70615454545452,159.50962090909087,145.75883454545453,149.63360999999998,204.62228181818176
224,,,0.2322994666666667,0.730928,2.501909666666667,7.611486666666667,,,248.91659999999996,219.92440909090905,203.7222545454545,204.83189999999996,TEW,TN,Mt CO$_{2}$-eq,2025USD/t CO$_{2}$-eq,#DD9452,,,248.91659999999996,219.92440909090905,203.7222545454545,204.83189999999996
125,,,0.2049014,0.4918943333333333,1.3191750000000002,4.173400000000001,,,228.1211454545454,216.9448363636363,210.02909999999997,204.8751545454545,OEW,MS,Mt CO$_{2}$-eq,2025USD/t CO$_{2}$-eq,#698FC6,,,228.1211454545454,216.9448363636363,210.02909999999997,204.8751545454545
50,0.1628066,0.8314093333333334,1.3867003333333334,2.800229666666667,5.923133333333333,7.286143333333334,217.59864545454542,178.70615454545452,159.50962090909087,145.75883454545453,149.29788818181817,205.38921818181814,BECCS,GA,Mt CO$_{2}$-eq,2025USD/t CO$_{2}$-eq,#BFBE43,132.59864545454542,93.70615454545452,159.50962090909087,145.75883454545453,149.29788818181817,205.38921818181814
91,0.01837443666666667,0.0440011,0.603966,1.408473,3.2831370000000004,11.5973,256.81221818181814,234.1817727272727,226.48412727272725,216.04813636363633,211.16369999999995,205.83340909090904,OEW,LA,Mt CO$_{2}$-eq,2025USD/t CO$_{2}$-eq,#698FC6,256.81221818181814,234.1817727272727,226.48412727272725,216.04813636363633,211.16369999999995,205.83340909090904
220,0.14314226666666668,0.734206,1.4713013333333336,3.1383293333333335,5.987263333333334,7.38595,217.59864545454542,178.70615454545452,159.50962090909087,145.75883454545453,152.30723999999998,206.89480909090906,BECCS,TN,Mt CO$_{2}$-eq,2025USD/t CO$_{2}$-eq,#BFBE43,132.59864545454542,93.70615454545452,159.50962090909087,145.75883454545453,152.30723999999998,206.89480909090906
27,0.14552963333333335,0.7320206666666667,1.4948560000000002,3.1597976666666665,6.285033333333334,7.840250000000001,217.59864545454542,178.70615454545452,159.50962090909087,145.75883454545453,150.57705818181816,208.35548181818177,BECCS,CO,Mt CO$_{2}$-eq,2025USD/t CO$_{2}$-eq,#BFBE43,132.59864545454542,93.70615454545452,159.50962090909087,145.75883454545453,150.57705818181816,208.35548181818177
202,,0.0406098,0.8397656666666667,2.4576420000000003,7.167856666666667,12.864646666666667,,227.76845454545452,190.41149999999996,168.4215545454545,167.4366818181818,209.0608636363636,TEW,PA,Mt CO$_{2}$-eq,2025USD/t CO$_{2}$-eq,#DD9452,,227.76845454545452,190.41149999999996,168.4215545454545,167.4366818181818,209.0608636363636
207,,,,0.07003113333333333,0.20986826666666666,0.9335920000000001,,,,221.1854454545454,214.56749999999997,210.10562727272722,OEW,RI,Mt CO$_{2}$-eq,2025USD/t CO$_{2}$-eq,#698FC6,,,,221.1854454545454,214.56749999999997,210.10562727272722
5,,,0.1914924,0.5684396666666667,2.018272666666667,6.171220000000001,,,253.77441818181816,224.6990454545454,209.07084545454543,210.26699999999997,TEW,AL,Mt CO$_{2}$-eq,2025USD/t CO$_{2}$-eq,#DD9452,,,253.77441818181816,224.6990454545454,209.07084545454543,210.26699999999997
109,,,0.16900693333333336,0.405295,1.1569946666666666,3.8088233333333337,,,231.9924272727272,221.46327272727268,214.77878181818178,210.36349090909087,OEW,MA,Mt CO$_{2}$-eq,2025USD/t CO$_{2}$-eq,#698FC6,,,231.9924272727272,221.46327272727268,214.77878181818178,210.36349090909087
97,,,0.0399102,0.09446653333333334,0.25510760000000005,1.0205286666666669,,,233.59617272727272,222.76090909090902,215.7120818181818,211.4415272727272,OEW,ME,Mt CO$_{2}$-eq,2025USD/t CO$_{2}$-eq,#698FC6,,,233.59617272727272,222.76090909090902,215.7120818181818,211.4415272727272
82,0.17622403333333336,0.8972370000000001,1.8004726666666666,3.82371,6.4337533333333345,8.177473333333335,217.59864545454542,178.70615454545452,159.50962090909087,145.75883454545453,158.1219818181818,214.74051818181815,BECCS,KY,Mt CO$_{2}$-eq,2025USD/t CO$_{2}$-eq,#BFBE43,132.59864545454542,93.70615454545452,159.50962090909087,145.75883454545453,158.1219818181818,214.74051818181815
258,0.15863576666666668,0.8002866666666668,1.5407810000000002,3.2655590000000005,6.208656666666667,7.894370000000001,217.59864545454542,178.70615454545452,159.50962090909087,145.75883454545453,155.0964927272727,215.04995454545448,BECCS,WI,Mt CO$_{2}$-eq,2025USD/t CO$_{2}$-eq,#BFBE43,132.59864545454542,93.70615454545452,159.50962090909087,145.75883454545453,155.0964927272727,215.04995454545448
116,0.1529542666666667,0.775016,1.5518836666666667,3.2537890000000003,5.86674,7.442746666666667,217.59864545454542,178.70615454545452,159.50962090909087,145.75883454545453,155.67826636363634,216.59380909090905,BECCS,MN,Mt CO$_{2}$-eq,2025USD/t CO$_{2}$-eq,#BFBE43,132.59864545454542,93.70615454545452,159.50962090909087,145.75883454545453,155.67826636363634,216.59380909090905
195,,,0.09693200000000002,0.23837440000000004,0.6622110000000001,2.3437186666666667,,,247.26294545454542,233.54792727272724,222.99548181818176,217.02635454545452,OEW,OR,Mt CO$_{2}$-eq,2025USD/t CO$_{2}$-eq,#698FC6,,,247.26294545454542,233.54792727272724,222.99548181818176,217.02635454545452
186,0.16326933333333335,0.8208383333333334,1.659526,3.4787646666666667,6.253536666666667,8.03066,217.59864545454542,178.70615454545452,159.50962090909087,145.75883454545453,156.35287090909088,218.00457272727266,BECCS,OK,Mt CO$_{2}$-eq,2025USD/t CO$_{2}$-eq,#BFBE43,132.59864545454542,93.70615454545452,159.50962090909087,145.75883454545453,156.35287090909088,218.00457272727266
72,0.16402100000000003,0.831061,1.6639113333333333,3.489445666666667,6.003873333333334,7.712576666666667,217.59864545454542,178.70615454545452,159.50962090909087,145.75883454545453,157.9915527272727,220.03587272727268,BECCS,IA,Mt CO$_{2}$-eq,2025USD/t CO$_{2}$-eq,#BFBE43,132.59864545454542,93.70615454545452,159.50962090909087,145.75883454545453,157.9915527272727,220.03587272727268
227,1.1451770000000001,2.8381833333333337,1.491116,2.827913,8.43216,37.77033333333333,334.1679818181817,288.19172727272723,273.24728181818176,253.69456363636357,236.95006363636358,220.88432727272723,DAC,TX,Mt CO$_{2}$-eq,2025USD/t CO$_{2}$-eq,#74A751,154.16798181818172,108.19172727272723,273.24728181818176,253.69456363636357,236.95006363636358,220.88432727272723
127,0.20244253333333334,1.0362000000000002,2.0481046666666667,4.323036666666667,6.443726666666667,8.395970000000002,217.59864545454542,178.70615454545452,159.50962090909087,145.75883454545453,163.59617727272723,222.83410909090907,BECCS,MO,Mt CO$_{2}$-eq,2025USD/t CO$_{2}$-eq,#BFBE43,132.59864545454542,93.70615454545452,159.50962090909087,145.75883454545453,163.59617727272723,222.83410909090907
92,,,0.3305786,0.9710653333333334,3.1391470000000004,9.038260000000001,,,257.02682727272725,227.02813636363632,214.34457272727272,223.66925454545452,TEW,LA,Mt CO$_{2}$-eq,2025USD/t CO$_{2}$-eq,#DD9452,,,257.02682727272725,227.02813636363632,214.34457272727272,223.66925454545452
111,0.22896903333333335,1.1633526666666667,2.320288666666667,4.392923333333334,6.7705366666666675,9.002106666666668,217.59864545454542,178.70615454545452,159.50962090909087,150.42383727272724,168.3117545454545,227.66530909090903,BECCS,MI,Mt CO$_{2}$-eq,2025USD/t CO$_{2}$-eq,#BFBE43,132.59864545454542,93.70615454545452,159.50962090909087,150.42383727272724,168.3117545454545,227.66530909090903
87,0.26697586666666673,1.3735333333333335,2.3051600000000003,4.1976,6.450583333333333,8.516713333333334,217.59864545454542,178.70615454545452,159.50962090909087,150.1293736363636,168.59623636363634,228.14443636363634,BECCS,LA,Mt CO$_{2}$-eq,2025USD/t CO$_{2}$-eq,#BFBE43,132.59864545454542,93.70615454545452,159.50962090909087,150.1293736363636,168.59623636363634,228.14443636363634
164,0.22741033333333335,1.1467573333333334,1.8344810000000003,3.69446,5.929586666666667,7.864376666666667,217.59864545454542,178.70615454545452,159.50962090909087,145.75883454545453,165.1826209090909,230.21899090909088,BECCS,NY,Mt CO$_{2}$-eq,2025USD/t CO$_{2}$-eq,#BFBE43,132.59864545454542,93.70615454545452,159.50962090909087,145.75883454545453,165.1826209090909,230.21899090909088
161,0.07759913333333333,0.18406043333333336,0.14841933333333335,0.30318896666666667,0.8643983333333334,3.353405,353.28815454545446,304.69999090909084,288.39801818181814,266.4646363636363,249.16281818181812,233.55957272727267,DAC,NM,Mt CO$_{2}$-eq,2025USD/t CO$_{2}$-eq,#74A751,173.28815454545446,124.69999090909084,288.39801818181814,266.4646363636363,249.16281818181812,233.55957272727267
29,0.13040463333333335,0.3106242333333334,0.25292043333333336,0.5171870000000001,1.3871733333333334,5.56611,353.28815454545446,304.69999090909084,288.39801818181814,266.4646363636363,249.16281818181812,233.55957272727267,DAC,CO,Mt CO$_{2}$-eq,2025USD/t CO$_{2}$-eq,#74A751,173.28815454545446,124.69999090909084,288.39801818181814,266.4646363636363,249.16281818181812,233.55957272727267
13,0.10843140000000001,0.25775053333333336,0.20882693333333335,0.427647,1.1811690000000001,4.484736666666667,353.28815454545446,304.69999090909084,288.39801818181814,266.4646363636363,249.16281818181812,233.55957272727267,DAC,AZ,Mt CO$_{2}$-eq,2025USD/t CO$_{2}$-eq,#74A751,173.28815454545446,124.69999090909084,288.39801818181814,266.4646363636363,249.16281818181812,233.55957272727267
265,0.09275603333333333,0.22066843333333336,0.17901033333333335,0.3665948,1.0271286666666668,3.937816666666667,353.28815454545446,304.69999090909084,288.39801818181814,266.4646363636363,249.16281818181812,233.55957272727267,DAC,WY,Mt CO$_{2}$-eq,2025USD/t CO$_{2}$-eq,#74A751,173.28815454545446,124.69999090909084,288.39801818181814,266.4646363636363,249.16281818181812,233.55957272727267
61,0.2904509666666667,1.4719283333333333,2.439712,4.31189,6.702813333333334,9.141110000000001,217.59864545454542,178.70615454545452,159.50962090909087,151.02424363636362,170.86543636363635,234.1817727272727,BECCS,IL,Mt CO$_{2}$-eq,2025USD/t CO$_{2}$-eq,#BFBE43,132.59864545454542,93.70615454545452,159.50962090909087,151.02424363636362,170.86543636363635,234.1817727272727
197,0.2898657666666667,1.4579363333333335,2.3808326666666666,4.226566666666667,6.600733333333334,9.009843333333334,217.59864545454542,178.70615454545452,159.50962090909087,151.4296718181818,172.09985454545452,235.4145272727272,BECCS,PA,Mt CO$_{2}$-eq,2025USD/t CO$_{2}$-eq,#BFBE43,132.59864545454542,93.70615454545452,159.50962090909087,151.4296718181818,172.09985454545452,235.4145272727272
67,0.28300836666666673,1.4393683333333334,2.8784506666666667,4.442826666666667,7.127596666666667,9.841113333333334,217.59864545454542,178.70615454545452,159.50962090909087,159.33543818181815,176.66819999999996,237.44582727272723,BECCS,IN,Mt CO$_{2}$-eq,2025USD/t CO$_{2}$-eq,#BFBE43,132.59864545454542,93.70615454545452,159.50962090909087,159.33543818181815,176.66819999999996,237.44582727272723
46,0.22838493333333337,0.45252533333333333,0.3831006666666667,0.726528,2.259832666666667,10.11879,357.23929090909087,315.2258181818181,298.18352727272725,276.95552727272724,252.33370909090905,237.63049090909087,DAC,FL,Mt CO$_{2}$-eq,2025USD/t CO$_{2}$-eq,#74A751,177.23929090909087,135.2258181818181,298.18352727272725,276.95552727272724,252.33370909090905,237.63049090909087
79,0.11072783333333334,0.26286773333333335,0.22204196666666667,0.45262066666666667,1.1693220000000002,4.466,354.4876363636363,305.8578818181818,288.39136363636356,266.9570727272727,253.23539999999994,238.45232727272722,DAC,KS,Mt CO$_{2}$-eq,2025USD/t CO$_{2}$-eq,#74A751,174.48763636363628,125.8578818181818,288.39136363636356,266.9570727272727,253.23539999999994,238.45232727272722
188,0.14330616666666668,0.33879046666666673,0.28080176666666673,0.5662433333333334,1.4718696666666669,6.136826666666668,354.4876363636363,305.8578818181818,288.39136363636356,266.9570727272727,253.23539999999994,238.45232727272722,DAC,OK,Mt CO$_{2}$-eq,2025USD/t CO$_{2}$-eq,#74A751,174.48763636363628,125.8578818181818,288.39136363636356,266.9570727272727,253.23539999999994,238.45232727272722
6,0.07943650000000001,0.36276643333333336,0.6470163333333334,1.1657506666666668,1.6877373333333334,1.9893096666666668,217.59864545454542,178.70615454545452,159.50962090909087,154.91116363636363,179.66607272727268,239.49043636363632,BECCS,AK,Mt CO$_{2}$-eq,2025USD/t CO$_{2}$-eq,#BFBE43,132.59864545454542,93.70615454545452,159.50962090909087,154.91116363636363,179.66607272727268,239.49043636363632
181,0.2975800666666667,1.509123,2.9983066666666667,4.45544,7.244490000000001,10.131036666666667,217.59864545454542,178.70615454545452,159.50962090909087,161.39468727272723,179.2168909090909,240.4553454545454,BECCS,OH,Mt CO$_{2}$-eq,2025USD/t CO$_{2}$-eq,#BFBE43,132.59864545454542,93.70615454545452,159.50962090909087,161.39468727272723,179.2168909090909,240.4553454545454
44,0.27270686666666666,1.3598860000000002,2.5026503333333334,4.294033333333334,6.825060000000001,9.63138,217.59864545454542,178.70615454545452,159.50962090909087,153.18148090909088,174.56869090909086,241.57330909090905,BECCS,FL,Mt CO$_{2}$-eq,2025USD/t CO$_{2}$-eq,#BFBE43,132.59864545454542,93.70615454545452,159.50962090909087,153.18148090909088,174.56869090909086,241.57330909090905
144,0.03799546666666667,0.08668843333333334,0.08279663333333334,0.1703339,0.4665796666666667,1.8318703333333335,365.7504545454545,315.35890909090904,293.46212727272723,271.0379727272727,257.51759999999996,242.65134545454544,DAC,NV,Mt CO$_{2}$-eq,2025USD/t CO$_{2}$-eq,#74A751,185.7504545454545,135.35890909090904,293.46212727272723,271.0379727272727,257.51759999999996,242.65134545454544
58,0.029864156666666673,0.0681098,0.0650903,0.1340416,0.3678913333333334,1.488149666666667,365.7504545454545,315.35890909090904,293.46212727272723,271.0379727272727,257.51759999999996,242.65134545454544,DAC,ID,Mt CO$_{2}$-eq,2025USD/t CO$_{2}$-eq,#74A751,185.7504545454545,135.35890909090904,293.46212727272723,271.0379727272727,257.51759999999996,242.65134545454544
134,0.0418803,0.09603476666666667,0.09200803333333334,0.1882367666666667,0.513062,2.013850666666667,365.7504545454545,315.35890909090904,293.46212727272723,271.0379727272727,257.51759999999996,242.65134545454544,DAC,MT,Mt CO$_{2}$-eq,2025USD/t CO$_{2}$-eq,#74A751,185.7504545454545,135.35890909090904,293.46212727272723,271.0379727272727,257.51759999999996,242.65134545454544
233,0.061633733333333336,0.1413654,0.1356699666666667,0.2785786666666667,0.7704766666666668,2.7882983333333335,365.7504545454545,315.35890909090904,293.46212727272723,271.0379727272727,257.51759999999996,242.65134545454544,DAC,UT,Mt CO$_{2}$-eq,2025USD/t CO$_{2}$-eq,#74A751,185.7504545454545,135.35890909090904,293.46212727272723,271.0379727272727,257.51759999999996,242.65134545454544
193,0.041268700000000005,0.09432646666666666,0.07682803333333334,0.15151913333333336,0.4267596666666667,1.6624776666666667,366.4109181818181,315.999409090909,294.07268181818176,271.6285636363636,258.16641818181813,243.34840909090903,DAC,OR,Mt CO$_{2}$-eq,2025USD/t CO$_{2}$-eq,#74A751,186.4109181818181,135.999409090909,294.07268181818176,271.6285636363636,258.16641818181813,243.34840909090903
249,0.07415503333333333,0.16900326666666668,0.1380467,0.27293163333333337,0.7729443333333333,2.9832880000000004,366.4109181818181,315.999409090909,294.07268181818176,271.6285636363636,258.16641818181813,243.34840909090903,DAC,WA,Mt CO$_{2}$-eq,2025USD/t CO$_{2}$-eq,#74A751,186.4109181818181,135.999409090909,294.07268181818176,271.6285636363636,258.16641818181813,243.34840909090903
69,0.2018984,0.43975800000000004,0.41884333333333335,0.8165153333333334,2.105785,8.394833333333333,366.96989999999994,319.1320363636363,303.26427272727267,280.2495272727272,265.25849999999997,250.3656272727272,DAC,IN,Mt CO$_{2}$-eq,2025USD/t CO$_{2}$-eq,#74A751,186.96989999999994,139.1320363636363,303.26427272727267,280.2495272727272,265.25849999999997,250.3656272727272
255,0.09823696666666668,0.21276676666666666,0.20163550000000002,0.41712733333333335,1.1155320000000002,4.183996666666666,366.96989999999994,319.1320363636363,303.26427272727267,280.2495272727272,265.25849999999997,250.3656272727272,DAC,WV,Mt CO$_{2}$-eq,2025USD/t CO$_{2}$-eq,#74A751,186.96989999999994,139.1320363636363,303.26427272727267,280.2495272727272,265.25849999999997,250.3656272727272
84,0.12571826666666666,0.27412440000000005,0.261987,0.5379659999999999,1.3628156666666666,5.159770000000001,366.96989999999994,319.1320363636363,303.26427272727267,280.2495272727272,265.25849999999997,250.3656272727272,DAC,KY,Mt CO$_{2}$-eq,2025USD/t CO$_{2}$-eq,#74A751,186.96989999999994,139.1320363636363,303.26427272727267,280.2495272727272,265.25849999999997,250.3656272727272
113,0.1633467,0.3554276,0.3376255666666667,0.6793123333333333,1.7296473333333333,6.76874,366.96989999999994,319.1320363636363,303.26427272727267,280.2495272727272,265.25849999999997,250.3656272727272,DAC,MI,Mt CO$_{2}$-eq,2025USD/t CO$_{2}$-eq,#74A751,186.96989999999994,139.1320363636363,303.26427272727267,280.2495272727272,265.25849999999997,250.3656272727272
183,0.2122937666666667,0.4610686666666667,0.4362856666666667,0.850993,2.234287,8.974863333333335,366.96989999999994,319.1320363636363,303.26427272727267,280.2495272727272,265.25849999999997,250.3656272727272,DAC,OH,Mt CO$_{2}$-eq,2025USD/t CO$_{2}$-eq,#74A751,186.96989999999994,139.1320363636363,303.26427272727267,280.2495272727272,265.25849999999997,250.3656272727272
118,0.11310896666666669,0.2512436666666667,0.22908123333333336,0.4659453333333333,1.1776160000000002,4.751926666666667,364.74395454545447,316.4086636363636,301.816909090909,278.60252727272723,265.8840272727272,251.53682727272724,DAC,MN,Mt CO$_{2}$-eq,2025USD/t CO$_{2}$-eq,#74A751,184.74395454545447,136.4086636363636,301.816909090909,278.60252727272723,265.8840272727272,251.53682727272724
139,0.0854821,0.1907326666666667,0.17720303333333334,0.3647805333333333,0.9334196666666666,3.409395,364.74395454545447,316.4086636363636,301.816909090909,278.60252727272723,265.8840272727272,251.53682727272724,DAC,NE,Mt CO$_{2}$-eq,2025USD/t CO$_{2}$-eq,#74A751,184.74395454545447,136.4086636363636,301.816909090909,278.60252727272723,265.8840272727272,251.53682727272724
217,0.03793056666666667,0.08460833333333333,0.07849710000000001,0.16149063333333336,0.4361976666666667,1.5756106666666667,364.74395454545447,316.4086636363636,301.816909090909,278.60252727272723,265.8840272727272,251.53682727272724,DAC,SD,Mt CO$_{2}$-eq,2025USD/t CO$_{2}$-eq,#74A751,184.74395454545447,136.4086636363636,301.816909090909,278.60252727272723,265.8840272727272,251.53682727272724
74,0.1212926,0.2694127333333334,0.24561826666666667,0.49969333333333343,1.259665,5.16274,364.74395454545447,316.4086636363636,301.816909090909,278.60252727272723,265.8840272727272,251.53682727272724,DAC,IA,Mt CO$_{2}$-eq,2025USD/t CO$_{2}$-eq,#74A751,184.74395454545447,136.4086636363636,301.816909090909,278.60252727272723,265.8840272727272,251.53682727272724
178,0.08375620000000002,0.1868119,0.17331233333333335,0.3568488,0.9174403333333334,3.336402666666667,364.74395454545447,316.4086636363636,301.816909090909,278.60252727272723,265.8840272727272,251.53682727272724,DAC,ND,Mt CO$_{2}$-eq,2025USD/t CO$_{2}$-eq,#74A751,184.74395454545447,136.4086636363636,301.816909090909,278.60252727272723,265.8840272727272,251.53682727272724
222,0.10098953333333334,0.21320200000000003,0.21517503333333335,0.4368870000000001,1.1229166666666668,4.091853333333334,367.66363636363633,321.50770909090903,302.75353636363633,281.2410545454545,266.08199999999994,251.91114545454542,DAC,TN,Mt CO$_{2}$-eq,2025USD/t CO$_{2}$-eq,#74A751,187.66363636363633,141.50770909090903,302.75353636363633,281.2410545454545,266.08199999999994,251.91114545454542
18,0.08341336666666668,0.17648546666666667,0.17994313333333334,0.3657833666666667,0.9596363333333333,3.3870723333333337,367.66363636363633,321.50770909090903,302.75353636363633,281.2410545454545,266.08199999999994,251.91114545454542,DAC,AR,Mt CO$_{2}$-eq,2025USD/t CO$_{2}$-eq,#74A751,187.66363636363633,141.50770909090903,302.75353636363633,281.2410545454545,266.08199999999994,251.91114545454542
211,0.06300653333333334,0.13124833333333336,0.1104895,0.21175366666666667,0.603702,2.227423,368.33907272727265,322.1615181818181,303.372409090909,281.83663636363633,266.7324818181818,252.6098727272727,DAC,SC,Mt CO$_{2}$-eq,2025USD/t CO$_{2}$-eq,#74A751,188.33907272727265,142.1615181818181,303.372409090909,281.83663636363633,266.7324818181818,252.6098727272727
52,0.11363183333333335,0.23811260000000004,0.20156363333333333,0.38735400000000003,1.038675,3.9163300000000003,368.33907272727265,322.1615181818181,303.372409090909,281.83663636363633,266.7324818181818,252.6098727272727,DAC,GA,Mt CO$_{2}$-eq,2025USD/t CO$_{2}$-eq,#74A751,188.33907272727265,142.1615181818181,303.372409090909,281.83663636363633,266.7324818181818,252.6098727272727
243,0.09403606666666668,0.19501496666666668,0.16417316666666668,0.3160373333333334,0.87483,3.3284863333333337,368.33907272727265,322.1615181818181,303.372409090909,281.83663636363633,266.7324818181818,252.6098727272727,DAC,VA,Mt CO$_{2}$-eq,2025USD/t CO$_{2}$-eq,#74A751,188.33907272727265,142.1615181818181,303.372409090909,281.83663636363633,266.7324818181818,252.6098727272727
2,0.10488573333333334,0.2203611666666667,0.18681556666666668,0.36008683333333336,0.9719196666666667,3.559024333333334,368.33907272727265,322.1615181818181,303.372409090909,281.83663636363633,266.7324818181818,252.6098727272727,DAC,AL,Mt CO$_{2}$-eq,2025USD/t CO$_{2}$-eq,#74A751,188.33907272727265,142.1615181818181,303.372409090909,281.83663636363633,266.7324818181818,252.6098727272727
89,0.18633780000000003,0.3933746666666667,0.33506623333333335,0.6344653333333333,1.6289680000000002,6.27407,368.33907272727265,322.1615181818181,303.372409090909,281.83663636363633,266.7324818181818,252.6098727272727,DAC,LA,Mt CO$_{2}$-eq,2025USD/t CO$_{2}$-eq,#74A751,188.33907272727265,142.1615181818181,303.372409090909,281.83663636363633,266.7324818181818,252.6098727272727
123,0.0647559,0.13648543333333335,0.11615926666666668,0.2243549,0.644028,2.2263963333333336,368.33907272727265,322.1615181818181,303.372409090909,281.83663636363633,266.7324818181818,252.6098727272727,DAC,MS,Mt CO$_{2}$-eq,2025USD/t CO$_{2}$-eq,#74A751,188.33907272727265,142.1615181818181,303.372409090909,281.83663636363633,266.7324818181818,252.6098727272727
172,0.10657570000000001,0.22102116666666669,0.1853786,0.35496743333333336,0.968187,3.780333333333333,368.33907272727265,322.1615181818181,303.372409090909,281.83663636363633,266.7324818181818,252.6098727272727,DAC,NC,Mt CO$_{2}$-eq,2025USD/t CO$_{2}$-eq,#74A751,188.33907272727265,142.1615181818181,303.372409090909,281.83663636363633,266.7324818181818,252.6098727272727
21,0.4937386666666667,2.4885703333333336,3.991936666666667,4.592646666666667,7.95223,11.805053333333333,217.59864545454542,178.70615454545452,160.17124909090904,173.6503636363636,193.22803636363633,258.51411818181816,BECCS,CA,Mt CO$_{2}$-eq,2025USD/t CO$_{2}$-eq,#BFBE43,132.59864545454542,93.70615454545452,160.17124909090904,173.6503636363636,193.22803636363633,258.51411818181816
129,0.1227941,0.25861733333333337,0.2796794,0.5745703333333334,1.346884,5.133956666666667,377.35930909090905,328.83269999999993,309.7541181818181,285.6164181818181,275.6612181818181,262.5367909090909,DAC,MO,Mt CO$_{2}$-eq,2025USD/t CO$_{2}$-eq,#74A751,197.35930909090905,148.83269999999993,309.7541181818181,285.6164181818181,275.6612181818181,262.5367909090909
260,0.0962225,0.1997372666666667,0.21040213333333335,0.43402333333333337,1.1058006666666669,4.338766666666667,377.35930909090905,328.83269999999993,309.7541181818181,285.6164181818181,275.6612181818181,262.5367909090909,DAC,WI,Mt CO$_{2}$-eq,2025USD/t CO$_{2}$-eq,#74A751,197.35930909090905,148.83269999999993,309.7541181818181,285.6164181818181,275.6612181818181,262.5367909090909
63,0.17617673333333334,0.36736700000000005,0.33315553333333336,0.6374683333333334,1.5962283333333336,6.487690000000001,377.35930909090905,328.83269999999993,309.7541181818181,285.6164181818181,275.6612181818181,262.5367909090909,DAC,IL,Mt CO$_{2}$-eq,2025USD/t CO$_{2}$-eq,#74A751,197.35930909090905,148.83269999999993,309.7541181818181,285.6164181818181,275.6612181818181,262.5367909090909
199,0.16077160000000001,0.32123666666666667,0.31212903333333336,0.5951366666666668,1.5639873333333334,6.211443333333333,383.33509090909087,335.1461999999999,313.99139999999994,291.0714818181818,278.1217363636363,266.48626363636356,DAC,PA,Mt CO$_{2}$-eq,2025USD/t CO$_{2}$-eq,#74A751,203.33509090909087,155.1461999999999,313.99139999999994,291.0714818181818,278.1217363636363,266.48626363636356
40,,,,,0.09192003333333335,0.387761,,,,,278.73561818181815,267.1666909090909,DAC,DE,Mt CO$_{2}$-eq,2025USD/t CO$_{2}$-eq,#74A751,,,,,278.73561818181815,267.1666909090909
155,0.0715297,0.14218086666666668,0.14040986666666666,0.27247953333333336,0.7753680000000001,3.1198273333333337,383.983909090909,335.7667363636363,314.5736727272727,291.6304636363636,278.73561818181815,267.1666909090909,DAC,NJ,Mt CO$_{2}$-eq,2025USD/t CO$_{2}$-eq,#74A751,203.98390909090898,155.7667363636363,314.5736727272727,291.6304636363636,278.73561818181815,267.1666909090909
101,0.041652966666666666,0.08257590000000001,0.0814671,0.1569472666666667,0.43301500000000004,1.6344020000000001,383.983909090909,335.7667363636363,314.5736727272727,291.6304636363636,278.73561818181815,267.1666909090909,DAC,MD,Mt CO$_{2}$-eq,2025USD/t CO$_{2}$-eq,#74A751,203.98390909090898,155.7667363636363,314.5736727272727,291.6304636363636,278.73561818181815,267.1666909090909
23,0.27921630000000003,0.5712373333333334,0.5472573333333334,1.0335783333333335,2.782373,10.645873333333334,382.0241454545454,333.0433636363636,310.6325181818181,285.48332727272725,274.21718181818176,267.57428181818176,DAC,CA,Mt CO$_{2}$-eq,2025USD/t CO$_{2}$-eq,#74A751,202.02414545454542,153.0433636363636,310.6325181818181,285.48332727272725,274.21718181818176,267.57428181818176
152,,,0.03506979666666667,0.0974875,0.28458906666666667,0.44970200000000005,,,217.9812818181818,197.22741818181817,201.80574545454542,277.54279090909085,TEW,NH,Mt CO$_{2}$-eq,2025USD/t CO$_{2}$-eq,#DD9452,,,217.9812818181818,197.22741818181817,201.80574545454542,277.54279090909085
257,,,0.3719466666666667,1.0166786666666667,2.4839870000000004,2.997265333333334,,,208.5617727272727,193.31620909090904,203.1316636363636,279.81199090909087,TEW,WV,Mt CO$_{2}$-eq,2025USD/t CO$_{2}$-eq,#DD9452,,,208.5617727272727,193.31620909090904,203.1316636363636,279.81199090909087
225,0.708389,2.472154666666667,5.062346666666667,5.918696666666667,11.154806666666667,18.432773333333333,228.61025454545452,198.2871545454545,181.8071727272727,198.33040909090906,215.84849999999997,280.5556363636363,BECCS,TX,Mt CO$_{2}$-eq,2025USD/t CO$_{2}$-eq,#BFBE43,143.61025454545452,113.28715454545451,181.8071727272727,198.33040909090906,215.84849999999997,280.5556363636363
166,0.10829316666666668,0.21272240000000003,0.22474100000000002,0.436238,1.0917756666666667,4.269063333333333,393.9374454545454,344.30784545454543,321.1666636363636,297.10549090909086,290.3544545454545,282.21760909090904,DAC,NY,Mt CO$_{2}$-eq,2025USD/t CO$_{2}$-eq,#74A751,213.9374454545454,164.30784545454543,321.1666636363636,297.10549090909086,290.3544545454545,282.21760909090904
238,,,,,,0.16417830000000003,,,,,,332.50101818181815,DAC,VT,Mt CO$_{2}$-eq,2025USD/t CO$_{2}$-eq,#74A751,,,,,,332.50101818181815
107,0.02822416666666667,0.05120793333333334,0.0650661,0.1259676,0.32619180000000003,0.949014,425.44838181818176,373.9238999999999,350.9973272727272,326.94280909090907,327.5483727272727,334.30439999999993,DAC,MA,Mt CO$_{2}$-eq,2025USD/t CO$_{2}$-eq,#74A751,245.44838181818176,193.9238999999999,350.9973272727272,326.94280909090907,327.5483727272727,334.30439999999993
149,,,,,0.06655696666666666,0.25732923333333335,,,,,327.5483727272727,334.30439999999993,DAC,NH,Mt CO$_{2}$-eq,2025USD/t CO$_{2}$-eq,#74A751,,,,,327.5483727272727,334.30439999999993
95,,,,,0.0728651,0.25820483333333333,,,,,327.5483727272727,334.30439999999993,DAC,ME,Mt CO$_{2}$-eq,2025USD/t CO$_{2}$-eq,#74A751,,,,,327.5483727272727,334.30439999999993
34,0.0162547,0.02937267666666667,0.03725003333333334,0.07166536666666667,0.18823493333333335,0.5866153333333334,425.44838181818176,373.9238999999999,350.9973272727272,326.94280909090907,327.5483727272727,334.30439999999993,DAC,CT,Mt CO$_{2}$-eq,2025USD/t CO$_{2}$-eq,#74A751,245.44838181818176,193.9238999999999,350.9973272727272,326.94280909090907,327.5483727272727,334.30439999999993
205,,,,,0.05899446666666667,0.23176120000000003,,,,,327.5483727272727,334.30439999999993,DAC,RI,Mt CO$_{2}$-eq,2025USD/t CO$_{2}$-eq,#74A751,,,,,327.5483727272727,334.30439999999993
158,,,0.32719060000000005,0.7525356666666667,1.2210073333333336,1.4275726666666668,,,200.12713636363634,192.95852727272725,239.58193636363632,346.7051454545454,TEW,NJ,Mt CO$_{2}$-eq,2025USD/t CO$_{2}$-eq,#DD9452,,,200.12713636363634,192.95852727272725,239.58193636363632,346.7051454545454
37,,,0.09552766666666668,0.22618933333333335,0.410795,0.48013166666666673,,,216.28270909090907,206.90978181818178,252.5233636363636,357.38735454545446,TEW,CT,Mt CO$_{2}$-eq,2025USD/t CO$_{2}$-eq,#DD9452,,,216.28270909090907,206.90978181818178,252.5233636363636,357.38735454545446
110,,,0.15392740000000002,0.3558100333333334,0.5908356666666668,0.687698,,,222.1769727272727,214.70890909090906,268.7072181818181,372.1920545454545,TEW,MA,Mt CO$_{2}$-eq,2025USD/t CO$_{2}$-eq,#DD9452,,,222.1769727272727,214.70890909090906,268.7072181818181,372.1920545454545
10,,,,0.06560106666666667,0.1493481,0.435248,,,,404.2486636363636,403.18060909090906,397.4443909090908,OEW,AK,Mt CO$_{2}$-eq,2025USD/t CO$_{2}$-eq,#698FC6,,,,404.2486636363636,403.18060909090906,397.4443909090908
208,,,,0.05602776666666667,0.08380753333333335,0.10198723333333334,,,,221.18211818181817,291.3759272727272,439.5160909090908,TEW,RI,Mt CO$_{2}$-eq,2025USD/t CO$_{2}$-eq,#DD9452,,,,221.18211818181817,291.3759272727272,439.5160909090908
8,,,,0.042840966666666674,0.09140633333333334,0.2317241666666667,,,,465.9412909090908,474.8700272727272,490.3784454545454,DAC,AK,Mt CO$_{2}$-eq,2025USD/t CO$_{2}$-eq,#74A751,,,,465.9412909090908,474.8700272727272,490.3784454545454
